ISO-10303-21;
HEADER;
/* Generated by software containing ST-Developer
 * from STEP Tools, Inc. (www.steptools.com) 
 */

FILE_DESCRIPTION(
/* description */ (''),
/* implementation_level */ '2;1');

FILE_NAME(
/* name */ 'Switch Analog v2.step',
/* time_stamp */ '2024-11-06T10:17:31-07:00',
/* author */ (''),
/* organization */ (''),
/* preprocessor_version */ 'ST-DEVELOPER v20',
/* originating_system */ 'Autodesk Translation Framework v13.20.0.188',

/* authorisation */ '');

FILE_SCHEMA (('AUTOMOTIVE_DESIGN { 1 0 10303 214 3 1 1 }'));
ENDSEC;

DATA;
#10=MECHANICAL_DESIGN_GEOMETRIC_PRESENTATION_REPRESENTATION('',(#74,#75,
#76,#77,#78,#79,#80,#81,#82,#83,#84,#85,#86,#87,#88,#89,#90),#16991);
#11=SHAPE_REPRESENTATION_RELATIONSHIP('SRR','None',#16998,#12);
#12=ADVANCED_BREP_SHAPE_REPRESENTATION('',(#91,#92,#93,#94,#95,#96,#97,
#98,#99,#100,#101,#102,#103,#104,#105),#16990);
#13=CONICAL_SURFACE('',#9792,2.1,0.785398163397448);
#14=SPHERICAL_SURFACE('',#9695,0.15);
#15=SPHERICAL_SURFACE('',#9785,5.);
#16=SPHERICAL_SURFACE('',#9797,4.9);
#17=SPHERICAL_SURFACE('',#9812,0.15);
#18=SPHERICAL_SURFACE('',#9817,0.15);
#19=SPHERICAL_SURFACE('',#9821,0.15);
#20=SPHERICAL_SURFACE('',#9826,0.15);
#21=SPHERICAL_SURFACE('',#9827,0.15);
#22=SPHERICAL_SURFACE('',#9839,0.15);
#23=SPHERICAL_SURFACE('',#9844,0.15);
#24=SPHERICAL_SURFACE('',#9850,0.15);
#25=SPHERICAL_SURFACE('',#9853,0.15);
#26=SPHERICAL_SURFACE('',#9857,0.15);
#27=SPHERICAL_SURFACE('',#9861,0.15);
#28=SPHERICAL_SURFACE('',#9866,0.15);
#29=SPHERICAL_SURFACE('',#9869,0.15);
#30=SPHERICAL_SURFACE('',#9886,0.15);
#31=(
BOUNDED_SURFACE()
B_SPLINE_SURFACE(2,2,((#14377,#14378,#14379),(#14380,#14381,#14382),(#14383,
#14384,#14385)),.UNSPECIFIED.,.F.,.F.,.F.)
B_SPLINE_SURFACE_WITH_KNOTS((3,3),(3,3),(-0.565817134069614,4.38993351904789E-14),
(-1.5707963267949,-1.00536691914405),.UNSPECIFIED.)
GEOMETRIC_REPRESENTATION_ITEM()
RATIONAL_B_SPLINE_SURFACE(((1.,0.960301674192907,1.),(0.960247575367418,
0.922127354265011,0.960247575367418),(1.,0.960301674192907,1.)))
REPRESENTATION_ITEM('')
SURFACE()
);
#32=(
BOUNDED_SURFACE()
B_SPLINE_SURFACE(2,2,((#14394,#14395,#14396),(#14397,#14398,#14399),(#14400,
#14401,#14402)),.UNSPECIFIED.,.F.,.F.,.F.)
B_SPLINE_SURFACE_WITH_KNOTS((3,3),(3,3),(-1.5707963267949,3.70568432785432E-14),
(-3.14159265358981,-1.57079632679437),.UNSPECIFIED.)
GEOMETRIC_REPRESENTATION_ITEM()
RATIONAL_B_SPLINE_SURFACE(((1.,0.707106781186359,1.),(0.707106781186541,
0.499999999999862,0.707106781186541),(1.,0.707106781186359,1.)))
REPRESENTATION_ITEM('')
SURFACE()
);
#33=(
BOUNDED_SURFACE()
B_SPLINE_SURFACE(2,2,((#14414,#14415,#14416),(#14417,#14418,#14419),(#14420,
#14421,#14422)),.UNSPECIFIED.,.F.,.F.,.F.)
B_SPLINE_SURFACE_WITH_KNOTS((3,3),(3,3),(-1.5707963267949,4.44682119342519E-14),
(-3.14159265358981,-1.57079632679437),.UNSPECIFIED.)
GEOMETRIC_REPRESENTATION_ITEM()
RATIONAL_B_SPLINE_SURFACE(((1.,0.707106781186359,1.),(0.707106781186528,
0.499999999999853,0.707106781186528),(1.,0.707106781186359,1.)))
REPRESENTATION_ITEM('')
SURFACE()
);
#34=(
BOUNDED_SURFACE()
B_SPLINE_SURFACE(2,2,((#14424,#14425,#14426),(#14427,#14428,#14429),(#14430,
#14431,#14432)),.UNSPECIFIED.,.F.,.F.,.F.)
B_SPLINE_SURFACE_WITH_KNOTS((3,3),(3,3),(-0.741003133814736,0.),(-0.740485066723303,
5.18849905346567E-16),.UNSPECIFIED.)
GEOMETRIC_REPRESENTATION_ITEM()
RATIONAL_B_SPLINE_SURFACE(((1.,0.932239614379674,1.),(0.932145854007254,
0.868983291485335,0.932145854007254),(1.,0.932239614379674,1.)))
REPRESENTATION_ITEM('')
SURFACE()
);
#35=(
BOUNDED_SURFACE()
B_SPLINE_SURFACE(2,2,((#14434,#14435,#14436),(#14437,#14438,#14439),(#14440,
#14441,#14442)),.UNSPECIFIED.,.F.,.F.,.F.)
B_SPLINE_SURFACE_WITH_KNOTS((3,3),(3,3),(-1.5707963267949,5.18803390922857E-14),
(-3.74644774283128E-12,1.5707963267949),.UNSPECIFIED.)
GEOMETRIC_REPRESENTATION_ITEM()
RATIONAL_B_SPLINE_SURFACE(((1.,0.707106781185223,1.),(0.707106781186539,
0.499999999999057,0.707106781186539),(1.,0.707106781185223,1.)))
REPRESENTATION_ITEM('')
SURFACE()
);
#36=(
BOUNDED_SURFACE()
B_SPLINE_SURFACE(2,2,((#14473,#14474,#14475),(#14476,#14477,#14478),(#14479,
#14480,#14481)),.UNSPECIFIED.,.F.,.F.,.F.)
B_SPLINE_SURFACE_WITH_KNOTS((3,3),(3,3),(-1.5707963267949,3.70568432785432E-14),
(1.5707963267949,3.14159265358981),.UNSPECIFIED.)
GEOMETRIC_REPRESENTATION_ITEM()
RATIONAL_B_SPLINE_SURFACE(((1.,0.707106781186543,1.),(0.707106781186533,
0.499999999999987,0.707106781186533),(1.,0.707106781186543,1.)))
REPRESENTATION_ITEM('')
SURFACE()
);
#37=ELLIPSE('',#9529,0.158113883008419,0.15);
#38=ELLIPSE('',#9530,0.158113883008419,0.15);
#39=ELLIPSE('',#9677,0.21184919164349,0.1498);
#40=ELLIPSE('',#9692,0.212132034355964,0.15);
#41=ELLIPSE('',#9743,0.212132034355963,0.15);
#42=ELLIPSE('',#9801,0.212132034355964,0.15);
#43=ELLIPSE('',#9807,0.212132034355964,0.15);
#44=ELLIPSE('',#9809,0.212132034355964,0.15);
#45=ELLIPSE('',#9843,0.212132034355965,0.15);
#46=ELLIPSE('',#9849,0.212132034355965,0.15);
#47=ELLIPSE('',#9874,0.212132034355964,0.15);
#48=ELLIPSE('',#9892,0.212132034355964,0.15);
#49=ELLIPSE('',#9894,0.212132034355965,0.15);
#50=ELLIPSE('',#9897,0.212132034355964,0.15);
#51=ELLIPSE('',#9905,0.212132034355964,0.15);
#52=ELLIPSE('',#9908,0.212132034355964,0.15);
#53=B_SPLINE_SURFACE_WITH_KNOTS('',3,3,((#13618,#13619,#13620,#13621),(#13622,
#13623,#13624,#13625),(#13626,#13627,#13628,#13629),(#13630,#13631,#13632,
#13633),(#13634,#13635,#13636,#13637)),.UNSPECIFIED.,.F.,.F.,.F.,(4,1,4),
(4,4),(0.,0.571428571428571,1.),(0.,1.57079632679487),.UNSPECIFIED.);
#54=B_SPLINE_SURFACE_WITH_KNOTS('',3,3,((#13939,#13940,#13941,#13942,#13943,
#13944,#13945,#13946,#13947),(#13948,#13949,#13950,#13951,#13952,#13953,
#13954,#13955,#13956),(#13957,#13958,#13959,#13960,#13961,#13962,#13963,
#13964,#13965),(#13966,#13967,#13968,#13969,#13970,#13971,#13972,#13973,
#13974),(#13975,#13976,#13977,#13978,#13979,#13980,#13981,#13982,#13983)),
 .UNSPECIFIED.,.F.,.F.,.F.,(4,1,4),(4,1,1,1,1,1,4),(0.,0.5,1.),(-5.38844424950793,
-5.13185166619803,-4.87525908288813,-4.61866649957823,-4.10548133295842,
-3.84888874964852,-3.59229616633862),.UNSPECIFIED.);
#55=B_SPLINE_SURFACE_WITH_KNOTS('',3,3,((#14652,#14653,#14654,#14655,#14656),
(#14657,#14658,#14659,#14660,#14661),(#14662,#14663,#14664,#14665,#14666),
(#14667,#14668,#14669,#14670,#14671),(#14672,#14673,#14674,#14675,#14676)),
 .UNSPECIFIED.,.F.,.F.,.F.,(4,1,4),(4,1,4),(0.,0.571428571428571,1.),(0.00305083425668879,
0.0123061515617011,0.0246465746350508),.UNSPECIFIED.);
#56=B_SPLINE_SURFACE_WITH_KNOTS('',3,3,((#14709,#14710,#14711,#14712),(#14713,
#14714,#14715,#14716),(#14717,#14718,#14719,#14720),(#14721,#14722,#14723,
#14724),(#14725,#14726,#14727,#14728)),.UNSPECIFIED.,.F.,.F.,.F.,(4,1,4),
(4,4),(0.,0.571428571428571,1.),(0.2032797656343,0.261863520775886),
 .UNSPECIFIED.);
#57=B_SPLINE_SURFACE_WITH_KNOTS('',3,3,((#14775,#14776,#14777,#14778,#14779),
(#14780,#14781,#14782,#14783,#14784),(#14785,#14786,#14787,#14788,#14789),
(#14790,#14791,#14792,#14793,#14794),(#14795,#14796,#14797,#14798,#14799)),
 .UNSPECIFIED.,.F.,.F.,.F.,(4,1,4),(4,1,4),(0.,0.571428571428571,1.),(0.,
0.00925531730501978,0.0215957403783795),.UNSPECIFIED.);
#58=B_SPLINE_SURFACE_WITH_KNOTS('',3,3,((#15030,#15031,#15032,#15033,#15034),
(#15035,#15036,#15037,#15038,#15039),(#15040,#15041,#15042,#15043,#15044),
(#15045,#15046,#15047,#15048,#15049),(#15050,#15051,#15052,#15053,#15054)),
 .UNSPECIFIED.,.F.,.F.,.F.,(4,1,4),(4,1,4),(0.,0.571428571428571,1.),(0.00305083425669458,
0.0123061515617043,0.0246465746350507),.UNSPECIFIED.);
#59=B_SPLINE_SURFACE_WITH_KNOTS('',3,3,((#15073,#15074,#15075,#15076),(#15077,
#15078,#15079,#15080),(#15081,#15082,#15083,#15084),(#15085,#15086,#15087,
#15088),(#15089,#15090,#15091,#15092)),.UNSPECIFIED.,.F.,.F.,.F.,(4,1,4),
(4,4),(0.,0.571428571428571,1.),(0.,0.0585909445942441),.UNSPECIFIED.);
#60=B_SPLINE_SURFACE_WITH_KNOTS('',3,3,((#15134,#15135,#15136,#15137,#15138),
(#15139,#15140,#15141,#15142,#15143),(#15144,#15145,#15146,#15147,#15148),
(#15149,#15150,#15151,#15152,#15153),(#15154,#15155,#15156,#15157,#15158)),
 .UNSPECIFIED.,.F.,.F.,.F.,(4,1,4),(4,1,4),(0.,0.571428571428571,1.),(0.00305083425669548,
0.0123061515617048,0.0246465746350505),.UNSPECIFIED.);
#61=B_SPLINE_SURFACE_WITH_KNOTS('',3,3,((#15183,#15184,#15185,#15186),(#15187,
#15188,#15189,#15190),(#15191,#15192,#15193,#15194),(#15195,#15196,#15197,
#15198),(#15199,#15200,#15201,#15202)),.UNSPECIFIED.,.F.,.F.,.F.,(4,1,4),
(4,4),(0.,0.571428571428571,1.),(0.,0.0585909445942443),.UNSPECIFIED.);
#62=B_SPLINE_SURFACE_WITH_KNOTS('',3,3,((#15244,#15245,#15246,#15247),(#15248,
#15249,#15250,#15251),(#15252,#15253,#15254,#15255),(#15256,#15257,#15258,
#15259),(#15260,#15261,#15262,#15263)),.UNSPECIFIED.,.F.,.F.,.F.,(4,1,4),
(4,4),(0.,0.571428571428571,1.),(0.2032797656343,0.261863520775886),
 .UNSPECIFIED.);
#63=B_SPLINE_SURFACE_WITH_KNOTS('',3,3,((#15305,#15306,#15307,#15308,#15309),
(#15310,#15311,#15312,#15313,#15314),(#15315,#15316,#15317,#15318,#15319),
(#15320,#15321,#15322,#15323,#15324),(#15325,#15326,#15327,#15328,#15329)),
 .UNSPECIFIED.,.F.,.F.,.F.,(4,1,4),(4,1,4),(0.,0.571428571428571,1.),(0.,
0.00925531730501975,0.0215957403783794),.UNSPECIFIED.);
#64=B_SPLINE_SURFACE_WITH_KNOTS('',3,3,((#15366,#15367,#15368,#15369),(#15370,
#15371,#15372,#15373),(#15374,#15375,#15376,#15377),(#15378,#15379,#15380,
#15381),(#15382,#15383,#15384,#15385)),.UNSPECIFIED.,.F.,.F.,.F.,(4,1,4),
(4,4),(0.,0.571428571428571,1.),(0.,0.0585909445942432),.UNSPECIFIED.);
#65=B_SPLINE_SURFACE_WITH_KNOTS('',3,3,((#15420,#15421,#15422,#15423),(#15424,
#15425,#15426,#15427),(#15428,#15429,#15430,#15431),(#15432,#15433,#15434,
#15435),(#15436,#15437,#15438,#15439)),.UNSPECIFIED.,.F.,.F.,.F.,(4,1,4),
(4,4),(0.,0.571428571428571,1.),(0.2032797656343,0.261863520775887),
 .UNSPECIFIED.);
#66=B_SPLINE_SURFACE_WITH_KNOTS('',3,3,((#15481,#15482,#15483,#15484,#15485),
(#15486,#15487,#15488,#15489,#15490),(#15491,#15492,#15493,#15494,#15495),
(#15496,#15497,#15498,#15499,#15500),(#15501,#15502,#15503,#15504,#15505)),
 .UNSPECIFIED.,.F.,.F.,.F.,(4,1,4),(4,1,4),(0.,0.571428571428571,1.),(3.3795675711769E-16,
0.00925531730502011,0.0215957403783798),.UNSPECIFIED.);
#67=B_SPLINE_SURFACE_WITH_KNOTS('',3,3,((#15548,#15549,#15550,#15551),(#15552,
#15553,#15554,#15555),(#15556,#15557,#15558,#15559),(#15560,#15561,#15562,
#15563),(#15564,#15565,#15566,#15567)),.UNSPECIFIED.,.F.,.F.,.F.,(4,1,4),
(4,4),(0.,0.571428571428571,1.),(0.2032797656343,0.261863520775886),
 .UNSPECIFIED.);
#68=B_SPLINE_SURFACE_WITH_KNOTS('',3,3,((#15609,#15610,#15611,#15612,#15613),
(#15614,#15615,#15616,#15617,#15618),(#15619,#15620,#15621,#15622,#15623),
(#15624,#15625,#15626,#15627,#15628),(#15629,#15630,#15631,#15632,#15633)),
 .UNSPECIFIED.,.F.,.F.,.F.,(4,1,4),(4,1,4),(0.,0.571428571428571,1.),(0.,
0.00925531730501987,0.0215957403783797),.UNSPECIFIED.);
#69=B_SPLINE_SURFACE_WITH_KNOTS('',3,3,((#15676,#15677,#15678,#15679,#15680),
(#15681,#15682,#15683,#15684,#15685),(#15686,#15687,#15688,#15689,#15690),
(#15691,#15692,#15693,#15694,#15695),(#15696,#15697,#15698,#15699,#15700)),
 .UNSPECIFIED.,.F.,.F.,.F.,(4,1,4),(4,1,4),(0.,0.571428571428571,1.),(0.00305083425666174,
0.0123061515616855,0.0246465746350506),.UNSPECIFIED.);
#70=B_SPLINE_SURFACE_WITH_KNOTS('',3,3,((#15719,#15720,#15721,#15722),(#15723,
#15724,#15725,#15726),(#15727,#15728,#15729,#15730),(#15731,#15732,#15733,
#15734),(#15735,#15736,#15737,#15738)),.UNSPECIFIED.,.F.,.F.,.F.,(4,1,4),
(4,4),(0.,0.571428571428571,1.),(9.85244425878574E-17,0.0585909445942436),
 .UNSPECIFIED.);
#71=B_SPLINE_SURFACE_WITH_KNOTS('',3,3,((#15816,#15817,#15818,#15819,#15820,
#15821,#15822,#15823),(#15824,#15825,#15826,#15827,#15828,#15829,#15830,
#15831),(#15832,#15833,#15834,#15835,#15836,#15837,#15838,#15839),(#15840,
#15841,#15842,#15843,#15844,#15845,#15846,#15847),(#15848,#15849,#15850,
#15851,#15852,#15853,#15854,#15855)),.UNSPECIFIED.,.F.,.F.,.F.,(4,1,4),
(4,1,1,1,1,4),(0.,0.5,1.),(-3.59229616633862,-3.33570358302872,-2.82251841640892,
-2.30933324978911,-2.05274066647921,-1.79614808316931),.UNSPECIFIED.);
#72=B_SPLINE_SURFACE_WITH_KNOTS('',3,3,((#15969,#15970,#15971,#15972),(#15973,
#15974,#15975,#15976),(#15977,#15978,#15979,#15980),(#15981,#15982,#15983,
#15984),(#15985,#15986,#15987,#15988),(#15989,#15990,#15991,#15992),(#15993,
#15994,#15995,#15996),(#15997,#15998,#15999,#16000),(#16001,#16002,#16003,
#16004),(#16005,#16006,#16007,#16008),(#16009,#16010,#16011,#16012),(#16013,
#16014,#16015,#16016),(#16017,#16018,#16019,#16020),(#16021,#16022,#16023,
#16024),(#16025,#16026,#16027,#16028)),.UNSPECIFIED.,.T.,.F.,.F.,(4,1,1,
1,1,1,1,1,1,1,1,1,4),(4,4),(0.,0.0833333333333333,0.166666666666667,0.25,
0.333333333333333,0.416666666666667,0.5,0.583333333333333,0.666666666666667,
0.75,0.833333333333333,0.916666666666667,1.),(0.,1.),.UNSPECIFIED.);
#73=B_SPLINE_SURFACE_WITH_KNOTS('',3,3,((#16043,#16044,#16045,#16046,#16047,
#16048,#16049,#16050,#16051,#16052),(#16053,#16054,#16055,#16056,#16057,
#16058,#16059,#16060,#16061,#16062),(#16063,#16064,#16065,#16066,#16067,
#16068,#16069,#16070,#16071,#16072),(#16073,#16074,#16075,#16076,#16077,
#16078,#16079,#16080,#16081,#16082),(#16083,#16084,#16085,#16086,#16087,
#16088,#16089,#16090,#16091,#16092)),.UNSPECIFIED.,.F.,.T.,.F.,(4,1,4),
(4,1,1,1,1,1,1,4),(0.,0.571428571428571,1.),(0.,0.167894968227812,0.335789936455623,
0.503684904683435,0.671579872911246,0.839474841139058,1.00736980936687,
1.17526477759468),.UNSPECIFIED.);
#74=STYLED_ITEM('',(#17008),#91);
#75=STYLED_ITEM('',(#17009),#8866);
#76=STYLED_ITEM('',(#17009),#8869);
#77=STYLED_ITEM('',(#17007),#92);
#78=STYLED_ITEM('',(#17010),#93);
#79=STYLED_ITEM('',(#17008),#94);
#80=STYLED_ITEM('',(#17008),#95);
#81=STYLED_ITEM('',(#17008),#96);
#82=STYLED_ITEM('',(#17008),#97);
#83=STYLED_ITEM('',(#17008),#98);
#84=STYLED_ITEM('',(#17008),#99);
#85=STYLED_ITEM('',(#17008),#100);
#86=STYLED_ITEM('',(#17008),#101);
#87=STYLED_ITEM('',(#17008),#102);
#88=STYLED_ITEM('',(#17008),#103);
#89=STYLED_ITEM('',(#17008),#104);
#90=STYLED_ITEM('',(#17008),#105);
#91=MANIFOLD_SOLID_BREP('Body1',#9218);
#92=MANIFOLD_SOLID_BREP('Body2',#9219);
#93=MANIFOLD_SOLID_BREP('Body6',#9220);
#94=MANIFOLD_SOLID_BREP('Body10',#9221);
#95=MANIFOLD_SOLID_BREP('Body16',#9222);
#96=MANIFOLD_SOLID_BREP('Body17',#9223);
#97=MANIFOLD_SOLID_BREP('Body18',#9224);
#98=MANIFOLD_SOLID_BREP('Body19',#9225);
#99=MANIFOLD_SOLID_BREP('Body20',#9226);
#100=MANIFOLD_SOLID_BREP('Body21',#9227);
#101=MANIFOLD_SOLID_BREP('Body22',#9228);
#102=MANIFOLD_SOLID_BREP('Body23',#9229);
#103=MANIFOLD_SOLID_BREP('Body24',#9230);
#104=MANIFOLD_SOLID_BREP('Body25',#9231);
#105=MANIFOLD_SOLID_BREP('Body26',#9232);
#106=FACE_BOUND('',#1084,.T.);
#107=FACE_BOUND('',#1085,.T.);
#108=FACE_BOUND('',#1118,.T.);
#109=FACE_BOUND('',#1119,.T.);
#110=FACE_BOUND('',#1136,.T.);
#111=FACE_BOUND('',#1137,.T.);
#112=FACE_BOUND('',#1138,.T.);
#113=FACE_BOUND('',#1139,.T.);
#114=FACE_BOUND('',#1140,.T.);
#115=FACE_BOUND('',#1144,.T.);
#116=FACE_BOUND('',#1199,.T.);
#117=FACE_BOUND('',#1200,.T.);
#118=FACE_BOUND('',#1201,.T.);
#119=FACE_BOUND('',#1202,.T.);
#120=FACE_BOUND('',#1203,.T.);
#121=FACE_BOUND('',#1205,.T.);
#122=FACE_BOUND('',#1218,.T.);
#123=FACE_BOUND('',#1219,.T.);
#124=FACE_BOUND('',#1220,.T.);
#125=FACE_BOUND('',#1221,.T.);
#126=FACE_BOUND('',#1222,.T.);
#127=FACE_BOUND('',#1223,.T.);
#128=FACE_BOUND('',#1224,.T.);
#129=FACE_BOUND('',#1225,.T.);
#130=FACE_BOUND('',#1226,.T.);
#131=FACE_BOUND('',#1227,.T.);
#132=FACE_BOUND('',#1228,.T.);
#133=FACE_BOUND('',#1232,.T.);
#134=FACE_BOUND('',#1233,.T.);
#135=FACE_BOUND('',#1234,.T.);
#136=FACE_BOUND('',#1235,.T.);
#137=FACE_BOUND('',#1236,.T.);
#138=FACE_BOUND('',#1237,.T.);
#139=FACE_BOUND('',#1238,.T.);
#140=FACE_BOUND('',#1239,.T.);
#141=FACE_BOUND('',#1240,.T.);
#142=FACE_BOUND('',#1241,.T.);
#143=FACE_BOUND('',#1242,.T.);
#144=FACE_BOUND('',#1292,.T.);
#145=FACE_BOUND('',#1306,.T.);
#146=FACE_BOUND('',#1309,.T.);
#147=FACE_BOUND('',#1337,.T.);
#148=FACE_BOUND('',#1338,.T.);
#149=FACE_BOUND('',#1339,.T.);
#150=FACE_BOUND('',#1341,.T.);
#151=FACE_BOUND('',#1379,.T.);
#152=FACE_BOUND('',#1389,.T.);
#153=FACE_BOUND('',#1392,.T.);
#154=FACE_BOUND('',#1400,.T.);
#155=FACE_BOUND('',#1408,.T.);
#156=FACE_BOUND('',#1505,.T.);
#157=FACE_BOUND('',#1507,.T.);
#158=FACE_BOUND('',#1512,.T.);
#159=FACE_BOUND('',#1526,.T.);
#160=FACE_BOUND('',#1543,.T.);
#161=FACE_BOUND('',#1545,.T.);
#162=FACE_BOUND('',#1550,.T.);
#163=FACE_BOUND('',#1558,.T.);
#164=FACE_BOUND('',#1569,.T.);
#165=FACE_BOUND('',#1583,.T.);
#166=FACE_BOUND('',#1600,.T.);
#167=FACE_BOUND('',#1602,.T.);
#168=FACE_BOUND('',#1605,.T.);
#169=FACE_BOUND('',#1608,.T.);
#170=FACE_BOUND('',#1611,.T.);
#171=FACE_BOUND('',#1614,.T.);
#172=FACE_BOUND('',#1617,.T.);
#173=FACE_BOUND('',#1620,.T.);
#174=B_SPLINE_CURVE_WITH_KNOTS('',3,(#12853,#12854,#12855,#12856,#12857,
#12858,#12859,#12860,#12861,#12862),.UNSPECIFIED.,.F.,.F.,(4,2,2,2,4),(0.133649898612863,
0.167918413995646,0.203273057904711,0.240626687026927,0.271200115632888),
 .UNSPECIFIED.);
#175=B_SPLINE_CURVE_WITH_KNOTS('',3,(#12872,#12873,#12874,#12875),
 .UNSPECIFIED.,.F.,.F.,(4,4),(0.0544178779239295,0.0622580393323023),
 .UNSPECIFIED.);
#176=B_SPLINE_CURVE_WITH_KNOTS('',3,(#13319,#13320,#13321,#13322,#13323,
#13324),.UNSPECIFIED.,.F.,.F.,(4,2,4),(-0.0385990615154143,-0.0376870529527242,
-0.0334749451863908),.UNSPECIFIED.);
#177=B_SPLINE_CURVE_WITH_KNOTS('',3,(#13325,#13326,#13327,#13328,#13329,
#13330),.UNSPECIFIED.,.F.,.F.,(4,2,4),(0.0334749451863908,0.0376870529527242,
0.0385990615154143),.UNSPECIFIED.);
#178=B_SPLINE_CURVE_WITH_KNOTS('',3,(#13518,#13519,#13520,#13521,#13522,
#13523,#13524,#13525,#13526,#13527),.UNSPECIFIED.,.F.,.F.,(4,2,2,2,4),(0.222433761355213,
0.25009885482491,0.278000694612326,0.305905712343135,0.333746901464417),
 .UNSPECIFIED.);
#179=B_SPLINE_CURVE_WITH_KNOTS('',3,(#13533,#13534,#13535,#13536,#13537,
#13538,#13539,#13540,#13541,#13542),.UNSPECIFIED.,.F.,.F.,(4,2,2,2,4),(0.111120621246008,
0.13896181036729,0.1668668280981,0.194768667885516,0.222433761355213),
 .UNSPECIFIED.);
#180=B_SPLINE_CURVE_WITH_KNOTS('',3,(#13986,#13987,#13988,#13989),
 .UNSPECIFIED.,.F.,.F.,(4,4),(-0.12384419837664,0.),.UNSPECIFIED.);
#181=B_SPLINE_CURVE_WITH_KNOTS('',3,(#13991,#13992,#13993,#13994),
 .UNSPECIFIED.,.F.,.F.,(4,4),(-0.0652274235272945,-0.0501998790051565),
 .UNSPECIFIED.);
#182=B_SPLINE_CURVE_WITH_KNOTS('',3,(#13996,#13997,#13998,#13999),
 .UNSPECIFIED.,.F.,.F.,(4,4),(-0.132087455234297,-0.122509077493882),
 .UNSPECIFIED.);
#183=B_SPLINE_CURVE_WITH_KNOTS('',3,(#14001,#14002,#14003,#14004,#14005),
 .UNSPECIFIED.,.F.,.F.,(4,1,4),(-0.0246465746350506,-0.0123061515616855,
-0.00305083425666174),.UNSPECIFIED.);
#184=B_SPLINE_CURVE_WITH_KNOTS('',3,(#14007,#14008,#14009,#14010,#14011,
#14012,#14013,#14014,#14015,#14016,#14017,#14018,#14019,#14020,#14021,#14022,
#14023,#14024,#14025,#14026,#14027,#14028,#14029,#14030,#14031,#14032,#14033,
#14034,#14035,#14036,#14037,#14038,#14039,#14040,#14041,#14042,#14043,#14044,
#14045,#14046,#14047,#14048,#14049,#14050,#14051,#14052,#14053,#14054,#14055,
#14056,#14057,#14058,#14059,#14060,#14061,#14062,#14063,#14064,#14065,#14066,
#14067,#14068,#14069,#14070,#14071,#14072,#14073),.UNSPECIFIED.,.F.,.F.,
(4,3,3,3,3,3,3,3,3,3,3,3,3,3,3,3,3,3,3,3,3,3,4),(0.0248677226458606,0.066842045487615,
0.109139748567547,0.151368644912012,0.193174745255848,0.222575482141443,
0.256466124141998,0.299760009639684,0.343384219681619,0.386883626340698,
0.429850768052122,0.445150964282885,0.483987354277521,0.513594870227614,
0.552127764276793,0.59072643187218,0.629762259213455,0.667726446424328,
0.710461827578417,0.753699620281847,0.7969807866581,0.83996546324498,0.872958406526313),
 .UNSPECIFIED.);
#185=B_SPLINE_CURVE_WITH_KNOTS('',3,(#14075,#14076,#14077,#14078,#14079),
 .UNSPECIFIED.,.F.,.F.,(4,1,4),(-0.0215957403783795,-0.00925531730501978,
0.),.UNSPECIFIED.);
#186=B_SPLINE_CURVE_WITH_KNOTS('',3,(#14081,#14082,#14083,#14084),
 .UNSPECIFIED.,.F.,.F.,(4,4),(-0.133174967073897,-0.123596581391022),
 .UNSPECIFIED.);
#187=B_SPLINE_CURVE_WITH_KNOTS('',3,(#14086,#14087,#14088,#14089),
 .UNSPECIFIED.,.F.,.F.,(4,4),(-0.0802549681283634,-0.0501998790051568),
 .UNSPECIFIED.);
#188=B_SPLINE_CURVE_WITH_KNOTS('',3,(#14091,#14092,#14093,#14094),
 .UNSPECIFIED.,.F.,.F.,(4,4),(-0.132088025230644,-0.122509642793212),
 .UNSPECIFIED.);
#189=B_SPLINE_CURVE_WITH_KNOTS('',3,(#14096,#14097,#14098,#14099,#14100),
 .UNSPECIFIED.,.F.,.F.,(4,1,4),(-0.0246465746350507,-0.0123061515617043,
-0.00305083425669458),.UNSPECIFIED.);
#190=B_SPLINE_CURVE_WITH_KNOTS('',3,(#14102,#14103,#14104,#14105,#14106,
#14107,#14108,#14109,#14110,#14111,#14112,#14113,#14114,#14115,#14116,#14117,
#14118,#14119,#14120,#14121,#14122,#14123,#14124,#14125,#14126,#14127,#14128,
#14129,#14130,#14131,#14132,#14133,#14134,#14135,#14136,#14137,#14138,#14139,
#14140,#14141,#14142,#14143,#14144,#14145,#14146,#14147,#14148,#14149,#14150,
#14151,#14152,#14153,#14154,#14155,#14156,#14157,#14158,#14159,#14160,#14161,
#14162,#14163,#14164,#14165,#14166,#14167,#14168,#14169,#14170,#14171,#14172,
#14173,#14174),.UNSPECIFIED.,.F.,.F.,(4,3,3,3,3,3,3,3,3,3,3,3,3,3,3,3,3,
3,3,3,3,3,3,3,4),(0.922686366904319,0.962306776102632,1.00135636762725,
1.02596840259754,1.06538868548001,1.10505944723975,1.11287741070721,1.15595908279886,
1.19936665518453,1.24285104628235,1.28284228691228,1.32647755500791,1.33545289284866,
1.37526487775471,1.41630673901975,1.45622530734013,1.4978288150775,1.537223216661,
1.53943232281487,1.5580283749901,1.60134611586051,1.64544792208211,1.68968567554853,
1.73362910057751,1.77079259722789),.UNSPECIFIED.);
#191=B_SPLINE_CURVE_WITH_KNOTS('',3,(#14176,#14177,#14178,#14179,#14180),
 .UNSPECIFIED.,.F.,.F.,(4,1,4),(-0.0215957403783794,-0.00925531730501975,
0.),.UNSPECIFIED.);
#192=B_SPLINE_CURVE_WITH_KNOTS('',3,(#14182,#14183,#14184,#14185),
 .UNSPECIFIED.,.F.,.F.,(4,4),(-0.133174798411565,-0.123596410171464),
 .UNSPECIFIED.);
#193=B_SPLINE_CURVE_WITH_KNOTS('',3,(#14187,#14188,#14189,#14190),
 .UNSPECIFIED.,.F.,.F.,(4,4),(-0.0802549681283636,-0.0647792244810043),
 .UNSPECIFIED.);
#194=B_SPLINE_CURVE_WITH_KNOTS('',3,(#14249,#14250,#14251,#14252,#14253,
#14254,#14255,#14256,#14257,#14258,#14259,#14260),.UNSPECIFIED.,.F.,.F.,
(4,2,2,2,2,4),(-0.0149632996771198,-0.0123365393052249,-0.00958112778992891,
-0.00642973083710232,-0.00443065996483435,0.),.UNSPECIFIED.);
#195=B_SPLINE_CURVE_WITH_KNOTS('',3,(#14354,#14355,#14356,#14357,#14358,
#14359,#14360,#14361,#14362,#14363,#14364,#14365),.UNSPECIFIED.,.F.,.F.,
(4,2,2,2,2,4),(0.,0.00366084277216807,0.00527104447952235,0.00775143107691862,
0.00987731078329983,0.0118855842501031),.UNSPECIFIED.);
#196=B_SPLINE_CURVE_WITH_KNOTS('',3,(#14443,#14444,#14445,#14446,#14447,
#14448,#14449,#14450,#14451,#14452,#14453,#14454,#14455,#14456,#14457,#14458,
#14459,#14460,#14461,#14462,#14463,#14464,#14465,#14466,#14467,#14468,#14469,
#14470,#14471,#14472),.UNSPECIFIED.,.F.,.F.,(4,2,2,2,2,2,2,2,2,2,2,2,2,
2,4),(0.010309034496357,0.0103152418637668,0.0103440854773712,0.0104189063719883,
0.0106814509646563,0.0118385401862425,0.0141629717947471,0.0163709236477756,
0.0185785454159146,0.0197715280422379,0.0201136770731513,0.0203414294799176,
0.0204683563134181,0.0205644044137642,0.0205904619038553),.UNSPECIFIED.);
#197=B_SPLINE_CURVE_WITH_KNOTS('',3,(#14482,#14483,#14484,#14485,#14486,
#14487,#14488,#14489,#14490,#14491,#14492,#14493,#14494,#14495,#14496,#14497,
#14498,#14499,#14500,#14501,#14502,#14503,#14504,#14505,#14506,#14507,#14508,
#14509),.UNSPECIFIED.,.F.,.F.,(4,2,2,2,2,2,2,2,2,2,2,2,2,4),(-3.63496974547441E-5,
0.,0.000130191236606928,0.000366109825773749,0.000655711900723624,0.00127491895835716,
0.00458918251481658,0.00750824949725718,0.0104171630445423,0.0127917788484529,
0.0135616299092597,0.0138002300720136,0.0138828967138562,0.0139107961122006),
 .UNSPECIFIED.);
#198=B_SPLINE_CURVE_WITH_KNOTS('',3,(#14679,#14680,#14681,#14682,#14683),
 .UNSPECIFIED.,.F.,.F.,(4,1,4),(0.0059676405469403,0.0123061515617011,0.0246465746350508),
 .UNSPECIFIED.);
#199=B_SPLINE_CURVE_WITH_KNOTS('',3,(#14687,#14688,#14689,#14690,#14691),
 .UNSPECIFIED.,.F.,.F.,(4,1,4),(-0.0246465746350508,-0.0123061515617011,
-0.00305083425668879),.UNSPECIFIED.);
#200=B_SPLINE_CURVE_WITH_KNOTS('',3,(#14692,#14693,#14694,#14695,#14696,
#14697,#14698,#14699,#14700,#14701),.UNSPECIFIED.,.F.,.F.,(4,2,2,2,4),(0.,
0.0046024477094457,0.00877628779223243,0.0124107488877335,0.0160060452590395),
 .UNSPECIFIED.);
#201=B_SPLINE_CURVE_WITH_KNOTS('',3,(#14705,#14706,#14707,#14708),
 .UNSPECIFIED.,.F.,.F.,(4,4),(0.,0.0347789678527364),.UNSPECIFIED.);
#202=B_SPLINE_CURVE_WITH_KNOTS('',3,(#14731,#14732,#14733,#14734,#14735,
#14736,#14737,#14738,#14739,#14740,#14741,#14742,#14743,#14744,#14745,#14746,
#14747,#14748,#14749,#14750,#14751,#14752,#14753,#14754,#14755,#14756,#14757,
#14758,#14759,#14760,#14761,#14762,#14763,#14764),.UNSPECIFIED.,.F.,.F.,
(4,3,3,3,3,3,3,3,3,3,3,4),(0.,0.00736018334409551,0.0148268906325158,0.02253978919615,
0.0271640156196743,0.0323102696593135,0.0409395362400966,0.0421207177933092,
0.0476898122073944,0.0500569899252982,0.0535648144094762,0.0569392143720336),
 .UNSPECIFIED.);
#203=B_SPLINE_CURVE_WITH_KNOTS('',3,(#14766,#14767,#14768,#14769),
 .UNSPECIFIED.,.F.,.F.,(4,4),(0.227084551980259,0.261863520775886),
 .UNSPECIFIED.);
#204=B_SPLINE_CURVE_WITH_KNOTS('',3,(#14771,#14772,#14773,#14774),
 .UNSPECIFIED.,.F.,.F.,(4,4),(-0.261863520775886,-0.203292157236922),
 .UNSPECIFIED.);
#205=B_SPLINE_CURVE_WITH_KNOTS('',3,(#14801,#14802,#14803,#14804,#14805,
#14806,#14807,#14808,#14809,#14810,#14811,#14812,#14813,#14814,#14815,#14816,
#14817,#14818,#14819,#14820,#14821,#14822,#14823,#14824,#14825,#14826,#14827,
#14828),.UNSPECIFIED.,.F.,.F.,(4,3,3,3,3,3,3,3,3,4),(0.,0.00225336706440425,
0.00377002750193336,0.00599928161737553,0.00661530421941243,0.00760963690825568,
0.00979030959509196,0.0116183689702934,0.0137573238425009,0.0158962787147084),
 .UNSPECIFIED.);
#206=B_SPLINE_CURVE_WITH_KNOTS('',3,(#14829,#14830,#14831,#14832,#14833),
 .UNSPECIFIED.,.F.,.F.,(4,1,4),(0.,0.00925531730501978,0.0186754737356744),
 .UNSPECIFIED.);
#207=B_SPLINE_CURVE_WITH_KNOTS('',3,(#14838,#14839,#14840,#14841,#14842,
#14843,#14844,#14845,#14846,#14847,#14848,#14849,#14850,#14851,#14852,#14853,
#14854,#14855,#14856,#14857,#14858,#14859,#14860,#14861,#14862,#14863,#14864,
#14865,#14866,#14867,#14868,#14869,#14870,#14871,#14872,#14873,#14874,#14875,
#14876,#14877,#14878,#14879,#14880,#14881,#14882,#14883,#14884,#14885,#14886,
#14887,#14888,#14889,#14890,#14891,#14892,#14893,#14894,#14895,#14896,#14897,
#14898,#14899,#14900,#14901,#14902,#14903,#14904,#14905,#14906,#14907,#14908,
#14909,#14910,#14911,#14912,#14913),.UNSPECIFIED.,.F.,.F.,(4,3,3,3,3,3,
3,3,3,3,3,3,3,3,3,3,3,3,3,3,3,3,3,3,3,4),(2.71830359519169,2.75692350229932,
2.79490800682691,2.82235378436322,2.8611560323382,2.89348126783875,2.93616061681042,
2.98113465010287,3.02479357573391,3.07042516285705,3.11364238493256,3.1160567499802,
3.15728887280778,3.19842557651056,3.23913638625188,3.27950573770134,3.31935980990495,
3.33584080642055,3.33863223212164,3.37716816179273,3.41592241920735,3.45500478799021,
3.46546419923013,3.50850079698339,3.55203646041041,3.56740670538713),
 .UNSPECIFIED.);
#208=B_SPLINE_CURVE_WITH_KNOTS('',3,(#14915,#14916,#14917,#14918),
 .UNSPECIFIED.,.F.,.F.,(4,4),(-0.0585713638964104,0.),.UNSPECIFIED.);
#209=B_SPLINE_CURVE_WITH_KNOTS('',3,(#14922,#14923,#14924,#14925),
 .UNSPECIFIED.,.F.,.F.,(4,4),(-0.261863520775887,-0.203292157236922),
 .UNSPECIFIED.);
#210=B_SPLINE_CURVE_WITH_KNOTS('',3,(#14927,#14928,#14929,#14930,#14931,
#14932,#14933,#14934,#14935,#14936,#14937,#14938,#14939,#14940,#14941,#14942,
#14943,#14944,#14945,#14946,#14947,#14948,#14949,#14950,#14951,#14952,#14953,
#14954,#14955,#14956,#14957,#14958,#14959,#14960,#14961,#14962,#14963,#14964,
#14965,#14966,#14967,#14968,#14969,#14970,#14971,#14972,#14973,#14974,#14975,
#14976,#14977,#14978,#14979,#14980,#14981,#14982,#14983,#14984,#14985,#14986,
#14987,#14988,#14989,#14990,#14991,#14992,#14993,#14994,#14995,#14996),
 .UNSPECIFIED.,.F.,.F.,(4,3,3,3,3,3,3,3,3,3,3,3,3,3,3,3,3,3,3,3,3,3,3,4),
(1.82049812091845,1.86223776584787,1.9043747629297,1.94650553780984,1.98833612417802,
2.00317933927298,2.0459457578917,2.05276762862269,2.09601442682062,2.13862633380391,
2.18219057760917,2.22575482141443,2.26487444078243,2.30371658986403,2.30956329540756,
2.34813519525395,2.38703002850653,2.42633756851784,2.44833030355587,2.4920462446626,
2.53638328650334,2.58077706008231,2.62479840458268,2.6686354056002),
 .UNSPECIFIED.);
#211=B_SPLINE_CURVE_WITH_KNOTS('',3,(#14998,#14999,#15000,#15001),
 .UNSPECIFIED.,.F.,.F.,(4,4),(-0.0585713638964114,0.),.UNSPECIFIED.);
#212=B_SPLINE_CURVE_WITH_KNOTS('',3,(#15009,#15010,#15011,#15012),
 .UNSPECIFIED.,.F.,.F.,(4,4),(-0.261863520775886,-0.203292157236922),
 .UNSPECIFIED.);
#213=B_SPLINE_CURVE_WITH_KNOTS('',3,(#15014,#15015,#15016,#15017),
 .UNSPECIFIED.,.F.,.F.,(4,4),(-0.058571363896411,0.),.UNSPECIFIED.);
#214=B_SPLINE_CURVE_WITH_KNOTS('',3,(#15020,#15021,#15022,#15023),
 .UNSPECIFIED.,.F.,.F.,(4,4),(-0.058571363896411,-9.85244425878574E-17),
 .UNSPECIFIED.);
#215=B_SPLINE_CURVE_WITH_KNOTS('',3,(#15026,#15027,#15028,#15029),
 .UNSPECIFIED.,.F.,.F.,(4,4),(-0.261863520775886,-0.203292157236922),
 .UNSPECIFIED.);
#216=B_SPLINE_CURVE_WITH_KNOTS('',3,(#15056,#15057,#15058,#15059,#15060,
#15061,#15062,#15063,#15064,#15065),.UNSPECIFIED.,.F.,.F.,(4,2,2,2,4),(0.,
0.00460244770944559,0.00877628779222968,0.0124107488877374,0.0160060452590464),
 .UNSPECIFIED.);
#217=B_SPLINE_CURVE_WITH_KNOTS('',3,(#15067,#15068,#15069,#15070,#15071),
 .UNSPECIFIED.,.F.,.F.,(4,1,4),(0.00596764047931051,0.0123061515617043,
0.0246465746350507),.UNSPECIFIED.);
#218=B_SPLINE_CURVE_WITH_KNOTS('',3,(#15094,#15095,#15096,#15097,#15098,
#15099,#15100,#15101,#15102,#15103,#15104,#15105,#15106,#15107,#15108,#15109,
#15110,#15111,#15112,#15113,#15114,#15115,#15116,#15117,#15118,#15119,#15120,
#15121,#15122,#15123,#15124,#15125,#15126,#15127),.UNSPECIFIED.,.F.,.F.,
(4,3,3,3,3,3,3,3,3,3,3,4),(0.,0.00173952923521202,0.00349462444390083,0.00382253616121132,
0.00589957105116898,0.00712396178386395,0.00840310264356071,0.0117233476074779,
0.0127572804772149,0.0154443637368464,0.0181314837619519,0.0208186037870574),
 .UNSPECIFIED.);
#219=B_SPLINE_CURVE_WITH_KNOTS('',3,(#15128,#15129,#15130,#15131),
 .UNSPECIFIED.,.F.,.F.,(4,4),(0.,0.0347789678527375),.UNSPECIFIED.);
#220=B_SPLINE_CURVE_WITH_KNOTS('',3,(#15161,#15162,#15163,#15164,#15165,
#15166,#15167,#15168,#15169,#15170),.UNSPECIFIED.,.F.,.F.,(4,2,2,2,4),(0.,
0.00460244770944562,0.0087762877922309,0.0124107488877344,0.0160060452590453),
 .UNSPECIFIED.);
#221=B_SPLINE_CURVE_WITH_KNOTS('',3,(#15172,#15173,#15174,#15175,#15176),
 .UNSPECIFIED.,.F.,.F.,(4,1,4),(0.00596764055535939,0.0123061515617048,
0.0246465746350505),.UNSPECIFIED.);
#222=B_SPLINE_CURVE_WITH_KNOTS('',3,(#15178,#15179,#15180,#15181,#15182),
 .UNSPECIFIED.,.F.,.F.,(4,1,4),(-0.0246465746350505,-0.0123061515617048,
-0.00305083425669548),.UNSPECIFIED.);
#223=B_SPLINE_CURVE_WITH_KNOTS('',3,(#15204,#15205,#15206,#15207,#15208,
#15209,#15210,#15211,#15212,#15213,#15214,#15215,#15216,#15217,#15218,#15219,
#15220,#15221,#15222,#15223,#15224,#15225,#15226,#15227,#15228,#15229,#15230,
#15231,#15232,#15233,#15234,#15235,#15236,#15237),.UNSPECIFIED.,.F.,.F.,
(4,3,3,3,3,3,3,3,3,3,3,4),(0.,0.00173952923521234,0.00349467385931461,0.00382253616120955,
0.00589963467623243,0.00712396178384774,0.00840310264353687,0.0117232425798029,
0.012757280477103,0.0154441205784007,0.0181313621825696,0.0208186037867384),
 .UNSPECIFIED.);
#224=B_SPLINE_CURVE_WITH_KNOTS('',3,(#15238,#15239,#15240,#15241),
 .UNSPECIFIED.,.F.,.F.,(4,4),(0.,0.0347789678527372),.UNSPECIFIED.);
#225=B_SPLINE_CURVE_WITH_KNOTS('',3,(#15265,#15266,#15267,#15268,#15269,
#15270,#15271,#15272,#15273,#15274,#15275,#15276,#15277,#15278,#15279,#15280,
#15281,#15282,#15283,#15284,#15285,#15286,#15287,#15288,#15289,#15290,#15291,
#15292,#15293,#15294,#15295,#15296,#15297,#15298),.UNSPECIFIED.,.F.,.F.,
(4,3,3,3,3,3,3,3,3,3,3,4),(0.,0.00735897890214341,0.0148247037760245,0.0225368670376449,
0.0271640156196736,0.0323102696593281,0.0409401359793845,0.0421207177934479,
0.0476899826608829,0.0500569899255773,0.0535648144098104,0.0569392143724393),
 .UNSPECIFIED.);
#226=B_SPLINE_CURVE_WITH_KNOTS('',3,(#15300,#15301,#15302,#15303),
 .UNSPECIFIED.,.F.,.F.,(4,4),(0.227084551980259,0.261863520775886),
 .UNSPECIFIED.);
#227=B_SPLINE_CURVE_WITH_KNOTS('',3,(#15331,#15332,#15333,#15334,#15335,
#15336,#15337,#15338,#15339,#15340,#15341,#15342,#15343,#15344,#15345,#15346,
#15347,#15348,#15349,#15350,#15351,#15352,#15353,#15354,#15355,#15356,#15357,
#15358),.UNSPECIFIED.,.F.,.F.,(4,3,3,3,3,3,3,3,3,4),(0.,0.00225329358754333,
0.00377002750193057,0.00599922833102656,0.00661530421940388,0.00760963690824525,
0.00979041513193806,0.011618368970277,0.0137573238424816,0.0158962787146863),
 .UNSPECIFIED.);
#228=B_SPLINE_CURVE_WITH_KNOTS('',3,(#15359,#15360,#15361,#15362,#15363),
 .UNSPECIFIED.,.F.,.F.,(4,1,4),(0.,0.00925531730501975,0.0186754736526605),
 .UNSPECIFIED.);
#229=B_SPLINE_CURVE_WITH_KNOTS('',3,(#15386,#15387,#15388,#15389,#15390,
#15391,#15392,#15393,#15394,#15395,#15396,#15397,#15398,#15399,#15400,#15401,
#15402,#15403,#15404,#15405,#15406,#15407,#15408,#15409,#15410,#15411,#15412,
#15413,#15414,#15415,#15416,#15417,#15418,#15419),.UNSPECIFIED.,.F.,.F.,
(4,3,3,3,3,3,3,3,3,3,3,4),(0.,0.00173952923521236,0.00349466801481454,0.00382253616121038,
0.00589962715105557,0.00712396178385012,0.00840310264354132,0.0117232550375468,
0.0127572804771723,0.0154441494295788,0.0181313766082723,0.0208186037869657),
 .UNSPECIFIED.);
#230=B_SPLINE_CURVE_WITH_KNOTS('',3,(#15441,#15442,#15443,#15444,#15445,
#15446,#15447,#15448,#15449,#15450,#15451,#15452,#15453,#15454,#15455,#15456,
#15457,#15458,#15459,#15460,#15461,#15462,#15463,#15464,#15465,#15466,#15467,
#15468,#15469,#15470,#15471,#15472,#15473,#15474),.UNSPECIFIED.,.F.,.F.,
(4,3,3,3,3,3,3,3,3,3,3,4),(0.,0.00735884027979475,0.0148244520683325,0.0225365306693975,
0.0271640156196812,0.0323102696592992,0.0409402050256441,0.0421207177931053,
0.0476900022086349,0.0500569899248598,0.0535648144089295,0.0569392143714098),
 .UNSPECIFIED.);
#231=B_SPLINE_CURVE_WITH_KNOTS('',3,(#15476,#15477,#15478,#15479),
 .UNSPECIFIED.,.F.,.F.,(4,4),(0.227084551980259,0.261863520775887),
 .UNSPECIFIED.);
#232=B_SPLINE_CURVE_WITH_KNOTS('',3,(#15507,#15508,#15509,#15510,#15511),
 .UNSPECIFIED.,.F.,.F.,(4,1,4),(-0.0215957403783798,-0.00925531730502011,
-3.3795675711769E-16),.UNSPECIFIED.);
#233=B_SPLINE_CURVE_WITH_KNOTS('',3,(#15513,#15514,#15515,#15516,#15517),
 .UNSPECIFIED.,.F.,.F.,(4,1,4),(3.3795675711769E-16,0.00925531730502011,
0.0186754736439007),.UNSPECIFIED.);
#234=B_SPLINE_CURVE_WITH_KNOTS('',3,(#15518,#15519,#15520,#15521,#15522,
#15523,#15524,#15525,#15526,#15527,#15528,#15529,#15530,#15531,#15532,#15533,
#15534,#15535,#15536,#15537,#15538,#15539,#15540,#15541,#15542,#15543,#15544,
#15545),.UNSPECIFIED.,.F.,.F.,(4,3,3,3,3,3,3,3,3,4),(0.,0.00225328524148699,
0.00377002750192963,0.00599922227789659,0.00661530421940076,0.00760963690824161,
0.00979042712119094,0.0116183689702734,0.0137573238424793,0.0158962787146852),
 .UNSPECIFIED.);
#235=B_SPLINE_CURVE_WITH_KNOTS('',3,(#15569,#15570,#15571,#15572,#15573,
#15574,#15575,#15576,#15577,#15578,#15579,#15580,#15581,#15582,#15583,#15584,
#15585,#15586,#15587,#15588,#15589,#15590,#15591,#15592,#15593,#15594,#15595,
#15596,#15597,#15598,#15599,#15600,#15601,#15602),.UNSPECIFIED.,.F.,.F.,
(4,3,3,3,3,3,3,3,3,3,3,4),(0.,0.00735965282192278,0.0148259274169714,0.0225385021640191,
0.0271640156196668,0.0323102696592786,0.040939800368835,0.042120717793077,
0.0476898874202473,0.0500569899248315,0.0535648144088944,0.0569392143713648),
 .UNSPECIFIED.);
#236=B_SPLINE_CURVE_WITH_KNOTS('',3,(#15604,#15605,#15606,#15607),
 .UNSPECIFIED.,.F.,.F.,(4,4),(0.227084551980259,0.261863520775886),
 .UNSPECIFIED.);
#237=B_SPLINE_CURVE_WITH_KNOTS('',3,(#15636,#15637,#15638,#15639,#15640,
#15641,#15642,#15643,#15644,#15645,#15646,#15647,#15648,#15649,#15650,#15651,
#15652,#15653,#15654,#15655,#15656,#15657,#15658,#15659,#15660,#15661,#15662,
#15663),.UNSPECIFIED.,.F.,.F.,(4,3,3,3,3,3,3,3,3,4),(0.,0.00225333478797447,
0.00377002750193545,0.00599925821100806,0.0066153042194184,0.0076096369082623,
0.00979035595155146,0.0116183689703027,0.0137573238425124,0.0158962787147221),
 .UNSPECIFIED.);
#238=B_SPLINE_CURVE_WITH_KNOTS('',3,(#15664,#15665,#15666,#15667,#15668),
 .UNSPECIFIED.,.F.,.F.,(4,1,4),(-0.0215957403783797,-0.00925531730501987,
0.),.UNSPECIFIED.);
#239=B_SPLINE_CURVE_WITH_KNOTS('',3,(#15669,#15670,#15671,#15672,#15673),
 .UNSPECIFIED.,.F.,.F.,(4,1,4),(0.,0.00925531730501987,0.0186754736978467),
 .UNSPECIFIED.);
#240=B_SPLINE_CURVE_WITH_KNOTS('',3,(#15702,#15703,#15704,#15705,#15706,
#15707,#15708,#15709,#15710,#15711),.UNSPECIFIED.,.F.,.F.,(4,2,2,2,4),(0.,
0.00460244770944565,0.00877628779223281,0.0124107488877436,0.016006045259057),
 .UNSPECIFIED.);
#241=B_SPLINE_CURVE_WITH_KNOTS('',3,(#15713,#15714,#15715,#15716,#15717),
 .UNSPECIFIED.,.F.,.F.,(4,1,4),(0.00596764049268891,0.0123061515616855,
0.0246465746350506),.UNSPECIFIED.);
#242=B_SPLINE_CURVE_WITH_KNOTS('',3,(#15740,#15741,#15742,#15743,#15744,
#15745,#15746,#15747,#15748,#15749,#15750,#15751,#15752,#15753,#15754,#15755,
#15756,#15757,#15758,#15759,#15760,#15761,#15762,#15763,#15764,#15765,#15766,
#15767,#15768,#15769,#15770,#15771,#15772,#15773),.UNSPECIFIED.,.F.,.F.,
(4,3,3,3,3,3,3,3,3,3,3,4),(0.,0.00173952923520922,0.00349463263693162,0.0038225361611974,
0.00589958160005585,0.00712396178383044,0.0084031026435214,0.01172333024119,
0.0127572804771718,0.0154443235428256,0.0181314636649254,0.0208186037870251),
 .UNSPECIFIED.);
#243=B_SPLINE_CURVE_WITH_KNOTS('',3,(#15774,#15775,#15776,#15777),
 .UNSPECIFIED.,.F.,.F.,(4,4),(9.85244425878574E-17,0.0347789678527374),
 .UNSPECIFIED.);
#244=B_SPLINE_CURVE_WITH_KNOTS('',3,(#15783,#15784,#15785,#15786),
 .UNSPECIFIED.,.F.,.F.,(4,4),(-0.0802549681283628,-0.0652274235272945),
 .UNSPECIFIED.);
#245=B_SPLINE_CURVE_WITH_KNOTS('',3,(#15787,#15788,#15789,#15790),
 .UNSPECIFIED.,.F.,.F.,(4,4),(-0.133173971449006,-0.123595565995228),
 .UNSPECIFIED.);
#246=B_SPLINE_CURVE_WITH_KNOTS('',3,(#15793,#15794,#15795,#15796),
 .UNSPECIFIED.,.F.,.F.,(4,4),(-0.0647792244810043,-0.0501998790051568),
 .UNSPECIFIED.);
#247=B_SPLINE_CURVE_WITH_KNOTS('',3,(#15797,#15798,#15799,#15800),
 .UNSPECIFIED.,.F.,.F.,(4,4),(-0.132087940951172,-0.122509559430057),
 .UNSPECIFIED.);
#248=B_SPLINE_CURVE_WITH_KNOTS('',3,(#15803,#15804,#15805,#15806),
 .UNSPECIFIED.,.F.,.F.,(4,4),(-0.132087885960695,-0.122509504996153),
 .UNSPECIFIED.);
#249=B_SPLINE_CURVE_WITH_KNOTS('',3,(#15808,#15809,#15810,#15811),
 .UNSPECIFIED.,.F.,.F.,(4,4),(-0.080254968128364,-0.0501998790051571),
 .UNSPECIFIED.);
#250=B_SPLINE_CURVE_WITH_KNOTS('',3,(#15812,#15813,#15814,#15815),
 .UNSPECIFIED.,.F.,.F.,(4,4),(-0.133174603648177,-0.123596212055994),
 .UNSPECIFIED.);
#251=B_SPLINE_CURVE_WITH_KNOTS('',3,(#16030,#16031,#16032,#16033),
 .UNSPECIFIED.,.F.,.F.,(4,4),(0.,1.),.UNSPECIFIED.);
#252=B_SPLINE_CURVE_WITH_KNOTS('',3,(#16097,#16098,#16099,#16100,#16101,
#16102,#16103),.UNSPECIFIED.,.F.,.F.,(4,1,1,1,4),(0.,0.167894968227812,
0.335789936455623,0.503684904683435,0.586744623535326),.UNSPECIFIED.);
#253=B_SPLINE_CURVE_WITH_KNOTS('',3,(#16104,#16105,#16106,#16107,#16108,
#16109,#16110),.UNSPECIFIED.,.F.,.F.,(4,1,1,1,4),(0.586744623535326,0.671579872911246,
0.839474841139058,1.00736980936687,1.17526477759468),.UNSPECIFIED.);
#254=B_SPLINE_CURVE_WITH_KNOTS('',3,(#16112,#16113,#16114,#16115,#16116,
#16117,#16118),.UNSPECIFIED.,.F.,.F.,(4,1,1,1,4),(-1.17526477759468,-1.00736980936687,
-0.839474841139058,-0.671579872911246,-0.587437920350817),.UNSPECIFIED.);
#255=B_SPLINE_CURVE_WITH_KNOTS('',3,(#16119,#16120,#16121,#16122,#16123,
#16124,#16125),.UNSPECIFIED.,.F.,.F.,(4,1,1,1,4),(-0.587437920350817,-0.503684904683435,
-0.335789936455623,-0.167894968227812,0.),.UNSPECIFIED.);
#256=TOROIDAL_SURFACE('',#9289,1.05,0.9);
#257=TOROIDAL_SURFACE('',#9490,0.999999999999999,0.75);
#258=TOROIDAL_SURFACE('',#9493,0.999999999999999,0.75);
#259=TOROIDAL_SURFACE('',#9717,5.50250156445618,2.);
#260=TOROIDAL_SURFACE('',#9775,6.5,1.);
#261=TOROIDAL_SURFACE('',#9788,2.15,0.2);
#262=TOROIDAL_SURFACE('',#9877,1.15,0.15);
#263=TOROIDAL_SURFACE('',#9882,1.15,0.15);
#264=TOROIDAL_SURFACE('',#9900,1.15,0.15);
#265=TOROIDAL_SURFACE('',#9911,1.15,0.15);
#266=TOROIDAL_SURFACE('',#9933,1.,0.1);
#267=TOROIDAL_SURFACE('',#9938,1.,0.1);
#268=TOROIDAL_SURFACE('',#10084,0.5,0.25);
#269=TOROIDAL_SURFACE('',#10089,0.5,0.25);
#270=TOROIDAL_SURFACE('',#10094,0.5,0.25);
#271=TOROIDAL_SURFACE('',#10099,0.5,0.25);
#272=TOROIDAL_SURFACE('',#10104,0.5,0.25);
#273=TOROIDAL_SURFACE('',#10109,0.5,0.25);
#274=PLANE('',#9249);
#275=PLANE('',#9250);
#276=PLANE('',#9254);
#277=PLANE('',#9260);
#278=PLANE('',#9261);
#279=PLANE('',#9266);
#280=PLANE('',#9272);
#281=PLANE('',#9274);
#282=PLANE('',#9278);
#283=PLANE('',#9280);
#284=PLANE('',#9282);
#285=PLANE('',#9283);
#286=PLANE('',#9297);
#287=PLANE('',#9299);
#288=PLANE('',#9300);
#289=PLANE('',#9302);
#290=PLANE('',#9303);
#291=PLANE('',#9304);
#292=PLANE('',#9305);
#293=PLANE('',#9309);
#294=PLANE('',#9310);
#295=PLANE('',#9330);
#296=PLANE('',#9334);
#297=PLANE('',#9338);
#298=PLANE('',#9342);
#299=PLANE('',#9343);
#300=PLANE('',#9346);
#301=PLANE('',#9349);
#302=PLANE('',#9352);
#303=PLANE('',#9355);
#304=PLANE('',#9358);
#305=PLANE('',#9361);
#306=PLANE('',#9364);
#307=PLANE('',#9367);
#308=PLANE('',#9370);
#309=PLANE('',#9373);
#310=PLANE('',#9374);
#311=PLANE('',#9375);
#312=PLANE('',#9381);
#313=PLANE('',#9383);
#314=PLANE('',#9384);
#315=PLANE('',#9385);
#316=PLANE('',#9386);
#317=PLANE('',#9387);
#318=PLANE('',#9388);
#319=PLANE('',#9392);
#320=PLANE('',#9396);
#321=PLANE('',#9398);
#322=PLANE('',#9419);
#323=PLANE('',#9420);
#324=PLANE('',#9423);
#325=PLANE('',#9424);
#326=PLANE('',#9428);
#327=PLANE('',#9433);
#328=PLANE('',#9436);
#329=PLANE('',#9437);
#330=PLANE('',#9441);
#331=PLANE('',#9442);
#332=PLANE('',#9445);
#333=PLANE('',#9448);
#334=PLANE('',#9451);
#335=PLANE('',#9454);
#336=PLANE('',#9457);
#337=PLANE('',#9459);
#338=PLANE('',#9460);
#339=PLANE('',#9463);
#340=PLANE('',#9467);
#341=PLANE('',#9472);
#342=PLANE('',#9475);
#343=PLANE('',#9480);
#344=PLANE('',#9483);
#345=PLANE('',#9484);
#346=PLANE('',#9485);
#347=PLANE('',#9486);
#348=PLANE('',#9487);
#349=PLANE('',#9498);
#350=PLANE('',#9501);
#351=PLANE('',#9502);
#352=PLANE('',#9503);
#353=PLANE('',#9504);
#354=PLANE('',#9505);
#355=PLANE('',#9508);
#356=PLANE('',#9536);
#357=PLANE('',#9558);
#358=PLANE('',#9559);
#359=PLANE('',#9580);
#360=PLANE('',#9582);
#361=PLANE('',#9584);
#362=PLANE('',#9587);
#363=PLANE('',#9590);
#364=PLANE('',#9592);
#365=PLANE('',#9594);
#366=PLANE('',#9596);
#367=PLANE('',#9598);
#368=PLANE('',#9600);
#369=PLANE('',#9602);
#370=PLANE('',#9605);
#371=PLANE('',#9607);
#372=PLANE('',#9609);
#373=PLANE('',#9611);
#374=PLANE('',#9613);
#375=PLANE('',#9614);
#376=PLANE('',#9615);
#377=PLANE('',#9616);
#378=PLANE('',#9617);
#379=PLANE('',#9618);
#380=PLANE('',#9619);
#381=PLANE('',#9620);
#382=PLANE('',#9621);
#383=PLANE('',#9622);
#384=PLANE('',#9623);
#385=PLANE('',#9624);
#386=PLANE('',#9630);
#387=PLANE('',#9634);
#388=PLANE('',#9635);
#389=PLANE('',#9636);
#390=PLANE('',#9638);
#391=PLANE('',#9639);
#392=PLANE('',#9640);
#393=PLANE('',#9642);
#394=PLANE('',#9643);
#395=PLANE('',#9644);
#396=PLANE('',#9645);
#397=PLANE('',#9646);
#398=PLANE('',#9647);
#399=PLANE('',#9649);
#400=PLANE('',#9654);
#401=PLANE('',#9661);
#402=PLANE('',#9662);
#403=PLANE('',#9663);
#404=PLANE('',#9670);
#405=PLANE('',#9682);
#406=PLANE('',#9683);
#407=PLANE('',#9687);
#408=PLANE('',#9698);
#409=PLANE('',#9702);
#410=PLANE('',#9710);
#411=PLANE('',#9714);
#412=PLANE('',#9716);
#413=PLANE('',#9726);
#414=PLANE('',#9728);
#415=PLANE('',#9730);
#416=PLANE('',#9732);
#417=PLANE('',#9734);
#418=PLANE('',#9736);
#419=PLANE('',#9737);
#420=PLANE('',#9738);
#421=PLANE('',#9739);
#422=PLANE('',#9740);
#423=PLANE('',#9744);
#424=PLANE('',#9745);
#425=PLANE('',#9747);
#426=PLANE('',#9748);
#427=PLANE('',#9750);
#428=PLANE('',#9751);
#429=PLANE('',#9754);
#430=PLANE('',#9760);
#431=PLANE('',#9761);
#432=PLANE('',#9762);
#433=PLANE('',#9763);
#434=PLANE('',#9764);
#435=PLANE('',#9765);
#436=PLANE('',#9770);
#437=PLANE('',#9774);
#438=PLANE('',#9779);
#439=PLANE('',#9795);
#440=PLANE('',#9828);
#441=PLANE('',#9831);
#442=PLANE('',#9832);
#443=PLANE('',#9833);
#444=PLANE('',#9836);
#445=PLANE('',#9918);
#446=PLANE('',#9921);
#447=PLANE('',#9922);
#448=PLANE('',#9927);
#449=PLANE('',#9928);
#450=PLANE('',#9929);
#451=PLANE('',#9930);
#452=PLANE('',#9931);
#453=PLANE('',#9932);
#454=PLANE('',#9943);
#455=PLANE('',#9944);
#456=PLANE('',#9945);
#457=PLANE('',#9949);
#458=PLANE('',#9953);
#459=PLANE('',#9954);
#460=PLANE('',#9955);
#461=PLANE('',#9956);
#462=PLANE('',#9957);
#463=PLANE('',#9958);
#464=PLANE('',#9959);
#465=PLANE('',#9963);
#466=PLANE('',#9964);
#467=PLANE('',#9965);
#468=PLANE('',#9966);
#469=PLANE('',#9967);
#470=PLANE('',#9968);
#471=PLANE('',#9972);
#472=PLANE('',#9976);
#473=PLANE('',#9978);
#474=PLANE('',#9979);
#475=PLANE('',#9980);
#476=PLANE('',#9981);
#477=PLANE('',#9982);
#478=PLANE('',#9983);
#479=PLANE('',#9986);
#480=PLANE('',#9987);
#481=PLANE('',#9988);
#482=PLANE('',#9989);
#483=PLANE('',#9990);
#484=PLANE('',#9991);
#485=PLANE('',#9995);
#486=PLANE('',#9999);
#487=PLANE('',#10000);
#488=PLANE('',#10001);
#489=PLANE('',#10002);
#490=PLANE('',#10003);
#491=PLANE('',#10004);
#492=PLANE('',#10005);
#493=PLANE('',#10009);
#494=PLANE('',#10010);
#495=PLANE('',#10011);
#496=PLANE('',#10012);
#497=PLANE('',#10013);
#498=PLANE('',#10014);
#499=PLANE('',#10018);
#500=PLANE('',#10022);
#501=PLANE('',#10024);
#502=PLANE('',#10025);
#503=PLANE('',#10026);
#504=PLANE('',#10027);
#505=PLANE('',#10028);
#506=PLANE('',#10029);
#507=PLANE('',#10030);
#508=PLANE('',#10033);
#509=PLANE('',#10034);
#510=PLANE('',#10035);
#511=PLANE('',#10036);
#512=PLANE('',#10037);
#513=PLANE('',#10041);
#514=PLANE('',#10045);
#515=PLANE('',#10047);
#516=PLANE('',#10048);
#517=PLANE('',#10049);
#518=PLANE('',#10050);
#519=PLANE('',#10051);
#520=PLANE('',#10052);
#521=PLANE('',#10055);
#522=PLANE('',#10056);
#523=PLANE('',#10057);
#524=PLANE('',#10058);
#525=PLANE('',#10059);
#526=PLANE('',#10060);
#527=PLANE('',#10064);
#528=PLANE('',#10068);
#529=PLANE('',#10069);
#530=PLANE('',#10070);
#531=PLANE('',#10071);
#532=PLANE('',#10072);
#533=PLANE('',#10073);
#534=PLANE('',#10074);
#535=PLANE('',#10078);
#536=PLANE('',#10079);
#537=PLANE('',#10080);
#538=PLANE('',#10081);
#539=PLANE('',#10082);
#540=PLANE('',#10083);
#541=PLANE('',#10088);
#542=PLANE('',#10093);
#543=PLANE('',#10098);
#544=PLANE('',#10103);
#545=PLANE('',#10108);
#546=PLANE('',#10113);
#547=FACE_OUTER_BOUND('',#1050,.T.);
#548=FACE_OUTER_BOUND('',#1051,.T.);
#549=FACE_OUTER_BOUND('',#1052,.T.);
#550=FACE_OUTER_BOUND('',#1053,.T.);
#551=FACE_OUTER_BOUND('',#1054,.T.);
#552=FACE_OUTER_BOUND('',#1055,.T.);
#553=FACE_OUTER_BOUND('',#1056,.T.);
#554=FACE_OUTER_BOUND('',#1057,.T.);
#555=FACE_OUTER_BOUND('',#1058,.T.);
#556=FACE_OUTER_BOUND('',#1059,.T.);
#557=FACE_OUTER_BOUND('',#1060,.T.);
#558=FACE_OUTER_BOUND('',#1061,.T.);
#559=FACE_OUTER_BOUND('',#1062,.T.);
#560=FACE_OUTER_BOUND('',#1063,.T.);
#561=FACE_OUTER_BOUND('',#1064,.T.);
#562=FACE_OUTER_BOUND('',#1065,.T.);
#563=FACE_OUTER_BOUND('',#1066,.T.);
#564=FACE_OUTER_BOUND('',#1067,.T.);
#565=FACE_OUTER_BOUND('',#1068,.T.);
#566=FACE_OUTER_BOUND('',#1069,.T.);
#567=FACE_OUTER_BOUND('',#1070,.T.);
#568=FACE_OUTER_BOUND('',#1071,.T.);
#569=FACE_OUTER_BOUND('',#1072,.T.);
#570=FACE_OUTER_BOUND('',#1073,.T.);
#571=FACE_OUTER_BOUND('',#1074,.T.);
#572=FACE_OUTER_BOUND('',#1075,.T.);
#573=FACE_OUTER_BOUND('',#1076,.T.);
#574=FACE_OUTER_BOUND('',#1077,.T.);
#575=FACE_OUTER_BOUND('',#1078,.T.);
#576=FACE_OUTER_BOUND('',#1079,.T.);
#577=FACE_OUTER_BOUND('',#1080,.T.);
#578=FACE_OUTER_BOUND('',#1081,.T.);
#579=FACE_OUTER_BOUND('',#1082,.T.);
#580=FACE_OUTER_BOUND('',#1083,.T.);
#581=FACE_OUTER_BOUND('',#1086,.T.);
#582=FACE_OUTER_BOUND('',#1087,.T.);
#583=FACE_OUTER_BOUND('',#1088,.T.);
#584=FACE_OUTER_BOUND('',#1089,.T.);
#585=FACE_OUTER_BOUND('',#1090,.T.);
#586=FACE_OUTER_BOUND('',#1091,.T.);
#587=FACE_OUTER_BOUND('',#1092,.T.);
#588=FACE_OUTER_BOUND('',#1093,.T.);
#589=FACE_OUTER_BOUND('',#1094,.T.);
#590=FACE_OUTER_BOUND('',#1095,.T.);
#591=FACE_OUTER_BOUND('',#1096,.T.);
#592=FACE_OUTER_BOUND('',#1097,.T.);
#593=FACE_OUTER_BOUND('',#1098,.T.);
#594=FACE_OUTER_BOUND('',#1099,.T.);
#595=FACE_OUTER_BOUND('',#1100,.T.);
#596=FACE_OUTER_BOUND('',#1101,.T.);
#597=FACE_OUTER_BOUND('',#1102,.T.);
#598=FACE_OUTER_BOUND('',#1103,.T.);
#599=FACE_OUTER_BOUND('',#1104,.T.);
#600=FACE_OUTER_BOUND('',#1105,.T.);
#601=FACE_OUTER_BOUND('',#1106,.T.);
#602=FACE_OUTER_BOUND('',#1107,.T.);
#603=FACE_OUTER_BOUND('',#1108,.T.);
#604=FACE_OUTER_BOUND('',#1109,.T.);
#605=FACE_OUTER_BOUND('',#1110,.T.);
#606=FACE_OUTER_BOUND('',#1111,.T.);
#607=FACE_OUTER_BOUND('',#1112,.T.);
#608=FACE_OUTER_BOUND('',#1113,.T.);
#609=FACE_OUTER_BOUND('',#1114,.T.);
#610=FACE_OUTER_BOUND('',#1115,.T.);
#611=FACE_OUTER_BOUND('',#1116,.T.);
#612=FACE_OUTER_BOUND('',#1117,.T.);
#613=FACE_OUTER_BOUND('',#1120,.T.);
#614=FACE_OUTER_BOUND('',#1121,.T.);
#615=FACE_OUTER_BOUND('',#1122,.T.);
#616=FACE_OUTER_BOUND('',#1123,.T.);
#617=FACE_OUTER_BOUND('',#1124,.T.);
#618=FACE_OUTER_BOUND('',#1125,.T.);
#619=FACE_OUTER_BOUND('',#1126,.T.);
#620=FACE_OUTER_BOUND('',#1127,.T.);
#621=FACE_OUTER_BOUND('',#1128,.T.);
#622=FACE_OUTER_BOUND('',#1129,.T.);
#623=FACE_OUTER_BOUND('',#1130,.T.);
#624=FACE_OUTER_BOUND('',#1131,.T.);
#625=FACE_OUTER_BOUND('',#1132,.T.);
#626=FACE_OUTER_BOUND('',#1133,.T.);
#627=FACE_OUTER_BOUND('',#1134,.T.);
#628=FACE_OUTER_BOUND('',#1135,.T.);
#629=FACE_OUTER_BOUND('',#1141,.T.);
#630=FACE_OUTER_BOUND('',#1142,.T.);
#631=FACE_OUTER_BOUND('',#1143,.T.);
#632=FACE_OUTER_BOUND('',#1145,.T.);
#633=FACE_OUTER_BOUND('',#1146,.T.);
#634=FACE_OUTER_BOUND('',#1147,.T.);
#635=FACE_OUTER_BOUND('',#1148,.T.);
#636=FACE_OUTER_BOUND('',#1149,.T.);
#637=FACE_OUTER_BOUND('',#1150,.T.);
#638=FACE_OUTER_BOUND('',#1151,.T.);
#639=FACE_OUTER_BOUND('',#1152,.T.);
#640=FACE_OUTER_BOUND('',#1153,.T.);
#641=FACE_OUTER_BOUND('',#1154,.T.);
#642=FACE_OUTER_BOUND('',#1155,.T.);
#643=FACE_OUTER_BOUND('',#1156,.T.);
#644=FACE_OUTER_BOUND('',#1157,.T.);
#645=FACE_OUTER_BOUND('',#1158,.T.);
#646=FACE_OUTER_BOUND('',#1159,.T.);
#647=FACE_OUTER_BOUND('',#1160,.T.);
#648=FACE_OUTER_BOUND('',#1161,.T.);
#649=FACE_OUTER_BOUND('',#1162,.T.);
#650=FACE_OUTER_BOUND('',#1163,.T.);
#651=FACE_OUTER_BOUND('',#1164,.T.);
#652=FACE_OUTER_BOUND('',#1165,.T.);
#653=FACE_OUTER_BOUND('',#1166,.T.);
#654=FACE_OUTER_BOUND('',#1167,.T.);
#655=FACE_OUTER_BOUND('',#1168,.T.);
#656=FACE_OUTER_BOUND('',#1169,.T.);
#657=FACE_OUTER_BOUND('',#1170,.T.);
#658=FACE_OUTER_BOUND('',#1171,.T.);
#659=FACE_OUTER_BOUND('',#1172,.T.);
#660=FACE_OUTER_BOUND('',#1173,.T.);
#661=FACE_OUTER_BOUND('',#1174,.T.);
#662=FACE_OUTER_BOUND('',#1175,.T.);
#663=FACE_OUTER_BOUND('',#1176,.T.);
#664=FACE_OUTER_BOUND('',#1177,.T.);
#665=FACE_OUTER_BOUND('',#1178,.T.);
#666=FACE_OUTER_BOUND('',#1179,.T.);
#667=FACE_OUTER_BOUND('',#1180,.T.);
#668=FACE_OUTER_BOUND('',#1181,.T.);
#669=FACE_OUTER_BOUND('',#1182,.T.);
#670=FACE_OUTER_BOUND('',#1183,.T.);
#671=FACE_OUTER_BOUND('',#1184,.T.);
#672=FACE_OUTER_BOUND('',#1185,.T.);
#673=FACE_OUTER_BOUND('',#1186,.T.);
#674=FACE_OUTER_BOUND('',#1187,.T.);
#675=FACE_OUTER_BOUND('',#1188,.T.);
#676=FACE_OUTER_BOUND('',#1189,.T.);
#677=FACE_OUTER_BOUND('',#1190,.T.);
#678=FACE_OUTER_BOUND('',#1191,.T.);
#679=FACE_OUTER_BOUND('',#1192,.T.);
#680=FACE_OUTER_BOUND('',#1193,.T.);
#681=FACE_OUTER_BOUND('',#1194,.T.);
#682=FACE_OUTER_BOUND('',#1195,.T.);
#683=FACE_OUTER_BOUND('',#1196,.T.);
#684=FACE_OUTER_BOUND('',#1197,.T.);
#685=FACE_OUTER_BOUND('',#1198,.T.);
#686=FACE_OUTER_BOUND('',#1204,.T.);
#687=FACE_OUTER_BOUND('',#1206,.T.);
#688=FACE_OUTER_BOUND('',#1207,.T.);
#689=FACE_OUTER_BOUND('',#1208,.T.);
#690=FACE_OUTER_BOUND('',#1209,.T.);
#691=FACE_OUTER_BOUND('',#1210,.T.);
#692=FACE_OUTER_BOUND('',#1211,.T.);
#693=FACE_OUTER_BOUND('',#1212,.T.);
#694=FACE_OUTER_BOUND('',#1213,.T.);
#695=FACE_OUTER_BOUND('',#1214,.T.);
#696=FACE_OUTER_BOUND('',#1215,.T.);
#697=FACE_OUTER_BOUND('',#1216,.T.);
#698=FACE_OUTER_BOUND('',#1217,.T.);
#699=FACE_OUTER_BOUND('',#1229,.T.);
#700=FACE_OUTER_BOUND('',#1230,.T.);
#701=FACE_OUTER_BOUND('',#1231,.T.);
#702=FACE_OUTER_BOUND('',#1243,.T.);
#703=FACE_OUTER_BOUND('',#1244,.T.);
#704=FACE_OUTER_BOUND('',#1245,.T.);
#705=FACE_OUTER_BOUND('',#1246,.T.);
#706=FACE_OUTER_BOUND('',#1247,.T.);
#707=FACE_OUTER_BOUND('',#1248,.T.);
#708=FACE_OUTER_BOUND('',#1249,.T.);
#709=FACE_OUTER_BOUND('',#1250,.T.);
#710=FACE_OUTER_BOUND('',#1251,.T.);
#711=FACE_OUTER_BOUND('',#1252,.T.);
#712=FACE_OUTER_BOUND('',#1253,.T.);
#713=FACE_OUTER_BOUND('',#1254,.T.);
#714=FACE_OUTER_BOUND('',#1255,.T.);
#715=FACE_OUTER_BOUND('',#1256,.T.);
#716=FACE_OUTER_BOUND('',#1257,.T.);
#717=FACE_OUTER_BOUND('',#1258,.T.);
#718=FACE_OUTER_BOUND('',#1259,.T.);
#719=FACE_OUTER_BOUND('',#1260,.T.);
#720=FACE_OUTER_BOUND('',#1261,.T.);
#721=FACE_OUTER_BOUND('',#1262,.T.);
#722=FACE_OUTER_BOUND('',#1263,.T.);
#723=FACE_OUTER_BOUND('',#1264,.T.);
#724=FACE_OUTER_BOUND('',#1265,.T.);
#725=FACE_OUTER_BOUND('',#1266,.T.);
#726=FACE_OUTER_BOUND('',#1267,.T.);
#727=FACE_OUTER_BOUND('',#1268,.T.);
#728=FACE_OUTER_BOUND('',#1269,.T.);
#729=FACE_OUTER_BOUND('',#1270,.T.);
#730=FACE_OUTER_BOUND('',#1271,.T.);
#731=FACE_OUTER_BOUND('',#1272,.T.);
#732=FACE_OUTER_BOUND('',#1273,.T.);
#733=FACE_OUTER_BOUND('',#1274,.T.);
#734=FACE_OUTER_BOUND('',#1275,.T.);
#735=FACE_OUTER_BOUND('',#1276,.T.);
#736=FACE_OUTER_BOUND('',#1277,.T.);
#737=FACE_OUTER_BOUND('',#1278,.T.);
#738=FACE_OUTER_BOUND('',#1279,.T.);
#739=FACE_OUTER_BOUND('',#1280,.T.);
#740=FACE_OUTER_BOUND('',#1281,.T.);
#741=FACE_OUTER_BOUND('',#1282,.T.);
#742=FACE_OUTER_BOUND('',#1283,.T.);
#743=FACE_OUTER_BOUND('',#1284,.T.);
#744=FACE_OUTER_BOUND('',#1285,.T.);
#745=FACE_OUTER_BOUND('',#1286,.T.);
#746=FACE_OUTER_BOUND('',#1287,.T.);
#747=FACE_OUTER_BOUND('',#1288,.T.);
#748=FACE_OUTER_BOUND('',#1289,.T.);
#749=FACE_OUTER_BOUND('',#1290,.T.);
#750=FACE_OUTER_BOUND('',#1291,.T.);
#751=FACE_OUTER_BOUND('',#1293,.T.);
#752=FACE_OUTER_BOUND('',#1294,.T.);
#753=FACE_OUTER_BOUND('',#1295,.T.);
#754=FACE_OUTER_BOUND('',#1296,.T.);
#755=FACE_OUTER_BOUND('',#1297,.T.);
#756=FACE_OUTER_BOUND('',#1298,.T.);
#757=FACE_OUTER_BOUND('',#1299,.T.);
#758=FACE_OUTER_BOUND('',#1300,.T.);
#759=FACE_OUTER_BOUND('',#1301,.T.);
#760=FACE_OUTER_BOUND('',#1302,.T.);
#761=FACE_OUTER_BOUND('',#1303,.T.);
#762=FACE_OUTER_BOUND('',#1304,.T.);
#763=FACE_OUTER_BOUND('',#1305,.T.);
#764=FACE_OUTER_BOUND('',#1307,.T.);
#765=FACE_OUTER_BOUND('',#1308,.T.);
#766=FACE_OUTER_BOUND('',#1310,.T.);
#767=FACE_OUTER_BOUND('',#1311,.T.);
#768=FACE_OUTER_BOUND('',#1312,.T.);
#769=FACE_OUTER_BOUND('',#1313,.T.);
#770=FACE_OUTER_BOUND('',#1314,.T.);
#771=FACE_OUTER_BOUND('',#1315,.T.);
#772=FACE_OUTER_BOUND('',#1316,.T.);
#773=FACE_OUTER_BOUND('',#1317,.T.);
#774=FACE_OUTER_BOUND('',#1318,.T.);
#775=FACE_OUTER_BOUND('',#1319,.T.);
#776=FACE_OUTER_BOUND('',#1320,.T.);
#777=FACE_OUTER_BOUND('',#1321,.T.);
#778=FACE_OUTER_BOUND('',#1322,.T.);
#779=FACE_OUTER_BOUND('',#1323,.T.);
#780=FACE_OUTER_BOUND('',#1324,.T.);
#781=FACE_OUTER_BOUND('',#1325,.T.);
#782=FACE_OUTER_BOUND('',#1326,.T.);
#783=FACE_OUTER_BOUND('',#1327,.T.);
#784=FACE_OUTER_BOUND('',#1328,.T.);
#785=FACE_OUTER_BOUND('',#1329,.T.);
#786=FACE_OUTER_BOUND('',#1330,.T.);
#787=FACE_OUTER_BOUND('',#1331,.T.);
#788=FACE_OUTER_BOUND('',#1332,.T.);
#789=FACE_OUTER_BOUND('',#1333,.T.);
#790=FACE_OUTER_BOUND('',#1334,.T.);
#791=FACE_OUTER_BOUND('',#1335,.T.);
#792=FACE_OUTER_BOUND('',#1336,.T.);
#793=FACE_OUTER_BOUND('',#1340,.T.);
#794=FACE_OUTER_BOUND('',#1342,.T.);
#795=FACE_OUTER_BOUND('',#1343,.T.);
#796=FACE_OUTER_BOUND('',#1344,.T.);
#797=FACE_OUTER_BOUND('',#1345,.T.);
#798=FACE_OUTER_BOUND('',#1346,.T.);
#799=FACE_OUTER_BOUND('',#1347,.T.);
#800=FACE_OUTER_BOUND('',#1348,.T.);
#801=FACE_OUTER_BOUND('',#1349,.T.);
#802=FACE_OUTER_BOUND('',#1350,.T.);
#803=FACE_OUTER_BOUND('',#1351,.T.);
#804=FACE_OUTER_BOUND('',#1352,.T.);
#805=FACE_OUTER_BOUND('',#1353,.T.);
#806=FACE_OUTER_BOUND('',#1354,.T.);
#807=FACE_OUTER_BOUND('',#1355,.T.);
#808=FACE_OUTER_BOUND('',#1356,.T.);
#809=FACE_OUTER_BOUND('',#1357,.T.);
#810=FACE_OUTER_BOUND('',#1358,.T.);
#811=FACE_OUTER_BOUND('',#1359,.T.);
#812=FACE_OUTER_BOUND('',#1360,.T.);
#813=FACE_OUTER_BOUND('',#1361,.T.);
#814=FACE_OUTER_BOUND('',#1362,.T.);
#815=FACE_OUTER_BOUND('',#1363,.T.);
#816=FACE_OUTER_BOUND('',#1364,.T.);
#817=FACE_OUTER_BOUND('',#1365,.T.);
#818=FACE_OUTER_BOUND('',#1366,.T.);
#819=FACE_OUTER_BOUND('',#1367,.T.);
#820=FACE_OUTER_BOUND('',#1368,.T.);
#821=FACE_OUTER_BOUND('',#1369,.T.);
#822=FACE_OUTER_BOUND('',#1370,.T.);
#823=FACE_OUTER_BOUND('',#1371,.T.);
#824=FACE_OUTER_BOUND('',#1372,.T.);
#825=FACE_OUTER_BOUND('',#1373,.T.);
#826=FACE_OUTER_BOUND('',#1374,.T.);
#827=FACE_OUTER_BOUND('',#1375,.T.);
#828=FACE_OUTER_BOUND('',#1376,.T.);
#829=FACE_OUTER_BOUND('',#1377,.T.);
#830=FACE_OUTER_BOUND('',#1378,.T.);
#831=FACE_OUTER_BOUND('',#1380,.T.);
#832=FACE_OUTER_BOUND('',#1381,.T.);
#833=FACE_OUTER_BOUND('',#1382,.T.);
#834=FACE_OUTER_BOUND('',#1383,.T.);
#835=FACE_OUTER_BOUND('',#1384,.T.);
#836=FACE_OUTER_BOUND('',#1385,.T.);
#837=FACE_OUTER_BOUND('',#1386,.T.);
#838=FACE_OUTER_BOUND('',#1387,.T.);
#839=FACE_OUTER_BOUND('',#1388,.T.);
#840=FACE_OUTER_BOUND('',#1390,.T.);
#841=FACE_OUTER_BOUND('',#1391,.T.);
#842=FACE_OUTER_BOUND('',#1393,.T.);
#843=FACE_OUTER_BOUND('',#1394,.T.);
#844=FACE_OUTER_BOUND('',#1395,.T.);
#845=FACE_OUTER_BOUND('',#1396,.T.);
#846=FACE_OUTER_BOUND('',#1397,.T.);
#847=FACE_OUTER_BOUND('',#1398,.T.);
#848=FACE_OUTER_BOUND('',#1399,.T.);
#849=FACE_OUTER_BOUND('',#1401,.T.);
#850=FACE_OUTER_BOUND('',#1402,.T.);
#851=FACE_OUTER_BOUND('',#1403,.T.);
#852=FACE_OUTER_BOUND('',#1404,.T.);
#853=FACE_OUTER_BOUND('',#1405,.T.);
#854=FACE_OUTER_BOUND('',#1406,.T.);
#855=FACE_OUTER_BOUND('',#1407,.T.);
#856=FACE_OUTER_BOUND('',#1409,.T.);
#857=FACE_OUTER_BOUND('',#1410,.T.);
#858=FACE_OUTER_BOUND('',#1411,.T.);
#859=FACE_OUTER_BOUND('',#1412,.T.);
#860=FACE_OUTER_BOUND('',#1413,.T.);
#861=FACE_OUTER_BOUND('',#1414,.T.);
#862=FACE_OUTER_BOUND('',#1415,.T.);
#863=FACE_OUTER_BOUND('',#1416,.T.);
#864=FACE_OUTER_BOUND('',#1417,.T.);
#865=FACE_OUTER_BOUND('',#1418,.T.);
#866=FACE_OUTER_BOUND('',#1419,.T.);
#867=FACE_OUTER_BOUND('',#1420,.T.);
#868=FACE_OUTER_BOUND('',#1421,.T.);
#869=FACE_OUTER_BOUND('',#1422,.T.);
#870=FACE_OUTER_BOUND('',#1423,.T.);
#871=FACE_OUTER_BOUND('',#1424,.T.);
#872=FACE_OUTER_BOUND('',#1425,.T.);
#873=FACE_OUTER_BOUND('',#1426,.T.);
#874=FACE_OUTER_BOUND('',#1427,.T.);
#875=FACE_OUTER_BOUND('',#1428,.T.);
#876=FACE_OUTER_BOUND('',#1429,.T.);
#877=FACE_OUTER_BOUND('',#1430,.T.);
#878=FACE_OUTER_BOUND('',#1431,.T.);
#879=FACE_OUTER_BOUND('',#1432,.T.);
#880=FACE_OUTER_BOUND('',#1433,.T.);
#881=FACE_OUTER_BOUND('',#1434,.T.);
#882=FACE_OUTER_BOUND('',#1435,.T.);
#883=FACE_OUTER_BOUND('',#1436,.T.);
#884=FACE_OUTER_BOUND('',#1437,.T.);
#885=FACE_OUTER_BOUND('',#1438,.T.);
#886=FACE_OUTER_BOUND('',#1439,.T.);
#887=FACE_OUTER_BOUND('',#1440,.T.);
#888=FACE_OUTER_BOUND('',#1441,.T.);
#889=FACE_OUTER_BOUND('',#1442,.T.);
#890=FACE_OUTER_BOUND('',#1443,.T.);
#891=FACE_OUTER_BOUND('',#1444,.T.);
#892=FACE_OUTER_BOUND('',#1445,.T.);
#893=FACE_OUTER_BOUND('',#1446,.T.);
#894=FACE_OUTER_BOUND('',#1447,.T.);
#895=FACE_OUTER_BOUND('',#1448,.T.);
#896=FACE_OUTER_BOUND('',#1449,.T.);
#897=FACE_OUTER_BOUND('',#1450,.T.);
#898=FACE_OUTER_BOUND('',#1451,.T.);
#899=FACE_OUTER_BOUND('',#1452,.T.);
#900=FACE_OUTER_BOUND('',#1453,.T.);
#901=FACE_OUTER_BOUND('',#1454,.T.);
#902=FACE_OUTER_BOUND('',#1455,.T.);
#903=FACE_OUTER_BOUND('',#1456,.T.);
#904=FACE_OUTER_BOUND('',#1457,.T.);
#905=FACE_OUTER_BOUND('',#1458,.T.);
#906=FACE_OUTER_BOUND('',#1459,.T.);
#907=FACE_OUTER_BOUND('',#1460,.T.);
#908=FACE_OUTER_BOUND('',#1461,.T.);
#909=FACE_OUTER_BOUND('',#1462,.T.);
#910=FACE_OUTER_BOUND('',#1463,.T.);
#911=FACE_OUTER_BOUND('',#1464,.T.);
#912=FACE_OUTER_BOUND('',#1465,.T.);
#913=FACE_OUTER_BOUND('',#1466,.T.);
#914=FACE_OUTER_BOUND('',#1467,.T.);
#915=FACE_OUTER_BOUND('',#1468,.T.);
#916=FACE_OUTER_BOUND('',#1469,.T.);
#917=FACE_OUTER_BOUND('',#1470,.T.);
#918=FACE_OUTER_BOUND('',#1471,.T.);
#919=FACE_OUTER_BOUND('',#1472,.T.);
#920=FACE_OUTER_BOUND('',#1473,.T.);
#921=FACE_OUTER_BOUND('',#1474,.T.);
#922=FACE_OUTER_BOUND('',#1475,.T.);
#923=FACE_OUTER_BOUND('',#1476,.T.);
#924=FACE_OUTER_BOUND('',#1477,.T.);
#925=FACE_OUTER_BOUND('',#1478,.T.);
#926=FACE_OUTER_BOUND('',#1479,.T.);
#927=FACE_OUTER_BOUND('',#1480,.T.);
#928=FACE_OUTER_BOUND('',#1481,.T.);
#929=FACE_OUTER_BOUND('',#1482,.T.);
#930=FACE_OUTER_BOUND('',#1483,.T.);
#931=FACE_OUTER_BOUND('',#1484,.T.);
#932=FACE_OUTER_BOUND('',#1485,.T.);
#933=FACE_OUTER_BOUND('',#1486,.T.);
#934=FACE_OUTER_BOUND('',#1487,.T.);
#935=FACE_OUTER_BOUND('',#1488,.T.);
#936=FACE_OUTER_BOUND('',#1489,.T.);
#937=FACE_OUTER_BOUND('',#1490,.T.);
#938=FACE_OUTER_BOUND('',#1491,.T.);
#939=FACE_OUTER_BOUND('',#1492,.T.);
#940=FACE_OUTER_BOUND('',#1493,.T.);
#941=FACE_OUTER_BOUND('',#1494,.T.);
#942=FACE_OUTER_BOUND('',#1495,.T.);
#943=FACE_OUTER_BOUND('',#1496,.T.);
#944=FACE_OUTER_BOUND('',#1497,.T.);
#945=FACE_OUTER_BOUND('',#1498,.T.);
#946=FACE_OUTER_BOUND('',#1499,.T.);
#947=FACE_OUTER_BOUND('',#1500,.T.);
#948=FACE_OUTER_BOUND('',#1501,.T.);
#949=FACE_OUTER_BOUND('',#1502,.T.);
#950=FACE_OUTER_BOUND('',#1503,.T.);
#951=FACE_OUTER_BOUND('',#1504,.T.);
#952=FACE_OUTER_BOUND('',#1506,.T.);
#953=FACE_OUTER_BOUND('',#1508,.T.);
#954=FACE_OUTER_BOUND('',#1509,.T.);
#955=FACE_OUTER_BOUND('',#1510,.T.);
#956=FACE_OUTER_BOUND('',#1511,.T.);
#957=FACE_OUTER_BOUND('',#1513,.T.);
#958=FACE_OUTER_BOUND('',#1514,.T.);
#959=FACE_OUTER_BOUND('',#1515,.T.);
#960=FACE_OUTER_BOUND('',#1516,.T.);
#961=FACE_OUTER_BOUND('',#1517,.T.);
#962=FACE_OUTER_BOUND('',#1518,.T.);
#963=FACE_OUTER_BOUND('',#1519,.T.);
#964=FACE_OUTER_BOUND('',#1520,.T.);
#965=FACE_OUTER_BOUND('',#1521,.T.);
#966=FACE_OUTER_BOUND('',#1522,.T.);
#967=FACE_OUTER_BOUND('',#1523,.T.);
#968=FACE_OUTER_BOUND('',#1524,.T.);
#969=FACE_OUTER_BOUND('',#1525,.T.);
#970=FACE_OUTER_BOUND('',#1527,.T.);
#971=FACE_OUTER_BOUND('',#1528,.T.);
#972=FACE_OUTER_BOUND('',#1529,.T.);
#973=FACE_OUTER_BOUND('',#1530,.T.);
#974=FACE_OUTER_BOUND('',#1531,.T.);
#975=FACE_OUTER_BOUND('',#1532,.T.);
#976=FACE_OUTER_BOUND('',#1533,.T.);
#977=FACE_OUTER_BOUND('',#1534,.T.);
#978=FACE_OUTER_BOUND('',#1535,.T.);
#979=FACE_OUTER_BOUND('',#1536,.T.);
#980=FACE_OUTER_BOUND('',#1537,.T.);
#981=FACE_OUTER_BOUND('',#1538,.T.);
#982=FACE_OUTER_BOUND('',#1539,.T.);
#983=FACE_OUTER_BOUND('',#1540,.T.);
#984=FACE_OUTER_BOUND('',#1541,.T.);
#985=FACE_OUTER_BOUND('',#1542,.T.);
#986=FACE_OUTER_BOUND('',#1544,.T.);
#987=FACE_OUTER_BOUND('',#1546,.T.);
#988=FACE_OUTER_BOUND('',#1547,.T.);
#989=FACE_OUTER_BOUND('',#1548,.T.);
#990=FACE_OUTER_BOUND('',#1549,.T.);
#991=FACE_OUTER_BOUND('',#1551,.T.);
#992=FACE_OUTER_BOUND('',#1552,.T.);
#993=FACE_OUTER_BOUND('',#1553,.T.);
#994=FACE_OUTER_BOUND('',#1554,.T.);
#995=FACE_OUTER_BOUND('',#1555,.T.);
#996=FACE_OUTER_BOUND('',#1556,.T.);
#997=FACE_OUTER_BOUND('',#1557,.T.);
#998=FACE_OUTER_BOUND('',#1559,.T.);
#999=FACE_OUTER_BOUND('',#1560,.T.);
#1000=FACE_OUTER_BOUND('',#1561,.T.);
#1001=FACE_OUTER_BOUND('',#1562,.T.);
#1002=FACE_OUTER_BOUND('',#1563,.T.);
#1003=FACE_OUTER_BOUND('',#1564,.T.);
#1004=FACE_OUTER_BOUND('',#1565,.T.);
#1005=FACE_OUTER_BOUND('',#1566,.T.);
#1006=FACE_OUTER_BOUND('',#1567,.T.);
#1007=FACE_OUTER_BOUND('',#1568,.T.);
#1008=FACE_OUTER_BOUND('',#1570,.T.);
#1009=FACE_OUTER_BOUND('',#1571,.T.);
#1010=FACE_OUTER_BOUND('',#1572,.T.);
#1011=FACE_OUTER_BOUND('',#1573,.T.);
#1012=FACE_OUTER_BOUND('',#1574,.T.);
#1013=FACE_OUTER_BOUND('',#1575,.T.);
#1014=FACE_OUTER_BOUND('',#1576,.T.);
#1015=FACE_OUTER_BOUND('',#1577,.T.);
#1016=FACE_OUTER_BOUND('',#1578,.T.);
#1017=FACE_OUTER_BOUND('',#1579,.T.);
#1018=FACE_OUTER_BOUND('',#1580,.T.);
#1019=FACE_OUTER_BOUND('',#1581,.T.);
#1020=FACE_OUTER_BOUND('',#1582,.T.);
#1021=FACE_OUTER_BOUND('',#1584,.T.);
#1022=FACE_OUTER_BOUND('',#1585,.T.);
#1023=FACE_OUTER_BOUND('',#1586,.T.);
#1024=FACE_OUTER_BOUND('',#1587,.T.);
#1025=FACE_OUTER_BOUND('',#1588,.T.);
#1026=FACE_OUTER_BOUND('',#1589,.T.);
#1027=FACE_OUTER_BOUND('',#1590,.T.);
#1028=FACE_OUTER_BOUND('',#1591,.T.);
#1029=FACE_OUTER_BOUND('',#1592,.T.);
#1030=FACE_OUTER_BOUND('',#1593,.T.);
#1031=FACE_OUTER_BOUND('',#1594,.T.);
#1032=FACE_OUTER_BOUND('',#1595,.T.);
#1033=FACE_OUTER_BOUND('',#1596,.T.);
#1034=FACE_OUTER_BOUND('',#1597,.T.);
#1035=FACE_OUTER_BOUND('',#1598,.T.);
#1036=FACE_OUTER_BOUND('',#1599,.T.);
#1037=FACE_OUTER_BOUND('',#1601,.T.);
#1038=FACE_OUTER_BOUND('',#1603,.T.);
#1039=FACE_OUTER_BOUND('',#1604,.T.);
#1040=FACE_OUTER_BOUND('',#1606,.T.);
#1041=FACE_OUTER_BOUND('',#1607,.T.);
#1042=FACE_OUTER_BOUND('',#1609,.T.);
#1043=FACE_OUTER_BOUND('',#1610,.T.);
#1044=FACE_OUTER_BOUND('',#1612,.T.);
#1045=FACE_OUTER_BOUND('',#1613,.T.);
#1046=FACE_OUTER_BOUND('',#1615,.T.);
#1047=FACE_OUTER_BOUND('',#1616,.T.);
#1048=FACE_OUTER_BOUND('',#1618,.T.);
#1049=FACE_OUTER_BOUND('',#1619,.T.);
#1050=EDGE_LOOP('',(#5890,#5891,#5892,#5893));
#1051=EDGE_LOOP('',(#5894,#5895,#5896,#5897));
#1052=EDGE_LOOP('',(#5898,#5899,#5900,#5901,#5902,#5903));
#1053=EDGE_LOOP('',(#5904,#5905,#5906,#5907));
#1054=EDGE_LOOP('',(#5908,#5909,#5910,#5911,#5912,#5913));
#1055=EDGE_LOOP('',(#5914,#5915,#5916,#5917));
#1056=EDGE_LOOP('',(#5918,#5919,#5920,#5921));
#1057=EDGE_LOOP('',(#5922,#5923,#5924,#5925,#5926,#5927,#5928));
#1058=EDGE_LOOP('',(#5929,#5930,#5931,#5932));
#1059=EDGE_LOOP('',(#5933,#5934,#5935,#5936,#5937,#5938));
#1060=EDGE_LOOP('',(#5939,#5940,#5941,#5942));
#1061=EDGE_LOOP('',(#5943,#5944,#5945,#5946,#5947,#5948,#5949));
#1062=EDGE_LOOP('',(#5950,#5951,#5952,#5953,#5954,#5955));
#1063=EDGE_LOOP('',(#5956,#5957,#5958,#5959));
#1064=EDGE_LOOP('',(#5960,#5961,#5962,#5963,#5964,#5965,#5966));
#1065=EDGE_LOOP('',(#5967,#5968,#5969,#5970,#5971,#5972));
#1066=EDGE_LOOP('',(#5973,#5974,#5975,#5976));
#1067=EDGE_LOOP('',(#5977,#5978,#5979,#5980));
#1068=EDGE_LOOP('',(#5981,#5982,#5983,#5984));
#1069=EDGE_LOOP('',(#5985,#5986,#5987,#5988));
#1070=EDGE_LOOP('',(#5989,#5990,#5991,#5992,#5993,#5994));
#1071=EDGE_LOOP('',(#5995,#5996,#5997,#5998));
#1072=EDGE_LOOP('',(#5999,#6000,#6001,#6002,#6003,#6004,#6005,#6006,#6007,
#6008));
#1073=EDGE_LOOP('',(#6009,#6010,#6011,#6012,#6013,#6014));
#1074=EDGE_LOOP('',(#6015,#6016,#6017,#6018,#6019,#6020,#6021));
#1075=EDGE_LOOP('',(#6022,#6023,#6024,#6025));
#1076=EDGE_LOOP('',(#6026,#6027,#6028,#6029,#6030,#6031,#6032,#6033,#6034,
#6035,#6036,#6037,#6038));
#1077=EDGE_LOOP('',(#6039,#6040,#6041,#6042,#6043,#6044));
#1078=EDGE_LOOP('',(#6045,#6046,#6047,#6048,#6049,#6050));
#1079=EDGE_LOOP('',(#6051,#6052,#6053,#6054,#6055,#6056));
#1080=EDGE_LOOP('',(#6057,#6058,#6059,#6060,#6061,#6062));
#1081=EDGE_LOOP('',(#6063,#6064,#6065,#6066));
#1082=EDGE_LOOP('',(#6067,#6068,#6069,#6070,#6071,#6072));
#1083=EDGE_LOOP('',(#6073,#6074,#6075,#6076,#6077,#6078,#6079,#6080,#6081,
#6082,#6083,#6084,#6085,#6086,#6087,#6088,#6089,#6090,#6091));
#1084=EDGE_LOOP('',(#6092,#6093,#6094,#6095,#6096,#6097,#6098,#6099));
#1085=EDGE_LOOP('',(#6100,#6101,#6102,#6103,#6104,#6105,#6106,#6107));
#1086=EDGE_LOOP('',(#6108,#6109,#6110,#6111));
#1087=EDGE_LOOP('',(#6112,#6113,#6114,#6115));
#1088=EDGE_LOOP('',(#6116,#6117,#6118,#6119));
#1089=EDGE_LOOP('',(#6120,#6121,#6122,#6123));
#1090=EDGE_LOOP('',(#6124,#6125,#6126,#6127));
#1091=EDGE_LOOP('',(#6128,#6129,#6130,#6131));
#1092=EDGE_LOOP('',(#6132,#6133,#6134,#6135));
#1093=EDGE_LOOP('',(#6136,#6137,#6138,#6139));
#1094=EDGE_LOOP('',(#6140,#6141,#6142,#6143));
#1095=EDGE_LOOP('',(#6144,#6145,#6146,#6147));
#1096=EDGE_LOOP('',(#6148,#6149,#6150,#6151));
#1097=EDGE_LOOP('',(#6152,#6153,#6154,#6155));
#1098=EDGE_LOOP('',(#6156,#6157,#6158,#6159));
#1099=EDGE_LOOP('',(#6160,#6161,#6162,#6163));
#1100=EDGE_LOOP('',(#6164,#6165,#6166,#6167));
#1101=EDGE_LOOP('',(#6168,#6169,#6170,#6171));
#1102=EDGE_LOOP('',(#6172,#6173,#6174,#6175));
#1103=EDGE_LOOP('',(#6176,#6177,#6178,#6179));
#1104=EDGE_LOOP('',(#6180,#6181,#6182,#6183));
#1105=EDGE_LOOP('',(#6184,#6185,#6186,#6187));
#1106=EDGE_LOOP('',(#6188,#6189,#6190,#6191));
#1107=EDGE_LOOP('',(#6192,#6193,#6194,#6195));
#1108=EDGE_LOOP('',(#6196,#6197,#6198,#6199));
#1109=EDGE_LOOP('',(#6200,#6201,#6202,#6203));
#1110=EDGE_LOOP('',(#6204,#6205,#6206,#6207));
#1111=EDGE_LOOP('',(#6208,#6209,#6210,#6211));
#1112=EDGE_LOOP('',(#6212,#6213,#6214,#6215));
#1113=EDGE_LOOP('',(#6216,#6217,#6218,#6219));
#1114=EDGE_LOOP('',(#6220,#6221,#6222,#6223));
#1115=EDGE_LOOP('',(#6224,#6225,#6226,#6227));
#1116=EDGE_LOOP('',(#6228,#6229,#6230,#6231));
#1117=EDGE_LOOP('',(#6232,#6233,#6234,#6235,#6236,#6237,#6238,#6239,#6240,
#6241,#6242,#6243,#6244,#6245,#6246,#6247,#6248,#6249,#6250,#6251,#6252));
#1118=EDGE_LOOP('',(#6253,#6254,#6255,#6256,#6257,#6258,#6259,#6260));
#1119=EDGE_LOOP('',(#6261,#6262,#6263,#6264,#6265,#6266,#6267,#6268));
#1120=EDGE_LOOP('',(#6269,#6270,#6271,#6272));
#1121=EDGE_LOOP('',(#6273,#6274,#6275,#6276));
#1122=EDGE_LOOP('',(#6277,#6278,#6279,#6280,#6281,#6282));
#1123=EDGE_LOOP('',(#6283,#6284,#6285,#6286));
#1124=EDGE_LOOP('',(#6287,#6288,#6289,#6290));
#1125=EDGE_LOOP('',(#6291,#6292,#6293,#6294));
#1126=EDGE_LOOP('',(#6295,#6296,#6297,#6298));
#1127=EDGE_LOOP('',(#6299,#6300,#6301,#6302));
#1128=EDGE_LOOP('',(#6303,#6304,#6305,#6306,#6307));
#1129=EDGE_LOOP('',(#6308,#6309,#6310,#6311));
#1130=EDGE_LOOP('',(#6312,#6313,#6314,#6315));
#1131=EDGE_LOOP('',(#6316,#6317,#6318,#6319));
#1132=EDGE_LOOP('',(#6320,#6321,#6322,#6323));
#1133=EDGE_LOOP('',(#6324,#6325,#6326,#6327));
#1134=EDGE_LOOP('',(#6328,#6329,#6330,#6331));
#1135=EDGE_LOOP('',(#6332,#6333,#6334,#6335,#6336,#6337,#6338,#6339,#6340,
#6341,#6342,#6343,#6344,#6345,#6346,#6347,#6348,#6349,#6350,#6351,#6352,
#6353,#6354,#6355,#6356,#6357,#6358,#6359));
#1136=EDGE_LOOP('',(#6360));
#1137=EDGE_LOOP('',(#6361,#6362,#6363,#6364,#6365,#6366,#6367,#6368));
#1138=EDGE_LOOP('',(#6369,#6370,#6371,#6372));
#1139=EDGE_LOOP('',(#6373,#6374,#6375,#6376,#6377,#6378,#6379,#6380));
#1140=EDGE_LOOP('',(#6381));
#1141=EDGE_LOOP('',(#6382,#6383,#6384,#6385,#6386,#6387));
#1142=EDGE_LOOP('',(#6388,#6389,#6390,#6391));
#1143=EDGE_LOOP('',(#6392,#6393,#6394,#6395,#6396,#6397));
#1144=EDGE_LOOP('',(#6398,#6399,#6400,#6401,#6402,#6403,#6404,#6405,#6406));
#1145=EDGE_LOOP('',(#6407,#6408,#6409,#6410));
#1146=EDGE_LOOP('',(#6411,#6412,#6413,#6414));
#1147=EDGE_LOOP('',(#6415,#6416,#6417,#6418));
#1148=EDGE_LOOP('',(#6419,#6420,#6421,#6422,#6423,#6424,#6425,#6426,#6427,
#6428,#6429,#6430,#6431,#6432,#6433,#6434));
#1149=EDGE_LOOP('',(#6435,#6436,#6437,#6438));
#1150=EDGE_LOOP('',(#6439,#6440,#6441,#6442));
#1151=EDGE_LOOP('',(#6443,#6444,#6445,#6446));
#1152=EDGE_LOOP('',(#6447,#6448,#6449,#6450));
#1153=EDGE_LOOP('',(#6451,#6452,#6453,#6454,#6455,#6456,#6457,#6458,#6459,
#6460,#6461,#6462,#6463,#6464,#6465,#6466));
#1154=EDGE_LOOP('',(#6467,#6468,#6469,#6470));
#1155=EDGE_LOOP('',(#6471,#6472,#6473));
#1156=EDGE_LOOP('',(#6474,#6475,#6476,#6477));
#1157=EDGE_LOOP('',(#6478,#6479,#6480,#6481));
#1158=EDGE_LOOP('',(#6482,#6483,#6484,#6485));
#1159=EDGE_LOOP('',(#6486,#6487,#6488,#6489));
#1160=EDGE_LOOP('',(#6490,#6491,#6492,#6493));
#1161=EDGE_LOOP('',(#6494,#6495,#6496,#6497));
#1162=EDGE_LOOP('',(#6498,#6499,#6500,#6501));
#1163=EDGE_LOOP('',(#6502,#6503,#6504,#6505));
#1164=EDGE_LOOP('',(#6506,#6507,#6508,#6509));
#1165=EDGE_LOOP('',(#6510,#6511,#6512,#6513));
#1166=EDGE_LOOP('',(#6514,#6515,#6516));
#1167=EDGE_LOOP('',(#6517,#6518,#6519,#6520));
#1168=EDGE_LOOP('',(#6521,#6522,#6523,#6524));
#1169=EDGE_LOOP('',(#6525,#6526,#6527,#6528));
#1170=EDGE_LOOP('',(#6529,#6530,#6531,#6532));
#1171=EDGE_LOOP('',(#6533,#6534,#6535,#6536));
#1172=EDGE_LOOP('',(#6537,#6538,#6539,#6540));
#1173=EDGE_LOOP('',(#6541,#6542,#6543,#6544));
#1174=EDGE_LOOP('',(#6545,#6546,#6547,#6548));
#1175=EDGE_LOOP('',(#6549,#6550,#6551,#6552));
#1176=EDGE_LOOP('',(#6553,#6554,#6555,#6556));
#1177=EDGE_LOOP('',(#6557,#6558,#6559,#6560));
#1178=EDGE_LOOP('',(#6561,#6562,#6563,#6564));
#1179=EDGE_LOOP('',(#6565,#6566,#6567,#6568));
#1180=EDGE_LOOP('',(#6569,#6570,#6571,#6572));
#1181=EDGE_LOOP('',(#6573,#6574,#6575,#6576,#6577));
#1182=EDGE_LOOP('',(#6578,#6579,#6580,#6581));
#1183=EDGE_LOOP('',(#6582,#6583,#6584,#6585));
#1184=EDGE_LOOP('',(#6586,#6587,#6588,#6589,#6590,#6591,#6592));
#1185=EDGE_LOOP('',(#6593,#6594,#6595,#6596));
#1186=EDGE_LOOP('',(#6597,#6598,#6599));
#1187=EDGE_LOOP('',(#6600,#6601,#6602,#6603));
#1188=EDGE_LOOP('',(#6604,#6605,#6606,#6607));
#1189=EDGE_LOOP('',(#6608,#6609,#6610,#6611));
#1190=EDGE_LOOP('',(#6612,#6613,#6614,#6615));
#1191=EDGE_LOOP('',(#6616,#6617,#6618,#6619));
#1192=EDGE_LOOP('',(#6620,#6621,#6622,#6623,#6624,#6625));
#1193=EDGE_LOOP('',(#6626,#6627,#6628,#6629));
#1194=EDGE_LOOP('',(#6630,#6631,#6632,#6633));
#1195=EDGE_LOOP('',(#6634,#6635,#6636,#6637));
#1196=EDGE_LOOP('',(#6638,#6639,#6640,#6641));
#1197=EDGE_LOOP('',(#6642,#6643,#6644,#6645));
#1198=EDGE_LOOP('',(#6646,#6647,#6648,#6649,#6650,#6651,#6652,#6653,#6654,
#6655,#6656,#6657,#6658,#6659,#6660,#6661,#6662,#6663,#6664,#6665,#6666,
#6667,#6668,#6669,#6670,#6671,#6672,#6673,#6674));
#1199=EDGE_LOOP('',(#6675));
#1200=EDGE_LOOP('',(#6676));
#1201=EDGE_LOOP('',(#6677,#6678,#6679,#6680));
#1202=EDGE_LOOP('',(#6681,#6682,#6683,#6684,#6685,#6686,#6687,#6688));
#1203=EDGE_LOOP('',(#6689,#6690,#6691,#6692,#6693,#6694,#6695,#6696));
#1204=EDGE_LOOP('',(#6697,#6698,#6699,#6700,#6701,#6702));
#1205=EDGE_LOOP('',(#6703,#6704,#6705,#6706,#6707,#6708,#6709,#6710,#6711));
#1206=EDGE_LOOP('',(#6712,#6713,#6714,#6715,#6716,#6717,#6718));
#1207=EDGE_LOOP('',(#6719,#6720,#6721,#6722,#6723,#6724,#6725));
#1208=EDGE_LOOP('',(#6726,#6727,#6728,#6729));
#1209=EDGE_LOOP('',(#6730,#6731,#6732,#6733));
#1210=EDGE_LOOP('',(#6734,#6735,#6736,#6737));
#1211=EDGE_LOOP('',(#6738,#6739,#6740,#6741));
#1212=EDGE_LOOP('',(#6742,#6743,#6744,#6745));
#1213=EDGE_LOOP('',(#6746,#6747,#6748,#6749));
#1214=EDGE_LOOP('',(#6750,#6751,#6752));
#1215=EDGE_LOOP('',(#6753,#6754,#6755,#6756));
#1216=EDGE_LOOP('',(#6757,#6758,#6759,#6760));
#1217=EDGE_LOOP('',(#6761,#6762,#6763,#6764,#6765,#6766,#6767,#6768,#6769,
#6770,#6771,#6772,#6773,#6774,#6775,#6776,#6777,#6778,#6779,#6780,#6781,
#6782,#6783,#6784,#6785));
#1218=EDGE_LOOP('',(#6786));
#1219=EDGE_LOOP('',(#6787));
#1220=EDGE_LOOP('',(#6788));
#1221=EDGE_LOOP('',(#6789));
#1222=EDGE_LOOP('',(#6790));
#1223=EDGE_LOOP('',(#6791));
#1224=EDGE_LOOP('',(#6792));
#1225=EDGE_LOOP('',(#6793,#6794,#6795,#6796));
#1226=EDGE_LOOP('',(#6797,#6798,#6799,#6800,#6801,#6802,#6803,#6804));
#1227=EDGE_LOOP('',(#6805));
#1228=EDGE_LOOP('',(#6806,#6807,#6808,#6809,#6810,#6811,#6812,#6813));
#1229=EDGE_LOOP('',(#6814,#6815,#6816,#6817));
#1230=EDGE_LOOP('',(#6818,#6819,#6820,#6821));
#1231=EDGE_LOOP('',(#6822,#6823,#6824,#6825,#6826,#6827,#6828,#6829,#6830,
#6831,#6832,#6833,#6834,#6835,#6836,#6837,#6838,#6839,#6840,#6841,#6842,
#6843,#6844,#6845,#6846,#6847));
#1232=EDGE_LOOP('',(#6848));
#1233=EDGE_LOOP('',(#6849));
#1234=EDGE_LOOP('',(#6850));
#1235=EDGE_LOOP('',(#6851));
#1236=EDGE_LOOP('',(#6852));
#1237=EDGE_LOOP('',(#6853));
#1238=EDGE_LOOP('',(#6854,#6855,#6856,#6857,#6858,#6859,#6860,#6861));
#1239=EDGE_LOOP('',(#6862));
#1240=EDGE_LOOP('',(#6863,#6864,#6865,#6866,#6867,#6868,#6869,#6870));
#1241=EDGE_LOOP('',(#6871,#6872,#6873,#6874));
#1242=EDGE_LOOP('',(#6875));
#1243=EDGE_LOOP('',(#6876,#6877,#6878,#6879));
#1244=EDGE_LOOP('',(#6880,#6881,#6882,#6883));
#1245=EDGE_LOOP('',(#6884,#6885,#6886,#6887));
#1246=EDGE_LOOP('',(#6888,#6889,#6890,#6891));
#1247=EDGE_LOOP('',(#6892,#6893,#6894,#6895));
#1248=EDGE_LOOP('',(#6896,#6897,#6898,#6899));
#1249=EDGE_LOOP('',(#6900,#6901,#6902,#6903));
#1250=EDGE_LOOP('',(#6904,#6905,#6906,#6907));
#1251=EDGE_LOOP('',(#6908,#6909,#6910,#6911));
#1252=EDGE_LOOP('',(#6912,#6913,#6914,#6915));
#1253=EDGE_LOOP('',(#6916,#6917,#6918,#6919));
#1254=EDGE_LOOP('',(#6920,#6921,#6922,#6923));
#1255=EDGE_LOOP('',(#6924,#6925,#6926,#6927));
#1256=EDGE_LOOP('',(#6928,#6929,#6930,#6931));
#1257=EDGE_LOOP('',(#6932,#6933,#6934,#6935));
#1258=EDGE_LOOP('',(#6936,#6937,#6938,#6939));
#1259=EDGE_LOOP('',(#6940,#6941,#6942,#6943));
#1260=EDGE_LOOP('',(#6944,#6945,#6946,#6947));
#1261=EDGE_LOOP('',(#6948,#6949,#6950,#6951));
#1262=EDGE_LOOP('',(#6952,#6953,#6954,#6955));
#1263=EDGE_LOOP('',(#6956,#6957,#6958,#6959));
#1264=EDGE_LOOP('',(#6960,#6961,#6962,#6963));
#1265=EDGE_LOOP('',(#6964,#6965,#6966,#6967));
#1266=EDGE_LOOP('',(#6968,#6969,#6970,#6971));
#1267=EDGE_LOOP('',(#6972,#6973,#6974,#6975));
#1268=EDGE_LOOP('',(#6976,#6977,#6978,#6979));
#1269=EDGE_LOOP('',(#6980,#6981,#6982,#6983));
#1270=EDGE_LOOP('',(#6984,#6985,#6986,#6987));
#1271=EDGE_LOOP('',(#6988,#6989,#6990,#6991));
#1272=EDGE_LOOP('',(#6992,#6993,#6994,#6995));
#1273=EDGE_LOOP('',(#6996,#6997,#6998,#6999));
#1274=EDGE_LOOP('',(#7000,#7001,#7002,#7003));
#1275=EDGE_LOOP('',(#7004,#7005,#7006,#7007));
#1276=EDGE_LOOP('',(#7008,#7009,#7010,#7011));
#1277=EDGE_LOOP('',(#7012,#7013,#7014,#7015));
#1278=EDGE_LOOP('',(#7016,#7017,#7018,#7019));
#1279=EDGE_LOOP('',(#7020,#7021,#7022,#7023));
#1280=EDGE_LOOP('',(#7024,#7025,#7026,#7027));
#1281=EDGE_LOOP('',(#7028,#7029,#7030,#7031,#7032));
#1282=EDGE_LOOP('',(#7033,#7034,#7035,#7036));
#1283=EDGE_LOOP('',(#7037,#7038,#7039,#7040,#7041));
#1284=EDGE_LOOP('',(#7042,#7043,#7044,#7045));
#1285=EDGE_LOOP('',(#7046,#7047,#7048,#7049));
#1286=EDGE_LOOP('',(#7050,#7051,#7052,#7053));
#1287=EDGE_LOOP('',(#7054,#7055,#7056,#7057));
#1288=EDGE_LOOP('',(#7058,#7059,#7060,#7061));
#1289=EDGE_LOOP('',(#7062,#7063,#7064,#7065,#7066,#7067,#7068,#7069,#7070,
#7071,#7072,#7073,#7074,#7075,#7076,#7077));
#1290=EDGE_LOOP('',(#7078,#7079,#7080,#7081));
#1291=EDGE_LOOP('',(#7082));
#1292=EDGE_LOOP('',(#7083));
#1293=EDGE_LOOP('',(#7084,#7085,#7086,#7087));
#1294=EDGE_LOOP('',(#7088,#7089,#7090,#7091));
#1295=EDGE_LOOP('',(#7092,#7093,#7094,#7095));
#1296=EDGE_LOOP('',(#7096,#7097,#7098,#7099,#7100,#7101,#7102,#7103));
#1297=EDGE_LOOP('',(#7104,#7105,#7106,#7107));
#1298=EDGE_LOOP('',(#7108,#7109,#7110,#7111,#7112,#7113,#7114));
#1299=EDGE_LOOP('',(#7115,#7116,#7117,#7118,#7119));
#1300=EDGE_LOOP('',(#7120,#7121,#7122,#7123,#7124));
#1301=EDGE_LOOP('',(#7125,#7126,#7127));
#1302=EDGE_LOOP('',(#7128,#7129,#7130,#7131));
#1303=EDGE_LOOP('',(#7132,#7133,#7134));
#1304=EDGE_LOOP('',(#7135,#7136,#7137,#7138));
#1305=EDGE_LOOP('',(#7139,#7140,#7141,#7142,#7143,#7144,#7145,#7146));
#1306=EDGE_LOOP('',(#7147));
#1307=EDGE_LOOP('',(#7148,#7149,#7150,#7151,#7152,#7153,#7154,#7155,#7156,
#7157,#7158,#7159,#7160,#7161,#7162,#7163,#7164,#7165));
#1308=EDGE_LOOP('',(#7166,#7167,#7168,#7169,#7170,#7171,#7172,#7173));
#1309=EDGE_LOOP('',(#7174));
#1310=EDGE_LOOP('',(#7175,#7176,#7177,#7178));
#1311=EDGE_LOOP('',(#7179,#7180,#7181,#7182,#7183,#7184));
#1312=EDGE_LOOP('',(#7185,#7186,#7187,#7188,#7189,#7190,#7191,#7192,#7193,
#7194,#7195));
#1313=EDGE_LOOP('',(#7196,#7197,#7198));
#1314=EDGE_LOOP('',(#7199,#7200,#7201));
#1315=EDGE_LOOP('',(#7202,#7203,#7204,#7205,#7206,#7207,#7208,#7209,#7210,
#7211));
#1316=EDGE_LOOP('',(#7212,#7213,#7214));
#1317=EDGE_LOOP('',(#7215,#7216,#7217,#7218,#7219));
#1318=EDGE_LOOP('',(#7220,#7221,#7222,#7223));
#1319=EDGE_LOOP('',(#7224,#7225,#7226,#7227));
#1320=EDGE_LOOP('',(#7228,#7229,#7230,#7231));
#1321=EDGE_LOOP('',(#7232,#7233,#7234,#7235));
#1322=EDGE_LOOP('',(#7236,#7237,#7238,#7239));
#1323=EDGE_LOOP('',(#7240,#7241,#7242));
#1324=EDGE_LOOP('',(#7243,#7244,#7245));
#1325=EDGE_LOOP('',(#7246,#7247,#7248));
#1326=EDGE_LOOP('',(#7249,#7250,#7251,#7252,#7253,#7254,#7255,#7256,#7257,
#7258,#7259,#7260,#7261,#7262,#7263,#7264,#7265,#7266,#7267));
#1327=EDGE_LOOP('',(#7268,#7269,#7270,#7271));
#1328=EDGE_LOOP('',(#7272,#7273,#7274,#7275));
#1329=EDGE_LOOP('',(#7276,#7277,#7278,#7279));
#1330=EDGE_LOOP('',(#7280,#7281,#7282,#7283));
#1331=EDGE_LOOP('',(#7284,#7285,#7286,#7287));
#1332=EDGE_LOOP('',(#7288,#7289,#7290,#7291));
#1333=EDGE_LOOP('',(#7292,#7293,#7294));
#1334=EDGE_LOOP('',(#7295,#7296,#7297,#7298));
#1335=EDGE_LOOP('',(#7299,#7300,#7301,#7302));
#1336=EDGE_LOOP('',(#7303,#7304,#7305,#7306,#7307,#7308,#7309,#7310,#7311,
#7312,#7313,#7314,#7315,#7316,#7317,#7318,#7319,#7320,#7321,#7322,#7323,
#7324,#7325));
#1337=EDGE_LOOP('',(#7326));
#1338=EDGE_LOOP('',(#7327));
#1339=EDGE_LOOP('',(#7328));
#1340=EDGE_LOOP('',(#7329));
#1341=EDGE_LOOP('',(#7330));
#1342=EDGE_LOOP('',(#7331,#7332,#7333,#7334));
#1343=EDGE_LOOP('',(#7335,#7336,#7337));
#1344=EDGE_LOOP('',(#7338,#7339,#7340,#7341));
#1345=EDGE_LOOP('',(#7342,#7343,#7344,#7345));
#1346=EDGE_LOOP('',(#7346,#7347,#7348));
#1347=EDGE_LOOP('',(#7349,#7350,#7351,#7352,#7353,#7354,#7355,#7356,#7357,
#7358,#7359,#7360,#7361,#7362,#7363,#7364,#7365,#7366,#7367,#7368));
#1348=EDGE_LOOP('',(#7369,#7370,#7371,#7372));
#1349=EDGE_LOOP('',(#7373,#7374,#7375,#7376));
#1350=EDGE_LOOP('',(#7377,#7378,#7379));
#1351=EDGE_LOOP('',(#7380,#7381,#7382,#7383));
#1352=EDGE_LOOP('',(#7384,#7385,#7386,#7387));
#1353=EDGE_LOOP('',(#7388,#7389,#7390));
#1354=EDGE_LOOP('',(#7391,#7392,#7393,#7394));
#1355=EDGE_LOOP('',(#7395,#7396,#7397,#7398));
#1356=EDGE_LOOP('',(#7399,#7400,#7401));
#1357=EDGE_LOOP('',(#7402,#7403,#7404,#7405));
#1358=EDGE_LOOP('',(#7406,#7407,#7408,#7409));
#1359=EDGE_LOOP('',(#7410,#7411,#7412,#7413));
#1360=EDGE_LOOP('',(#7414,#7415,#7416));
#1361=EDGE_LOOP('',(#7417,#7418,#7419,#7420));
#1362=EDGE_LOOP('',(#7421,#7422,#7423,#7424));
#1363=EDGE_LOOP('',(#7425,#7426,#7427));
#1364=EDGE_LOOP('',(#7428,#7429,#7430,#7431));
#1365=EDGE_LOOP('',(#7432,#7433,#7434,#7435));
#1366=EDGE_LOOP('',(#7436,#7437,#7438));
#1367=EDGE_LOOP('',(#7439,#7440,#7441,#7442,#7443,#7444,#7445,#7446,#7447,
#7448));
#1368=EDGE_LOOP('',(#7449,#7450,#7451,#7452,#7453,#7454,#7455,#7456,#7457,
#7458,#7459));
#1369=EDGE_LOOP('',(#7460,#7461,#7462,#7463,#7464,#7465,#7466,#7467,#7468,
#7469,#7470,#7471));
#1370=EDGE_LOOP('',(#7472,#7473,#7474,#7475,#7476,#7477,#7478,#7479,#7480,
#7481));
#1371=EDGE_LOOP('',(#7482,#7483,#7484,#7485,#7486,#7487,#7488,#7489,#7490,
#7491,#7492,#7493,#7494,#7495,#7496,#7497));
#1372=EDGE_LOOP('',(#7498,#7499,#7500,#7501,#7502,#7503,#7504,#7505));
#1373=EDGE_LOOP('',(#7506,#7507,#7508,#7509));
#1374=EDGE_LOOP('',(#7510,#7511,#7512,#7513,#7514));
#1375=EDGE_LOOP('',(#7515,#7516,#7517,#7518));
#1376=EDGE_LOOP('',(#7519,#7520,#7521,#7522,#7523,#7524,#7525,#7526));
#1377=EDGE_LOOP('',(#7527,#7528,#7529,#7530));
#1378=EDGE_LOOP('',(#7531,#7532,#7533,#7534,#7535,#7536,#7537,#7538));
#1379=EDGE_LOOP('',(#7539));
#1380=EDGE_LOOP('',(#7540,#7541,#7542,#7543,#7544,#7545,#7546,#7547,#7548,
#7549,#7550,#7551,#7552,#7553,#7554,#7555));
#1381=EDGE_LOOP('',(#7556,#7557,#7558,#7559));
#1382=EDGE_LOOP('',(#7560,#7561,#7562,#7563));
#1383=EDGE_LOOP('',(#7564,#7565,#7566,#7567,#7568));
#1384=EDGE_LOOP('',(#7569,#7570,#7571,#7572));
#1385=EDGE_LOOP('',(#7573,#7574,#7575));
#1386=EDGE_LOOP('',(#7576,#7577,#7578,#7579));
#1387=EDGE_LOOP('',(#7580,#7581,#7582));
#1388=EDGE_LOOP('',(#7583,#7584,#7585,#7586,#7587,#7588,#7589,#7590));
#1389=EDGE_LOOP('',(#7591));
#1390=EDGE_LOOP('',(#7592,#7593,#7594,#7595));
#1391=EDGE_LOOP('',(#7596));
#1392=EDGE_LOOP('',(#7597));
#1393=EDGE_LOOP('',(#7598,#7599,#7600,#7601));
#1394=EDGE_LOOP('',(#7602,#7603,#7604,#7605));
#1395=EDGE_LOOP('',(#7606,#7607,#7608,#7609,#7610,#7611,#7612,#7613));
#1396=EDGE_LOOP('',(#7614,#7615,#7616,#7617));
#1397=EDGE_LOOP('',(#7618,#7619,#7620,#7621));
#1398=EDGE_LOOP('',(#7622,#7623,#7624,#7625));
#1399=EDGE_LOOP('',(#7626));
#1400=EDGE_LOOP('',(#7627));
#1401=EDGE_LOOP('',(#7628,#7629,#7630,#7631,#7632,#7633));
#1402=EDGE_LOOP('',(#7634,#7635,#7636,#7637,#7638,#7639));
#1403=EDGE_LOOP('',(#7640,#7641,#7642,#7643,#7644));
#1404=EDGE_LOOP('',(#7645,#7646,#7647,#7648,#7649,#7650));
#1405=EDGE_LOOP('',(#7651,#7652,#7653,#7654,#7655));
#1406=EDGE_LOOP('',(#7656,#7657,#7658,#7659));
#1407=EDGE_LOOP('',(#7660));
#1408=EDGE_LOOP('',(#7661));
#1409=EDGE_LOOP('',(#7662,#7663,#7664,#7665));
#1410=EDGE_LOOP('',(#7666,#7667,#7668,#7669));
#1411=EDGE_LOOP('',(#7670,#7671,#7672,#7673));
#1412=EDGE_LOOP('',(#7674,#7675,#7676,#7677));
#1413=EDGE_LOOP('',(#7678,#7679,#7680,#7681));
#1414=EDGE_LOOP('',(#7682,#7683,#7684,#7685));
#1415=EDGE_LOOP('',(#7686,#7687,#7688,#7689));
#1416=EDGE_LOOP('',(#7690,#7691,#7692));
#1417=EDGE_LOOP('',(#7693,#7694,#7695,#7696));
#1418=EDGE_LOOP('',(#7697,#7698,#7699));
#1419=EDGE_LOOP('',(#7700,#7701,#7702,#7703));
#1420=EDGE_LOOP('',(#7704,#7705,#7706));
#1421=EDGE_LOOP('',(#7707,#7708,#7709,#7710));
#1422=EDGE_LOOP('',(#7711,#7712,#7713));
#1423=EDGE_LOOP('',(#7714,#7715,#7716));
#1424=EDGE_LOOP('',(#7717,#7718,#7719,#7720,#7721,#7722));
#1425=EDGE_LOOP('',(#7723,#7724,#7725,#7726));
#1426=EDGE_LOOP('',(#7727,#7728,#7729,#7730));
#1427=EDGE_LOOP('',(#7731,#7732,#7733,#7734));
#1428=EDGE_LOOP('',(#7735,#7736,#7737,#7738));
#1429=EDGE_LOOP('',(#7739,#7740,#7741,#7742));
#1430=EDGE_LOOP('',(#7743,#7744,#7745,#7746));
#1431=EDGE_LOOP('',(#7747,#7748,#7749,#7750));
#1432=EDGE_LOOP('',(#7751,#7752,#7753));
#1433=EDGE_LOOP('',(#7754,#7755,#7756,#7757));
#1434=EDGE_LOOP('',(#7758,#7759,#7760));
#1435=EDGE_LOOP('',(#7761,#7762,#7763,#7764));
#1436=EDGE_LOOP('',(#7765,#7766,#7767));
#1437=EDGE_LOOP('',(#7768,#7769,#7770));
#1438=EDGE_LOOP('',(#7771,#7772,#7773,#7774));
#1439=EDGE_LOOP('',(#7775,#7776,#7777));
#1440=EDGE_LOOP('',(#7778,#7779,#7780,#7781));
#1441=EDGE_LOOP('',(#7782,#7783,#7784));
#1442=EDGE_LOOP('',(#7785,#7786,#7787,#7788));
#1443=EDGE_LOOP('',(#7789,#7790,#7791));
#1444=EDGE_LOOP('',(#7792,#7793,#7794));
#1445=EDGE_LOOP('',(#7795,#7796,#7797,#7798));
#1446=EDGE_LOOP('',(#7799,#7800,#7801,#7802));
#1447=EDGE_LOOP('',(#7803,#7804,#7805,#7806));
#1448=EDGE_LOOP('',(#7807,#7808,#7809,#7810));
#1449=EDGE_LOOP('',(#7811,#7812,#7813,#7814));
#1450=EDGE_LOOP('',(#7815,#7816,#7817,#7818));
#1451=EDGE_LOOP('',(#7819,#7820,#7821));
#1452=EDGE_LOOP('',(#7822,#7823,#7824,#7825));
#1453=EDGE_LOOP('',(#7826,#7827,#7828,#7829));
#1454=EDGE_LOOP('',(#7830,#7831,#7832,#7833));
#1455=EDGE_LOOP('',(#7834,#7835,#7836,#7837));
#1456=EDGE_LOOP('',(#7838,#7839,#7840,#7841));
#1457=EDGE_LOOP('',(#7842,#7843,#7844,#7845));
#1458=EDGE_LOOP('',(#7846,#7847,#7848,#7849));
#1459=EDGE_LOOP('',(#7850,#7851,#7852,#7853));
#1460=EDGE_LOOP('',(#7854,#7855,#7856,#7857));
#1461=EDGE_LOOP('',(#7858,#7859,#7860,#7861));
#1462=EDGE_LOOP('',(#7862,#7863,#7864,#7865));
#1463=EDGE_LOOP('',(#7866,#7867,#7868,#7869));
#1464=EDGE_LOOP('',(#7870,#7871,#7872,#7873));
#1465=EDGE_LOOP('',(#7874,#7875,#7876,#7877));
#1466=EDGE_LOOP('',(#7878,#7879,#7880,#7881));
#1467=EDGE_LOOP('',(#7882,#7883,#7884,#7885));
#1468=EDGE_LOOP('',(#7886,#7887,#7888,#7889));
#1469=EDGE_LOOP('',(#7890,#7891,#7892,#7893));
#1470=EDGE_LOOP('',(#7894,#7895,#7896,#7897));
#1471=EDGE_LOOP('',(#7898,#7899,#7900,#7901));
#1472=EDGE_LOOP('',(#7902,#7903,#7904,#7905));
#1473=EDGE_LOOP('',(#7906,#7907,#7908,#7909));
#1474=EDGE_LOOP('',(#7910,#7911,#7912,#7913));
#1475=EDGE_LOOP('',(#7914,#7915,#7916,#7917));
#1476=EDGE_LOOP('',(#7918,#7919,#7920,#7921,#7922));
#1477=EDGE_LOOP('',(#7923,#7924,#7925,#7926));
#1478=EDGE_LOOP('',(#7927,#7928,#7929,#7930));
#1479=EDGE_LOOP('',(#7931,#7932,#7933,#7934,#7935,#7936));
#1480=EDGE_LOOP('',(#7937,#7938,#7939,#7940));
#1481=EDGE_LOOP('',(#7941,#7942,#7943,#7944,#7945));
#1482=EDGE_LOOP('',(#7946,#7947,#7948,#7949));
#1483=EDGE_LOOP('',(#7950,#7951,#7952,#7953));
#1484=EDGE_LOOP('',(#7954,#7955,#7956,#7957));
#1485=EDGE_LOOP('',(#7958,#7959,#7960,#7961));
#1486=EDGE_LOOP('',(#7962));
#1487=EDGE_LOOP('',(#7963));
#1488=EDGE_LOOP('',(#7964,#7965,#7966,#7967,#7968,#7969,#7970,#7971));
#1489=EDGE_LOOP('',(#7972,#7973,#7974,#7975));
#1490=EDGE_LOOP('',(#7976,#7977,#7978,#7979,#7980,#7981,#7982,#7983));
#1491=EDGE_LOOP('',(#7984,#7985,#7986,#7987));
#1492=EDGE_LOOP('',(#7988,#7989,#7990,#7991,#7992,#7993,#7994,#7995));
#1493=EDGE_LOOP('',(#7996,#7997,#7998,#7999,#8000,#8001,#8002,#8003));
#1494=EDGE_LOOP('',(#8004,#8005,#8006,#8007));
#1495=EDGE_LOOP('',(#8008,#8009,#8010,#8011));
#1496=EDGE_LOOP('',(#8012,#8013,#8014,#8015));
#1497=EDGE_LOOP('',(#8016,#8017,#8018,#8019));
#1498=EDGE_LOOP('',(#8020,#8021,#8022,#8023));
#1499=EDGE_LOOP('',(#8024,#8025,#8026,#8027));
#1500=EDGE_LOOP('',(#8028,#8029,#8030,#8031));
#1501=EDGE_LOOP('',(#8032,#8033,#8034,#8035));
#1502=EDGE_LOOP('',(#8036,#8037,#8038,#8039,#8040,#8041,#8042,#8043));
#1503=EDGE_LOOP('',(#8044,#8045,#8046,#8047));
#1504=EDGE_LOOP('',(#8048,#8049,#8050,#8051,#8052,#8053));
#1505=EDGE_LOOP('',(#8054));
#1506=EDGE_LOOP('',(#8055,#8056,#8057,#8058,#8059,#8060));
#1507=EDGE_LOOP('',(#8061));
#1508=EDGE_LOOP('',(#8062,#8063,#8064,#8065));
#1509=EDGE_LOOP('',(#8066,#8067,#8068,#8069,#8070,#8071,#8072,#8073));
#1510=EDGE_LOOP('',(#8074,#8075,#8076,#8077));
#1511=EDGE_LOOP('',(#8078,#8079,#8080,#8081,#8082,#8083));
#1512=EDGE_LOOP('',(#8084));
#1513=EDGE_LOOP('',(#8085,#8086,#8087,#8088,#8089,#8090,#8091,#8092));
#1514=EDGE_LOOP('',(#8093,#8094,#8095,#8096));
#1515=EDGE_LOOP('',(#8097,#8098,#8099,#8100));
#1516=EDGE_LOOP('',(#8101,#8102,#8103,#8104));
#1517=EDGE_LOOP('',(#8105,#8106,#8107,#8108));
#1518=EDGE_LOOP('',(#8109,#8110,#8111,#8112));
#1519=EDGE_LOOP('',(#8113,#8114,#8115,#8116));
#1520=EDGE_LOOP('',(#8117,#8118,#8119,#8120));
#1521=EDGE_LOOP('',(#8121,#8122,#8123,#8124));
#1522=EDGE_LOOP('',(#8125,#8126,#8127,#8128,#8129,#8130,#8131,#8132));
#1523=EDGE_LOOP('',(#8133,#8134,#8135,#8136,#8137,#8138,#8139,#8140));
#1524=EDGE_LOOP('',(#8141,#8142,#8143,#8144));
#1525=EDGE_LOOP('',(#8145,#8146,#8147,#8148,#8149,#8150));
#1526=EDGE_LOOP('',(#8151));
#1527=EDGE_LOOP('',(#8152,#8153,#8154,#8155));
#1528=EDGE_LOOP('',(#8156,#8157,#8158,#8159,#8160,#8161,#8162,#8163));
#1529=EDGE_LOOP('',(#8164,#8165,#8166,#8167));
#1530=EDGE_LOOP('',(#8168,#8169,#8170,#8171,#8172,#8173,#8174,#8175));
#1531=EDGE_LOOP('',(#8176,#8177,#8178,#8179,#8180,#8181,#8182,#8183));
#1532=EDGE_LOOP('',(#8184,#8185,#8186,#8187));
#1533=EDGE_LOOP('',(#8188,#8189,#8190,#8191));
#1534=EDGE_LOOP('',(#8192,#8193,#8194,#8195));
#1535=EDGE_LOOP('',(#8196,#8197,#8198,#8199));
#1536=EDGE_LOOP('',(#8200,#8201,#8202,#8203));
#1537=EDGE_LOOP('',(#8204,#8205,#8206,#8207));
#1538=EDGE_LOOP('',(#8208,#8209,#8210,#8211));
#1539=EDGE_LOOP('',(#8212,#8213,#8214,#8215));
#1540=EDGE_LOOP('',(#8216,#8217,#8218,#8219,#8220,#8221,#8222,#8223));
#1541=EDGE_LOOP('',(#8224,#8225,#8226,#8227));
#1542=EDGE_LOOP('',(#8228,#8229,#8230,#8231,#8232,#8233));
#1543=EDGE_LOOP('',(#8234));
#1544=EDGE_LOOP('',(#8235,#8236,#8237,#8238,#8239,#8240));
#1545=EDGE_LOOP('',(#8241));
#1546=EDGE_LOOP('',(#8242,#8243,#8244,#8245));
#1547=EDGE_LOOP('',(#8246,#8247,#8248,#8249,#8250,#8251,#8252,#8253));
#1548=EDGE_LOOP('',(#8254,#8255,#8256,#8257));
#1549=EDGE_LOOP('',(#8258,#8259,#8260,#8261,#8262,#8263));
#1550=EDGE_LOOP('',(#8264));
#1551=EDGE_LOOP('',(#8265,#8266,#8267,#8268,#8269,#8270,#8271,#8272));
#1552=EDGE_LOOP('',(#8273,#8274,#8275,#8276));
#1553=EDGE_LOOP('',(#8277,#8278,#8279,#8280));
#1554=EDGE_LOOP('',(#8281,#8282,#8283,#8284));
#1555=EDGE_LOOP('',(#8285,#8286,#8287,#8288));
#1556=EDGE_LOOP('',(#8289,#8290,#8291,#8292));
#1557=EDGE_LOOP('',(#8293,#8294,#8295,#8296,#8297,#8298));
#1558=EDGE_LOOP('',(#8299));
#1559=EDGE_LOOP('',(#8300,#8301,#8302,#8303));
#1560=EDGE_LOOP('',(#8304,#8305,#8306,#8307));
#1561=EDGE_LOOP('',(#8308,#8309,#8310,#8311,#8312,#8313,#8314,#8315));
#1562=EDGE_LOOP('',(#8316,#8317,#8318,#8319,#8320,#8321,#8322,#8323));
#1563=EDGE_LOOP('',(#8324,#8325,#8326,#8327));
#1564=EDGE_LOOP('',(#8328,#8329,#8330,#8331));
#1565=EDGE_LOOP('',(#8332,#8333,#8334,#8335));
#1566=EDGE_LOOP('',(#8336,#8337,#8338,#8339,#8340,#8341,#8342,#8343));
#1567=EDGE_LOOP('',(#8344,#8345,#8346,#8347));
#1568=EDGE_LOOP('',(#8348,#8349,#8350,#8351,#8352,#8353));
#1569=EDGE_LOOP('',(#8354));
#1570=EDGE_LOOP('',(#8355,#8356,#8357,#8358,#8359,#8360,#8361,#8362));
#1571=EDGE_LOOP('',(#8363,#8364,#8365,#8366));
#1572=EDGE_LOOP('',(#8367,#8368,#8369,#8370));
#1573=EDGE_LOOP('',(#8371,#8372,#8373,#8374));
#1574=EDGE_LOOP('',(#8375,#8376,#8377,#8378));
#1575=EDGE_LOOP('',(#8379,#8380,#8381,#8382));
#1576=EDGE_LOOP('',(#8383,#8384,#8385,#8386));
#1577=EDGE_LOOP('',(#8387,#8388,#8389,#8390));
#1578=EDGE_LOOP('',(#8391,#8392,#8393,#8394));
#1579=EDGE_LOOP('',(#8395,#8396,#8397,#8398,#8399,#8400,#8401,#8402));
#1580=EDGE_LOOP('',(#8403,#8404,#8405,#8406,#8407,#8408,#8409,#8410));
#1581=EDGE_LOOP('',(#8411,#8412,#8413,#8414));
#1582=EDGE_LOOP('',(#8415,#8416,#8417,#8418,#8419,#8420));
#1583=EDGE_LOOP('',(#8421));
#1584=EDGE_LOOP('',(#8422,#8423,#8424,#8425));
#1585=EDGE_LOOP('',(#8426,#8427,#8428,#8429,#8430,#8431,#8432,#8433));
#1586=EDGE_LOOP('',(#8434,#8435,#8436,#8437));
#1587=EDGE_LOOP('',(#8438,#8439,#8440,#8441,#8442,#8443,#8444,#8445));
#1588=EDGE_LOOP('',(#8446,#8447,#8448,#8449,#8450,#8451,#8452,#8453));
#1589=EDGE_LOOP('',(#8454,#8455,#8456,#8457));
#1590=EDGE_LOOP('',(#8458,#8459,#8460,#8461));
#1591=EDGE_LOOP('',(#8462,#8463,#8464,#8465));
#1592=EDGE_LOOP('',(#8466,#8467,#8468,#8469));
#1593=EDGE_LOOP('',(#8470,#8471,#8472,#8473));
#1594=EDGE_LOOP('',(#8474,#8475,#8476,#8477));
#1595=EDGE_LOOP('',(#8478,#8479,#8480,#8481));
#1596=EDGE_LOOP('',(#8482,#8483,#8484,#8485));
#1597=EDGE_LOOP('',(#8486,#8487,#8488,#8489,#8490,#8491,#8492,#8493));
#1598=EDGE_LOOP('',(#8494,#8495,#8496,#8497));
#1599=EDGE_LOOP('',(#8498,#8499,#8500,#8501,#8502,#8503));
#1600=EDGE_LOOP('',(#8504));
#1601=EDGE_LOOP('',(#8505,#8506,#8507,#8508,#8509,#8510));
#1602=EDGE_LOOP('',(#8511));
#1603=EDGE_LOOP('',(#8512,#8513,#8514,#8515));
#1604=EDGE_LOOP('',(#8516));
#1605=EDGE_LOOP('',(#8517));
#1606=EDGE_LOOP('',(#8518,#8519,#8520,#8521));
#1607=EDGE_LOOP('',(#8522));
#1608=EDGE_LOOP('',(#8523));
#1609=EDGE_LOOP('',(#8524,#8525,#8526,#8527));
#1610=EDGE_LOOP('',(#8528));
#1611=EDGE_LOOP('',(#8529));
#1612=EDGE_LOOP('',(#8530,#8531,#8532,#8533));
#1613=EDGE_LOOP('',(#8534));
#1614=EDGE_LOOP('',(#8535));
#1615=EDGE_LOOP('',(#8536,#8537,#8538,#8539));
#1616=EDGE_LOOP('',(#8540));
#1617=EDGE_LOOP('',(#8541));
#1618=EDGE_LOOP('',(#8542,#8543,#8544,#8545));
#1619=EDGE_LOOP('',(#8546));
#1620=EDGE_LOOP('',(#8547));
#1621=LINE('',#12713,#2476);
#1622=LINE('',#12716,#2477);
#1623=LINE('',#12719,#2478);
#1624=LINE('',#12721,#2479);
#1625=LINE('',#12722,#2480);
#1626=LINE('',#12725,#2481);
#1627=LINE('',#12727,#2482);
#1628=LINE('',#12729,#2483);
#1629=LINE('',#12734,#2484);
#1630=LINE('',#12739,#2485);
#1631=LINE('',#12742,#2486);
#1632=LINE('',#12748,#2487);
#1633=LINE('',#12751,#2488);
#1634=LINE('',#12754,#2489);
#1635=LINE('',#12756,#2490);
#1636=LINE('',#12757,#2491);
#1637=LINE('',#12760,#2492);
#1638=LINE('',#12764,#2493);
#1639=LINE('',#12766,#2494);
#1640=LINE('',#12771,#2495);
#1641=LINE('',#12776,#2496);
#1642=LINE('',#12779,#2497);
#1643=LINE('',#12785,#2498);
#1644=LINE('',#12788,#2499);
#1645=LINE('',#12791,#2500);
#1646=LINE('',#12795,#2501);
#1647=LINE('',#12797,#2502);
#1648=LINE('',#12799,#2503);
#1649=LINE('',#12800,#2504);
#1650=LINE('',#12803,#2505);
#1651=LINE('',#12807,#2506);
#1652=LINE('',#12808,#2507);
#1653=LINE('',#12811,#2508);
#1654=LINE('',#12814,#2509);
#1655=LINE('',#12817,#2510);
#1656=LINE('',#12819,#2511);
#1657=LINE('',#12821,#2512);
#1658=LINE('',#12823,#2513);
#1659=LINE('',#12826,#2514);
#1660=LINE('',#12827,#2515);
#1661=LINE('',#12829,#2516);
#1662=LINE('',#12833,#2517);
#1663=LINE('',#12835,#2518);
#1664=LINE('',#12836,#2519);
#1665=LINE('',#12841,#2520);
#1666=LINE('',#12842,#2521);
#1667=LINE('',#12847,#2522);
#1668=LINE('',#12850,#2523);
#1669=LINE('',#12868,#2524);
#1670=LINE('',#12878,#2525);
#1671=LINE('',#12879,#2526);
#1672=LINE('',#12881,#2527);
#1673=LINE('',#12883,#2528);
#1674=LINE('',#12886,#2529);
#1675=LINE('',#12889,#2530);
#1676=LINE('',#12893,#2531);
#1677=LINE('',#12895,#2532);
#1678=LINE('',#12896,#2533);
#1679=LINE('',#12899,#2534);
#1680=LINE('',#12900,#2535);
#1681=LINE('',#12902,#2536);
#1682=LINE('',#12903,#2537);
#1683=LINE('',#12905,#2538);
#1684=LINE('',#12907,#2539);
#1685=LINE('',#12909,#2540);
#1686=LINE('',#12911,#2541);
#1687=LINE('',#12914,#2542);
#1688=LINE('',#12923,#2543);
#1689=LINE('',#12926,#2544);
#1690=LINE('',#12929,#2545);
#1691=LINE('',#12931,#2546);
#1692=LINE('',#12933,#2547);
#1693=LINE('',#12935,#2548);
#1694=LINE('',#12936,#2549);
#1695=LINE('',#12939,#2550);
#1696=LINE('',#12943,#2551);
#1697=LINE('',#12947,#2552);
#1698=LINE('',#12953,#2553);
#1699=LINE('',#12957,#2554);
#1700=LINE('',#12959,#2555);
#1701=LINE('',#12961,#2556);
#1702=LINE('',#12963,#2557);
#1703=LINE('',#12967,#2558);
#1704=LINE('',#12969,#2559);
#1705=LINE('',#12970,#2560);
#1706=LINE('',#12973,#2561);
#1707=LINE('',#12977,#2562);
#1708=LINE('',#12981,#2563);
#1709=LINE('',#12985,#2564);
#1710=LINE('',#12989,#2565);
#1711=LINE('',#12993,#2566);
#1712=LINE('',#12997,#2567);
#1713=LINE('',#13001,#2568);
#1714=LINE('',#13007,#2569);
#1715=LINE('',#13008,#2570);
#1716=LINE('',#13014,#2571);
#1717=LINE('',#13017,#2572);
#1718=LINE('',#13020,#2573);
#1719=LINE('',#13022,#2574);
#1720=LINE('',#13023,#2575);
#1721=LINE('',#13029,#2576);
#1722=LINE('',#13032,#2577);
#1723=LINE('',#13034,#2578);
#1724=LINE('',#13035,#2579);
#1725=LINE('',#13041,#2580);
#1726=LINE('',#13044,#2581);
#1727=LINE('',#13046,#2582);
#1728=LINE('',#13047,#2583);
#1729=LINE('',#13053,#2584);
#1730=LINE('',#13056,#2585);
#1731=LINE('',#13058,#2586);
#1732=LINE('',#13059,#2587);
#1733=LINE('',#13061,#2588);
#1734=LINE('',#13062,#2589);
#1735=LINE('',#13067,#2590);
#1736=LINE('',#13068,#2591);
#1737=LINE('',#13071,#2592);
#1738=LINE('',#13072,#2593);
#1739=LINE('',#13077,#2594);
#1740=LINE('',#13078,#2595);
#1741=LINE('',#13081,#2596);
#1742=LINE('',#13082,#2597);
#1743=LINE('',#13087,#2598);
#1744=LINE('',#13088,#2599);
#1745=LINE('',#13090,#2600);
#1746=LINE('',#13095,#2601);
#1747=LINE('',#13096,#2602);
#1748=LINE('',#13098,#2603);
#1749=LINE('',#13103,#2604);
#1750=LINE('',#13104,#2605);
#1751=LINE('',#13106,#2606);
#1752=LINE('',#13111,#2607);
#1753=LINE('',#13112,#2608);
#1754=LINE('',#13114,#2609);
#1755=LINE('',#13118,#2610);
#1756=LINE('',#13120,#2611);
#1757=LINE('',#13124,#2612);
#1758=LINE('',#13126,#2613);
#1759=LINE('',#13131,#2614);
#1760=LINE('',#13132,#2615);
#1761=LINE('',#13134,#2616);
#1762=LINE('',#13139,#2617);
#1763=LINE('',#13140,#2618);
#1764=LINE('',#13142,#2619);
#1765=LINE('',#13144,#2620);
#1766=LINE('',#13147,#2621);
#1767=LINE('',#13149,#2622);
#1768=LINE('',#13151,#2623);
#1769=LINE('',#13153,#2624);
#1770=LINE('',#13157,#2625);
#1771=LINE('',#13159,#2626);
#1772=LINE('',#13161,#2627);
#1773=LINE('',#13163,#2628);
#1774=LINE('',#13165,#2629);
#1775=LINE('',#13169,#2630);
#1776=LINE('',#13172,#2631);
#1777=LINE('',#13174,#2632);
#1778=LINE('',#13175,#2633);
#1779=LINE('',#13178,#2634);
#1780=LINE('',#13180,#2635);
#1781=LINE('',#13181,#2636);
#1782=LINE('',#13183,#2637);
#1783=LINE('',#13184,#2638);
#1784=LINE('',#13186,#2639);
#1785=LINE('',#13188,#2640);
#1786=LINE('',#13190,#2641);
#1787=LINE('',#13192,#2642);
#1788=LINE('',#13195,#2643);
#1789=LINE('',#13197,#2644);
#1790=LINE('',#13198,#2645);
#1791=LINE('',#13205,#2646);
#1792=LINE('',#13208,#2647);
#1793=LINE('',#13211,#2648);
#1794=LINE('',#13213,#2649);
#1795=LINE('',#13214,#2650);
#1796=LINE('',#13220,#2651);
#1797=LINE('',#13223,#2652);
#1798=LINE('',#13225,#2653);
#1799=LINE('',#13226,#2654);
#1800=LINE('',#13228,#2655);
#1801=LINE('',#13231,#2656);
#1802=LINE('',#13235,#2657);
#1803=LINE('',#13239,#2658);
#1804=LINE('',#13241,#2659);
#1805=LINE('',#13243,#2660);
#1806=LINE('',#13245,#2661);
#1807=LINE('',#13247,#2662);
#1808=LINE('',#13249,#2663);
#1809=LINE('',#13251,#2664);
#1810=LINE('',#13253,#2665);
#1811=LINE('',#13255,#2666);
#1812=LINE('',#13257,#2667);
#1813=LINE('',#13259,#2668);
#1814=LINE('',#13263,#2669);
#1815=LINE('',#13266,#2670);
#1816=LINE('',#13271,#2671);
#1817=LINE('',#13275,#2672);
#1818=LINE('',#13279,#2673);
#1819=LINE('',#13283,#2674);
#1820=LINE('',#13289,#2675);
#1821=LINE('',#13292,#2676);
#1822=LINE('',#13297,#2677);
#1823=LINE('',#13301,#2678);
#1824=LINE('',#13305,#2679);
#1825=LINE('',#13308,#2680);
#1826=LINE('',#13316,#2681);
#1827=LINE('',#13333,#2682);
#1828=LINE('',#13335,#2683);
#1829=LINE('',#13336,#2684);
#1830=LINE('',#13339,#2685);
#1831=LINE('',#13343,#2686);
#1832=LINE('',#13347,#2687);
#1833=LINE('',#13348,#2688);
#1834=LINE('',#13352,#2689);
#1835=LINE('',#13354,#2690);
#1836=LINE('',#13356,#2691);
#1837=LINE('',#13357,#2692);
#1838=LINE('',#13360,#2693);
#1839=LINE('',#13365,#2694);
#1840=LINE('',#13367,#2695);
#1841=LINE('',#13369,#2696);
#1842=LINE('',#13372,#2697);
#1843=LINE('',#13375,#2698);
#1844=LINE('',#13378,#2699);
#1845=LINE('',#13381,#2700);
#1846=LINE('',#13382,#2701);
#1847=LINE('',#13385,#2702);
#1848=LINE('',#13389,#2703);
#1849=LINE('',#13390,#2704);
#1850=LINE('',#13396,#2705);
#1851=LINE('',#13398,#2706);
#1852=LINE('',#13399,#2707);
#1853=LINE('',#13400,#2708);
#1854=LINE('',#13403,#2709);
#1855=LINE('',#13406,#2710);
#1856=LINE('',#13408,#2711);
#1857=LINE('',#13409,#2712);
#1858=LINE('',#13413,#2713);
#1859=LINE('',#13416,#2714);
#1860=LINE('',#13417,#2715);
#1861=LINE('',#13421,#2716);
#1862=LINE('',#13424,#2717);
#1863=LINE('',#13425,#2718);
#1864=LINE('',#13429,#2719);
#1865=LINE('',#13432,#2720);
#1866=LINE('',#13434,#2721);
#1867=LINE('',#13435,#2722);
#1868=LINE('',#13439,#2723);
#1869=LINE('',#13442,#2724);
#1870=LINE('',#13443,#2725);
#1871=LINE('',#13448,#2726);
#1872=LINE('',#13450,#2727);
#1873=LINE('',#13452,#2728);
#1874=LINE('',#13456,#2729);
#1875=LINE('',#13458,#2730);
#1876=LINE('',#13462,#2731);
#1877=LINE('',#13465,#2732);
#1878=LINE('',#13467,#2733);
#1879=LINE('',#13468,#2734);
#1880=LINE('',#13473,#2735);
#1881=LINE('',#13476,#2736);
#1882=LINE('',#13479,#2737);
#1883=LINE('',#13480,#2738);
#1884=LINE('',#13485,#2739);
#1885=LINE('',#13486,#2740);
#1886=LINE('',#13492,#2741);
#1887=LINE('',#13494,#2742);
#1888=LINE('',#13498,#2743);
#1889=LINE('',#13501,#2744);
#1890=LINE('',#13502,#2745);
#1891=LINE('',#13504,#2746);
#1892=LINE('',#13506,#2747);
#1893=LINE('',#13508,#2748);
#1894=LINE('',#13510,#2749);
#1895=LINE('',#13514,#2750);
#1896=LINE('',#13548,#2751);
#1897=LINE('',#13550,#2752);
#1898=LINE('',#13554,#2753);
#1899=LINE('',#13557,#2754);
#1900=LINE('',#13559,#2755);
#1901=LINE('',#13560,#2756);
#1902=LINE('',#13563,#2757);
#1903=LINE('',#13564,#2758);
#1904=LINE('',#13567,#2759);
#1905=LINE('',#13568,#2760);
#1906=LINE('',#13570,#2761);
#1907=LINE('',#13575,#2762);
#1908=LINE('',#13578,#2763);
#1909=LINE('',#13579,#2764);
#1910=LINE('',#13586,#2765);
#1911=LINE('',#13592,#2766);
#1912=LINE('',#13598,#2767);
#1913=LINE('',#13604,#2768);
#1914=LINE('',#13610,#2769);
#1915=LINE('',#13616,#2770);
#1916=LINE('',#13646,#2771);
#1917=LINE('',#13649,#2772);
#1918=LINE('',#13652,#2773);
#1919=LINE('',#13655,#2774);
#1920=LINE('',#13658,#2775);
#1921=LINE('',#13660,#2776);
#1922=LINE('',#13664,#2777);
#1923=LINE('',#13668,#2778);
#1924=LINE('',#13672,#2779);
#1925=LINE('',#13674,#2780);
#1926=LINE('',#13676,#2781);
#1927=LINE('',#13680,#2782);
#1928=LINE('',#13684,#2783);
#1929=LINE('',#13686,#2784);
#1930=LINE('',#13688,#2785);
#1931=LINE('',#13692,#2786);
#1932=LINE('',#13694,#2787);
#1933=LINE('',#13696,#2788);
#1934=LINE('',#13700,#2789);
#1935=LINE('',#13701,#2790);
#1936=LINE('',#13708,#2791);
#1937=LINE('',#13711,#2792);
#1938=LINE('',#13716,#2793);
#1939=LINE('',#13720,#2794);
#1940=LINE('',#13724,#2795);
#1941=LINE('',#13727,#2796);
#1942=LINE('',#13734,#2797);
#1943=LINE('',#13738,#2798);
#1944=LINE('',#13742,#2799);
#1945=LINE('',#13745,#2800);
#1946=LINE('',#13748,#2801);
#1947=LINE('',#13751,#2802);
#1948=LINE('',#13754,#2803);
#1949=LINE('',#13755,#2804);
#1950=LINE('',#13758,#2805);
#1951=LINE('',#13760,#2806);
#1952=LINE('',#13762,#2807);
#1953=LINE('',#13766,#2808);
#1954=LINE('',#13768,#2809);
#1955=LINE('',#13770,#2810);
#1956=LINE('',#13774,#2811);
#1957=LINE('',#13776,#2812);
#1958=LINE('',#13778,#2813);
#1959=LINE('',#13782,#2814);
#1960=LINE('',#13786,#2815);
#1961=LINE('',#13788,#2816);
#1962=LINE('',#13790,#2817);
#1963=LINE('',#13794,#2818);
#1964=LINE('',#13798,#2819);
#1965=LINE('',#13802,#2820);
#1966=LINE('',#13803,#2821);
#1967=LINE('',#13808,#2822);
#1968=LINE('',#13812,#2823);
#1969=LINE('',#13816,#2824);
#1970=LINE('',#13819,#2825);
#1971=LINE('',#13826,#2826);
#1972=LINE('',#13830,#2827);
#1973=LINE('',#13834,#2828);
#1974=LINE('',#13837,#2829);
#1975=LINE('',#13842,#2830);
#1976=LINE('',#13845,#2831);
#1977=LINE('',#13849,#2832);
#1978=LINE('',#13850,#2833);
#1979=LINE('',#13852,#2834);
#1980=LINE('',#13854,#2835);
#1981=LINE('',#13855,#2836);
#1982=LINE('',#13857,#2837);
#1983=LINE('',#13859,#2838);
#1984=LINE('',#13860,#2839);
#1985=LINE('',#13862,#2840);
#1986=LINE('',#13864,#2841);
#1987=LINE('',#13866,#2842);
#1988=LINE('',#13867,#2843);
#1989=LINE('',#13869,#2844);
#1990=LINE('',#13871,#2845);
#1991=LINE('',#13873,#2846);
#1992=LINE('',#13874,#2847);
#1993=LINE('',#13876,#2848);
#1994=LINE('',#13878,#2849);
#1995=LINE('',#13880,#2850);
#1996=LINE('',#13881,#2851);
#1997=LINE('',#13883,#2852);
#1998=LINE('',#13885,#2853);
#1999=LINE('',#13888,#2854);
#2000=LINE('',#13889,#2855);
#2001=LINE('',#13891,#2856);
#2002=LINE('',#13893,#2857);
#2003=LINE('',#13895,#2858);
#2004=LINE('',#13897,#2859);
#2005=LINE('',#13899,#2860);
#2006=LINE('',#13901,#2861);
#2007=LINE('',#13904,#2862);
#2008=LINE('',#13906,#2863);
#2009=LINE('',#13907,#2864);
#2010=LINE('',#13909,#2865);
#2011=LINE('',#13911,#2866);
#2012=LINE('',#13913,#2867);
#2013=LINE('',#13915,#2868);
#2014=LINE('',#13917,#2869);
#2015=LINE('',#13919,#2870);
#2016=LINE('',#13922,#2871);
#2017=LINE('',#13924,#2872);
#2018=LINE('',#13929,#2873);
#2019=LINE('',#13932,#2874);
#2020=LINE('',#13935,#2875);
#2021=LINE('',#13937,#2876);
#2022=LINE('',#14198,#2877);
#2023=LINE('',#14205,#2878);
#2024=LINE('',#14210,#2879);
#2025=LINE('',#14212,#2880);
#2026=LINE('',#14214,#2881);
#2027=LINE('',#14215,#2882);
#2028=LINE('',#14218,#2883);
#2029=LINE('',#14220,#2884);
#2030=LINE('',#14221,#2885);
#2031=LINE('',#14224,#2886);
#2032=LINE('',#14226,#2887);
#2033=LINE('',#14228,#2888);
#2034=LINE('',#14230,#2889);
#2035=LINE('',#14232,#2890);
#2036=LINE('',#14237,#2891);
#2037=LINE('',#14239,#2892);
#2038=LINE('',#14241,#2893);
#2039=LINE('',#14242,#2894);
#2040=LINE('',#14245,#2895);
#2041=LINE('',#14247,#2896);
#2042=LINE('',#14262,#2897);
#2043=LINE('',#14264,#2898);
#2044=LINE('',#14265,#2899);
#2045=LINE('',#14268,#2900);
#2046=LINE('',#14270,#2901);
#2047=LINE('',#14275,#2902);
#2048=LINE('',#14277,#2903);
#2049=LINE('',#14279,#2904);
#2050=LINE('',#14281,#2905);
#2051=LINE('',#14282,#2906);
#2052=LINE('',#14285,#2907);
#2053=LINE('',#14286,#2908);
#2054=LINE('',#14289,#2909);
#2055=LINE('',#14291,#2910);
#2056=LINE('',#14292,#2911);
#2057=LINE('',#14295,#2912);
#2058=LINE('',#14296,#2913);
#2059=LINE('',#14299,#2914);
#2060=LINE('',#14301,#2915);
#2061=LINE('',#14302,#2916);
#2062=LINE('',#14305,#2917);
#2063=LINE('',#14307,#2918);
#2064=LINE('',#14309,#2919);
#2065=LINE('',#14311,#2920);
#2066=LINE('',#14315,#2921);
#2067=LINE('',#14317,#2922);
#2068=LINE('',#14321,#2923);
#2069=LINE('',#14325,#2924);
#2070=LINE('',#14327,#2925);
#2071=LINE('',#14329,#2926);
#2072=LINE('',#14332,#2927);
#2073=LINE('',#14336,#2928);
#2074=LINE('',#14338,#2929);
#2075=LINE('',#14342,#2930);
#2076=LINE('',#14346,#2931);
#2077=LINE('',#14351,#2932);
#2078=LINE('',#14353,#2933);
#2079=LINE('',#14366,#2934);
#2080=LINE('',#14375,#2935);
#2081=LINE('',#14393,#2936);
#2082=LINE('',#14408,#2937);
#2083=LINE('',#14413,#2938);
#2084=LINE('',#14512,#2939);
#2085=LINE('',#14514,#2940);
#2086=LINE('',#14516,#2941);
#2087=LINE('',#14518,#2942);
#2088=LINE('',#14520,#2943);
#2089=LINE('',#14522,#2944);
#2090=LINE('',#14524,#2945);
#2091=LINE('',#14526,#2946);
#2092=LINE('',#14528,#2947);
#2093=LINE('',#14530,#2948);
#2094=LINE('',#14532,#2949);
#2095=LINE('',#14534,#2950);
#2096=LINE('',#14536,#2951);
#2097=LINE('',#14538,#2952);
#2098=LINE('',#14540,#2953);
#2099=LINE('',#14542,#2954);
#2100=LINE('',#14544,#2955);
#2101=LINE('',#14545,#2956);
#2102=LINE('',#14549,#2957);
#2103=LINE('',#14550,#2958);
#2104=LINE('',#14551,#2959);
#2105=LINE('',#14555,#2960);
#2106=LINE('',#14561,#2961);
#2107=LINE('',#14562,#2962);
#2108=LINE('',#14563,#2963);
#2109=LINE('',#14567,#2964);
#2110=LINE('',#14572,#2965);
#2111=LINE('',#14575,#2966);
#2112=LINE('',#14580,#2967);
#2113=LINE('',#14581,#2968);
#2114=LINE('',#14589,#2969);
#2115=LINE('',#14591,#2970);
#2116=LINE('',#14593,#2971);
#2117=LINE('',#14594,#2972);
#2118=LINE('',#14598,#2973);
#2119=LINE('',#14603,#2974);
#2120=LINE('',#14606,#2975);
#2121=LINE('',#14607,#2976);
#2122=LINE('',#14611,#2977);
#2123=LINE('',#14613,#2978);
#2124=LINE('',#14615,#2979);
#2125=LINE('',#14617,#2980);
#2126=LINE('',#14619,#2981);
#2127=LINE('',#14621,#2982);
#2128=LINE('',#14623,#2983);
#2129=LINE('',#14625,#2984);
#2130=LINE('',#14629,#2985);
#2131=LINE('',#14633,#2986);
#2132=LINE('',#14635,#2987);
#2133=LINE('',#14637,#2988);
#2134=LINE('',#14639,#2989);
#2135=LINE('',#14640,#2990);
#2136=LINE('',#14704,#2991);
#2137=LINE('',#14835,#2992);
#2138=LINE('',#15133,#2993);
#2139=LINE('',#15243,#2994);
#2140=LINE('',#15365,#2995);
#2141=LINE('',#15547,#2996);
#2142=LINE('',#15675,#2997);
#2143=LINE('',#15779,#2998);
#2144=LINE('',#15860,#2999);
#2145=LINE('',#15863,#3000);
#2146=LINE('',#15865,#3001);
#2147=LINE('',#15866,#3002);
#2148=LINE('',#15869,#3003);
#2149=LINE('',#15871,#3004);
#2150=LINE('',#15875,#3005);
#2151=LINE('',#15877,#3006);
#2152=LINE('',#15878,#3007);
#2153=LINE('',#15881,#3008);
#2154=LINE('',#15883,#3009);
#2155=LINE('',#15885,#3010);
#2156=LINE('',#15887,#3011);
#2157=LINE('',#15889,#3012);
#2158=LINE('',#15893,#3013);
#2159=LINE('',#15895,#3014);
#2160=LINE('',#15896,#3015);
#2161=LINE('',#15899,#3016);
#2162=LINE('',#15901,#3017);
#2163=LINE('',#15907,#3018);
#2164=LINE('',#15908,#3019);
#2165=LINE('',#15910,#3020);
#2166=LINE('',#15912,#3021);
#2167=LINE('',#15914,#3022);
#2168=LINE('',#15916,#3023);
#2169=LINE('',#15918,#3024);
#2170=LINE('',#15920,#3025);
#2171=LINE('',#15921,#3026);
#2172=LINE('',#15923,#3027);
#2173=LINE('',#15925,#3028);
#2174=LINE('',#15927,#3029);
#2175=LINE('',#15929,#3030);
#2176=LINE('',#15930,#3031);
#2177=LINE('',#15939,#3032);
#2178=LINE('',#15941,#3033);
#2179=LINE('',#15942,#3034);
#2180=LINE('',#15944,#3035);
#2181=LINE('',#15947,#3036);
#2182=LINE('',#15948,#3037);
#2183=LINE('',#15950,#3038);
#2184=LINE('',#15954,#3039);
#2185=LINE('',#15960,#3040);
#2186=LINE('',#15965,#3041);
#2187=LINE('',#15967,#3042);
#2188=LINE('',#16038,#3043);
#2189=LINE('',#16128,#3044);
#2190=LINE('',#16144,#3045);
#2191=LINE('',#16147,#3046);
#2192=LINE('',#16160,#3047);
#2193=LINE('',#16164,#3048);
#2194=LINE('',#16169,#3049);
#2195=LINE('',#16174,#3050);
#2196=LINE('',#16182,#3051);
#2197=LINE('',#16196,#3052);
#2198=LINE('',#16198,#3053);
#2199=LINE('',#16200,#3054);
#2200=LINE('',#16202,#3055);
#2201=LINE('',#16203,#3056);
#2202=LINE('',#16206,#3057);
#2203=LINE('',#16210,#3058);
#2204=LINE('',#16211,#3059);
#2205=LINE('',#16214,#3060);
#2206=LINE('',#16215,#3061);
#2207=LINE('',#16218,#3062);
#2208=LINE('',#16219,#3063);
#2209=LINE('',#16222,#3064);
#2210=LINE('',#16226,#3065);
#2211=LINE('',#16227,#3066);
#2212=LINE('',#16236,#3067);
#2213=LINE('',#16272,#3068);
#2214=LINE('',#16277,#3069);
#2215=LINE('',#16285,#3070);
#2216=LINE('',#16291,#3071);
#2217=LINE('',#16301,#3072);
#2218=LINE('',#16304,#3073);
#2219=LINE('',#16314,#3074);
#2220=LINE('',#16317,#3075);
#2221=LINE('',#16320,#3076);
#2222=LINE('',#16323,#3077);
#2223=LINE('',#16327,#3078);
#2224=LINE('',#16334,#3079);
#2225=LINE('',#16336,#3080);
#2226=LINE('',#16337,#3081);
#2227=LINE('',#16341,#3082);
#2228=LINE('',#16344,#3083);
#2229=LINE('',#16346,#3084);
#2230=LINE('',#16347,#3085);
#2231=LINE('',#16350,#3086);
#2232=LINE('',#16353,#3087);
#2233=LINE('',#16356,#3088);
#2234=LINE('',#16357,#3089);
#2235=LINE('',#16360,#3090);
#2236=LINE('',#16365,#3091);
#2237=LINE('',#16367,#3092);
#2238=LINE('',#16370,#3093);
#2239=LINE('',#16373,#3094);
#2240=LINE('',#16381,#3095);
#2241=LINE('',#16389,#3096);
#2242=LINE('',#16399,#3097);
#2243=LINE('',#16402,#3098);
#2244=LINE('',#16405,#3099);
#2245=LINE('',#16407,#3100);
#2246=LINE('',#16409,#3101);
#2247=LINE('',#16411,#3102);
#2248=LINE('',#16413,#3103);
#2249=LINE('',#16415,#3104);
#2250=LINE('',#16416,#3105);
#2251=LINE('',#16422,#3106);
#2252=LINE('',#16425,#3107);
#2253=LINE('',#16428,#3108);
#2254=LINE('',#16429,#3109);
#2255=LINE('',#16431,#3110);
#2256=LINE('',#16433,#3111);
#2257=LINE('',#16434,#3112);
#2258=LINE('',#16437,#3113);
#2259=LINE('',#16439,#3114);
#2260=LINE('',#16441,#3115);
#2261=LINE('',#16443,#3116);
#2262=LINE('',#16445,#3117);
#2263=LINE('',#16446,#3118);
#2264=LINE('',#16448,#3119);
#2265=LINE('',#16449,#3120);
#2266=LINE('',#16451,#3121);
#2267=LINE('',#16453,#3122);
#2268=LINE('',#16455,#3123);
#2269=LINE('',#16461,#3124);
#2270=LINE('',#16466,#3125);
#2271=LINE('',#16468,#3126);
#2272=LINE('',#16470,#3127);
#2273=LINE('',#16471,#3128);
#2274=LINE('',#16473,#3129);
#2275=LINE('',#16474,#3130);
#2276=LINE('',#16477,#3131);
#2277=LINE('',#16479,#3132);
#2278=LINE('',#16480,#3133);
#2279=LINE('',#16482,#3134);
#2280=LINE('',#16483,#3135);
#2281=LINE('',#16491,#3136);
#2282=LINE('',#16494,#3137);
#2283=LINE('',#16497,#3138);
#2284=LINE('',#16499,#3139);
#2285=LINE('',#16501,#3140);
#2286=LINE('',#16503,#3141);
#2287=LINE('',#16505,#3142);
#2288=LINE('',#16507,#3143);
#2289=LINE('',#16508,#3144);
#2290=LINE('',#16514,#3145);
#2291=LINE('',#16517,#3146);
#2292=LINE('',#16520,#3147);
#2293=LINE('',#16522,#3148);
#2294=LINE('',#16524,#3149);
#2295=LINE('',#16526,#3150);
#2296=LINE('',#16527,#3151);
#2297=LINE('',#16532,#3152);
#2298=LINE('',#16533,#3153);
#2299=LINE('',#16535,#3154);
#2300=LINE('',#16536,#3155);
#2301=LINE('',#16539,#3156);
#2302=LINE('',#16540,#3157);
#2303=LINE('',#16543,#3158);
#2304=LINE('',#16544,#3159);
#2305=LINE('',#16547,#3160);
#2306=LINE('',#16549,#3161);
#2307=LINE('',#16550,#3162);
#2308=LINE('',#16553,#3163);
#2309=LINE('',#16554,#3164);
#2310=LINE('',#16556,#3165);
#2311=LINE('',#16559,#3166);
#2312=LINE('',#16564,#3167);
#2313=LINE('',#16565,#3168);
#2314=LINE('',#16566,#3169);
#2315=LINE('',#16568,#3170);
#2316=LINE('',#16570,#3171);
#2317=LINE('',#16573,#3172);
#2318=LINE('',#16574,#3173);
#2319=LINE('',#16576,#3174);
#2320=LINE('',#16583,#3175);
#2321=LINE('',#16586,#3176);
#2322=LINE('',#16589,#3177);
#2323=LINE('',#16591,#3178);
#2324=LINE('',#16593,#3179);
#2325=LINE('',#16595,#3180);
#2326=LINE('',#16597,#3181);
#2327=LINE('',#16599,#3182);
#2328=LINE('',#16600,#3183);
#2329=LINE('',#16606,#3184);
#2330=LINE('',#16609,#3185);
#2331=LINE('',#16612,#3186);
#2332=LINE('',#16613,#3187);
#2333=LINE('',#16615,#3188);
#2334=LINE('',#16617,#3189);
#2335=LINE('',#16618,#3190);
#2336=LINE('',#16621,#3191);
#2337=LINE('',#16623,#3192);
#2338=LINE('',#16625,#3193);
#2339=LINE('',#16627,#3194);
#2340=LINE('',#16629,#3195);
#2341=LINE('',#16630,#3196);
#2342=LINE('',#16632,#3197);
#2343=LINE('',#16633,#3198);
#2344=LINE('',#16635,#3199);
#2345=LINE('',#16637,#3200);
#2346=LINE('',#16639,#3201);
#2347=LINE('',#16645,#3202);
#2348=LINE('',#16650,#3203);
#2349=LINE('',#16652,#3204);
#2350=LINE('',#16654,#3205);
#2351=LINE('',#16655,#3206);
#2352=LINE('',#16657,#3207);
#2353=LINE('',#16658,#3208);
#2354=LINE('',#16661,#3209);
#2355=LINE('',#16663,#3210);
#2356=LINE('',#16664,#3211);
#2357=LINE('',#16666,#3212);
#2358=LINE('',#16667,#3213);
#2359=LINE('',#16675,#3214);
#2360=LINE('',#16678,#3215);
#2361=LINE('',#16681,#3216);
#2362=LINE('',#16683,#3217);
#2363=LINE('',#16685,#3218);
#2364=LINE('',#16687,#3219);
#2365=LINE('',#16689,#3220);
#2366=LINE('',#16691,#3221);
#2367=LINE('',#16692,#3222);
#2368=LINE('',#16698,#3223);
#2369=LINE('',#16701,#3224);
#2370=LINE('',#16704,#3225);
#2371=LINE('',#16706,#3226);
#2372=LINE('',#16708,#3227);
#2373=LINE('',#16710,#3228);
#2374=LINE('',#16711,#3229);
#2375=LINE('',#16716,#3230);
#2376=LINE('',#16717,#3231);
#2377=LINE('',#16719,#3232);
#2378=LINE('',#16720,#3233);
#2379=LINE('',#16723,#3234);
#2380=LINE('',#16724,#3235);
#2381=LINE('',#16727,#3236);
#2382=LINE('',#16728,#3237);
#2383=LINE('',#16731,#3238);
#2384=LINE('',#16733,#3239);
#2385=LINE('',#16734,#3240);
#2386=LINE('',#16737,#3241);
#2387=LINE('',#16738,#3242);
#2388=LINE('',#16740,#3243);
#2389=LINE('',#16743,#3244);
#2390=LINE('',#16745,#3245);
#2391=LINE('',#16747,#3246);
#2392=LINE('',#16748,#3247);
#2393=LINE('',#16752,#3248);
#2394=LINE('',#16754,#3249);
#2395=LINE('',#16756,#3250);
#2396=LINE('',#16758,#3251);
#2397=LINE('',#16760,#3252);
#2398=LINE('',#16767,#3253);
#2399=LINE('',#16770,#3254);
#2400=LINE('',#16773,#3255);
#2401=LINE('',#16775,#3256);
#2402=LINE('',#16777,#3257);
#2403=LINE('',#16779,#3258);
#2404=LINE('',#16781,#3259);
#2405=LINE('',#16783,#3260);
#2406=LINE('',#16784,#3261);
#2407=LINE('',#16790,#3262);
#2408=LINE('',#16793,#3263);
#2409=LINE('',#16796,#3264);
#2410=LINE('',#16798,#3265);
#2411=LINE('',#16800,#3266);
#2412=LINE('',#16802,#3267);
#2413=LINE('',#16803,#3268);
#2414=LINE('',#16808,#3269);
#2415=LINE('',#16809,#3270);
#2416=LINE('',#16811,#3271);
#2417=LINE('',#16812,#3272);
#2418=LINE('',#16815,#3273);
#2419=LINE('',#16816,#3274);
#2420=LINE('',#16819,#3275);
#2421=LINE('',#16820,#3276);
#2422=LINE('',#16823,#3277);
#2423=LINE('',#16825,#3278);
#2424=LINE('',#16826,#3279);
#2425=LINE('',#16829,#3280);
#2426=LINE('',#16830,#3281);
#2427=LINE('',#16832,#3282);
#2428=LINE('',#16835,#3283);
#2429=LINE('',#16840,#3284);
#2430=LINE('',#16841,#3285);
#2431=LINE('',#16842,#3286);
#2432=LINE('',#16844,#3287);
#2433=LINE('',#16846,#3288);
#2434=LINE('',#16849,#3289);
#2435=LINE('',#16850,#3290);
#2436=LINE('',#16852,#3291);
#2437=LINE('',#16859,#3292);
#2438=LINE('',#16862,#3293);
#2439=LINE('',#16865,#3294);
#2440=LINE('',#16867,#3295);
#2441=LINE('',#16869,#3296);
#2442=LINE('',#16871,#3297);
#2443=LINE('',#16873,#3298);
#2444=LINE('',#16875,#3299);
#2445=LINE('',#16876,#3300);
#2446=LINE('',#16882,#3301);
#2447=LINE('',#16885,#3302);
#2448=LINE('',#16888,#3303);
#2449=LINE('',#16889,#3304);
#2450=LINE('',#16891,#3305);
#2451=LINE('',#16893,#3306);
#2452=LINE('',#16894,#3307);
#2453=LINE('',#16897,#3308);
#2454=LINE('',#16899,#3309);
#2455=LINE('',#16901,#3310);
#2456=LINE('',#16903,#3311);
#2457=LINE('',#16905,#3312);
#2458=LINE('',#16906,#3313);
#2459=LINE('',#16908,#3314);
#2460=LINE('',#16909,#3315);
#2461=LINE('',#16911,#3316);
#2462=LINE('',#16913,#3317);
#2463=LINE('',#16915,#3318);
#2464=LINE('',#16921,#3319);
#2465=LINE('',#16926,#3320);
#2466=LINE('',#16928,#3321);
#2467=LINE('',#16930,#3322);
#2468=LINE('',#16931,#3323);
#2469=LINE('',#16933,#3324);
#2470=LINE('',#16934,#3325);
#2471=LINE('',#16937,#3326);
#2472=LINE('',#16939,#3327);
#2473=LINE('',#16940,#3328);
#2474=LINE('',#16942,#3329);
#2475=LINE('',#16943,#3330);
#2476=VECTOR('',#10120,10.);
#2477=VECTOR('',#10123,10.);
#2478=VECTOR('',#10126,10.);
#2479=VECTOR('',#10127,10.);
#2480=VECTOR('',#10128,10.);
#2481=VECTOR('',#10131,10.);
#2482=VECTOR('',#10132,10.);
#2483=VECTOR('',#10133,10.);
#2484=VECTOR('',#10140,10.);
#2485=VECTOR('',#10145,10.);
#2486=VECTOR('',#10148,10.);
#2487=VECTOR('',#10153,10.);
#2488=VECTOR('',#10156,10.);
#2489=VECTOR('',#10159,10.);
#2490=VECTOR('',#10160,10.);
#2491=VECTOR('',#10161,10.);
#2492=VECTOR('',#10164,10.);
#2493=VECTOR('',#10167,10.);
#2494=VECTOR('',#10168,10.);
#2495=VECTOR('',#10175,10.);
#2496=VECTOR('',#10180,10.);
#2497=VECTOR('',#10183,10.);
#2498=VECTOR('',#10188,10.);
#2499=VECTOR('',#10191,10.);
#2500=VECTOR('',#10194,10.);
#2501=VECTOR('',#10197,10.);
#2502=VECTOR('',#10198,10.);
#2503=VECTOR('',#10199,10.);
#2504=VECTOR('',#10200,10.);
#2505=VECTOR('',#10203,10.);
#2506=VECTOR('',#10206,10.);
#2507=VECTOR('',#10207,10.);
#2508=VECTOR('',#10210,10.);
#2509=VECTOR('',#10213,10.);
#2510=VECTOR('',#10216,10.);
#2511=VECTOR('',#10217,10.);
#2512=VECTOR('',#10218,10.);
#2513=VECTOR('',#10219,10.);
#2514=VECTOR('',#10224,10.);
#2515=VECTOR('',#10225,10.);
#2516=VECTOR('',#10228,10.);
#2517=VECTOR('',#10233,10.);
#2518=VECTOR('',#10234,10.);
#2519=VECTOR('',#10235,10.);
#2520=VECTOR('',#10240,0.9);
#2521=VECTOR('',#10241,10.);
#2522=VECTOR('',#10246,10.);
#2523=VECTOR('',#10249,10.);
#2524=VECTOR('',#10258,10.);
#2525=VECTOR('',#10263,10.);
#2526=VECTOR('',#10264,10.);
#2527=VECTOR('',#10267,10.);
#2528=VECTOR('',#10268,10.);
#2529=VECTOR('',#10271,10.);
#2530=VECTOR('',#10274,10.);
#2531=VECTOR('',#10277,10.);
#2532=VECTOR('',#10278,10.);
#2533=VECTOR('',#10279,10.);
#2534=VECTOR('',#10282,10.);
#2535=VECTOR('',#10283,10.);
#2536=VECTOR('',#10286,10.);
#2537=VECTOR('',#10287,10.);
#2538=VECTOR('',#10288,10.);
#2539=VECTOR('',#10289,10.);
#2540=VECTOR('',#10290,10.);
#2541=VECTOR('',#10291,10.);
#2542=VECTOR('',#10296,10.);
#2543=VECTOR('',#10307,10.);
#2544=VECTOR('',#10310,10.);
#2545=VECTOR('',#10313,10.);
#2546=VECTOR('',#10314,10.);
#2547=VECTOR('',#10315,10.);
#2548=VECTOR('',#10316,10.);
#2549=VECTOR('',#10317,10.);
#2550=VECTOR('',#10320,10.);
#2551=VECTOR('',#10323,10.);
#2552=VECTOR('',#10326,10.);
#2553=VECTOR('',#10331,10.);
#2554=VECTOR('',#10334,10.);
#2555=VECTOR('',#10335,10.);
#2556=VECTOR('',#10336,10.);
#2557=VECTOR('',#10337,10.);
#2558=VECTOR('',#10340,10.);
#2559=VECTOR('',#10341,10.);
#2560=VECTOR('',#10342,10.);
#2561=VECTOR('',#10343,10.);
#2562=VECTOR('',#10346,10.);
#2563=VECTOR('',#10349,10.);
#2564=VECTOR('',#10352,10.);
#2565=VECTOR('',#10355,10.);
#2566=VECTOR('',#10358,10.);
#2567=VECTOR('',#10361,10.);
#2568=VECTOR('',#10364,10.);
#2569=VECTOR('',#10371,10.);
#2570=VECTOR('',#10372,10.);
#2571=VECTOR('',#10377,10.);
#2572=VECTOR('',#10380,10.);
#2573=VECTOR('',#10383,10.);
#2574=VECTOR('',#10384,10.);
#2575=VECTOR('',#10385,10.);
#2576=VECTOR('',#10390,10.);
#2577=VECTOR('',#10393,10.);
#2578=VECTOR('',#10396,10.);
#2579=VECTOR('',#10397,10.);
#2580=VECTOR('',#10402,10.);
#2581=VECTOR('',#10405,10.);
#2582=VECTOR('',#10408,10.);
#2583=VECTOR('',#10409,10.);
#2584=VECTOR('',#10414,10.);
#2585=VECTOR('',#10417,10.);
#2586=VECTOR('',#10420,10.);
#2587=VECTOR('',#10421,10.);
#2588=VECTOR('',#10424,10.);
#2589=VECTOR('',#10425,10.);
#2590=VECTOR('',#10430,10.);
#2591=VECTOR('',#10431,10.);
#2592=VECTOR('',#10434,10.);
#2593=VECTOR('',#10435,10.);
#2594=VECTOR('',#10440,10.);
#2595=VECTOR('',#10441,10.);
#2596=VECTOR('',#10444,10.);
#2597=VECTOR('',#10445,10.);
#2598=VECTOR('',#10450,10.);
#2599=VECTOR('',#10451,10.);
#2600=VECTOR('',#10454,10.);
#2601=VECTOR('',#10459,10.);
#2602=VECTOR('',#10460,10.);
#2603=VECTOR('',#10463,10.);
#2604=VECTOR('',#10468,10.);
#2605=VECTOR('',#10469,10.);
#2606=VECTOR('',#10472,10.);
#2607=VECTOR('',#10477,10.);
#2608=VECTOR('',#10478,10.);
#2609=VECTOR('',#10481,10.);
#2610=VECTOR('',#10486,10.);
#2611=VECTOR('',#10489,10.);
#2612=VECTOR('',#10494,10.);
#2613=VECTOR('',#10497,10.);
#2614=VECTOR('',#10502,10.);
#2615=VECTOR('',#10503,10.);
#2616=VECTOR('',#10506,10.);
#2617=VECTOR('',#10511,10.);
#2618=VECTOR('',#10512,10.);
#2619=VECTOR('',#10515,10.);
#2620=VECTOR('',#10518,10.);
#2621=VECTOR('',#10521,10.);
#2622=VECTOR('',#10522,10.);
#2623=VECTOR('',#10523,10.);
#2624=VECTOR('',#10524,10.);
#2625=VECTOR('',#10527,10.);
#2626=VECTOR('',#10528,10.);
#2627=VECTOR('',#10529,10.);
#2628=VECTOR('',#10530,10.);
#2629=VECTOR('',#10531,10.);
#2630=VECTOR('',#10534,10.);
#2631=VECTOR('',#10539,10.);
#2632=VECTOR('',#10542,10.);
#2633=VECTOR('',#10543,10.);
#2634=VECTOR('',#10546,10.);
#2635=VECTOR('',#10547,10.);
#2636=VECTOR('',#10548,10.);
#2637=VECTOR('',#10551,10.);
#2638=VECTOR('',#10552,10.);
#2639=VECTOR('',#10555,10.);
#2640=VECTOR('',#10558,10.);
#2641=VECTOR('',#10561,10.);
#2642=VECTOR('',#10564,10.);
#2643=VECTOR('',#10567,10.);
#2644=VECTOR('',#10568,10.);
#2645=VECTOR('',#10569,10.);
#2646=VECTOR('',#10576,10.);
#2647=VECTOR('',#10579,10.);
#2648=VECTOR('',#10582,10.);
#2649=VECTOR('',#10583,10.);
#2650=VECTOR('',#10584,10.);
#2651=VECTOR('',#10591,10.);
#2652=VECTOR('',#10594,10.);
#2653=VECTOR('',#10595,10.);
#2654=VECTOR('',#10596,10.);
#2655=VECTOR('',#10599,10.);
#2656=VECTOR('',#10602,10.);
#2657=VECTOR('',#10607,10.);
#2658=VECTOR('',#10610,10.);
#2659=VECTOR('',#10611,10.);
#2660=VECTOR('',#10612,10.);
#2661=VECTOR('',#10613,10.);
#2662=VECTOR('',#10614,10.);
#2663=VECTOR('',#10615,10.);
#2664=VECTOR('',#10616,10.);
#2665=VECTOR('',#10617,10.);
#2666=VECTOR('',#10618,10.);
#2667=VECTOR('',#10619,10.);
#2668=VECTOR('',#10620,10.);
#2669=VECTOR('',#10623,10.);
#2670=VECTOR('',#10626,10.);
#2671=VECTOR('',#10629,10.);
#2672=VECTOR('',#10632,10.);
#2673=VECTOR('',#10635,10.);
#2674=VECTOR('',#10638,10.);
#2675=VECTOR('',#10643,10.);
#2676=VECTOR('',#10646,10.);
#2677=VECTOR('',#10649,10.);
#2678=VECTOR('',#10652,10.);
#2679=VECTOR('',#10655,10.);
#2680=VECTOR('',#10658,10.);
#2681=VECTOR('',#10665,10.);
#2682=VECTOR('',#10670,10.);
#2683=VECTOR('',#10671,10.);
#2684=VECTOR('',#10672,10.);
#2685=VECTOR('',#10675,10.);
#2686=VECTOR('',#10678,10.);
#2687=VECTOR('',#10683,10.);
#2688=VECTOR('',#10684,10.);
#2689=VECTOR('',#10687,10.);
#2690=VECTOR('',#10688,10.);
#2691=VECTOR('',#10689,10.);
#2692=VECTOR('',#10690,10.);
#2693=VECTOR('',#10695,10.);
#2694=VECTOR('',#10702,10.);
#2695=VECTOR('',#10703,10.);
#2696=VECTOR('',#10704,10.);
#2697=VECTOR('',#10707,10.);
#2698=VECTOR('',#10710,10.);
#2699=VECTOR('',#10713,10.);
#2700=VECTOR('',#10716,10.);
#2701=VECTOR('',#10717,10.);
#2702=VECTOR('',#10720,10.);
#2703=VECTOR('',#10725,10.);
#2704=VECTOR('',#10726,10.);
#2705=VECTOR('',#10733,10.);
#2706=VECTOR('',#10734,10.);
#2707=VECTOR('',#10735,10.);
#2708=VECTOR('',#10736,10.);
#2709=VECTOR('',#10741,10.);
#2710=VECTOR('',#10744,10.);
#2711=VECTOR('',#10745,10.);
#2712=VECTOR('',#10746,10.);
#2713=VECTOR('',#10751,10.);
#2714=VECTOR('',#10754,10.);
#2715=VECTOR('',#10755,10.);
#2716=VECTOR('',#10760,10.);
#2717=VECTOR('',#10763,10.);
#2718=VECTOR('',#10764,10.);
#2719=VECTOR('',#10769,10.);
#2720=VECTOR('',#10772,10.);
#2721=VECTOR('',#10773,10.);
#2722=VECTOR('',#10774,10.);
#2723=VECTOR('',#10779,10.);
#2724=VECTOR('',#10782,10.);
#2725=VECTOR('',#10783,10.);
#2726=VECTOR('',#10792,10.);
#2727=VECTOR('',#10795,10.);
#2728=VECTOR('',#10798,10.);
#2729=VECTOR('',#10805,10.);
#2730=VECTOR('',#10808,10.);
#2731=VECTOR('',#10813,0.625);
#2732=VECTOR('',#10816,10.);
#2733=VECTOR('',#10817,10.);
#2734=VECTOR('',#10818,10.);
#2735=VECTOR('',#10825,10.);
#2736=VECTOR('',#10828,10.);
#2737=VECTOR('',#10831,10.);
#2738=VECTOR('',#10832,10.);
#2739=VECTOR('',#10839,10.);
#2740=VECTOR('',#10840,10.);
#2741=VECTOR('',#10849,10.);
#2742=VECTOR('',#10852,10.);
#2743=VECTOR('',#10857,10.);
#2744=VECTOR('',#10860,10.);
#2745=VECTOR('',#10861,10.);
#2746=VECTOR('',#10864,10.);
#2747=VECTOR('',#10867,10.);
#2748=VECTOR('',#10870,10.);
#2749=VECTOR('',#10873,10.);
#2750=VECTOR('',#10878,10.);
#2751=VECTOR('',#10895,10.);
#2752=VECTOR('',#10898,10.);
#2753=VECTOR('',#10903,0.624999999999999);
#2754=VECTOR('',#10906,10.);
#2755=VECTOR('',#10907,10.);
#2756=VECTOR('',#10908,10.);
#2757=VECTOR('',#10911,10.);
#2758=VECTOR('',#10912,10.);
#2759=VECTOR('',#10915,10.);
#2760=VECTOR('',#10916,10.);
#2761=VECTOR('',#10919,10.);
#2762=VECTOR('',#10924,10.);
#2763=VECTOR('',#10929,10.);
#2764=VECTOR('',#10930,10.);
#2765=VECTOR('',#10939,0.25);
#2766=VECTOR('',#10946,0.25);
#2767=VECTOR('',#10953,0.25);
#2768=VECTOR('',#10960,0.25);
#2769=VECTOR('',#10967,0.25);
#2770=VECTOR('',#10974,0.25);
#2771=VECTOR('',#10985,10.);
#2772=VECTOR('',#10988,10.);
#2773=VECTOR('',#10991,10.);
#2774=VECTOR('',#10994,10.);
#2775=VECTOR('',#10997,10.);
#2776=VECTOR('',#10998,10.);
#2777=VECTOR('',#11001,10.);
#2778=VECTOR('',#11004,10.);
#2779=VECTOR('',#11007,10.);
#2780=VECTOR('',#11008,10.);
#2781=VECTOR('',#11009,10.);
#2782=VECTOR('',#11012,10.);
#2783=VECTOR('',#11015,10.);
#2784=VECTOR('',#11016,10.);
#2785=VECTOR('',#11017,10.);
#2786=VECTOR('',#11020,10.);
#2787=VECTOR('',#11021,10.);
#2788=VECTOR('',#11022,10.);
#2789=VECTOR('',#11025,10.);
#2790=VECTOR('',#11026,10.);
#2791=VECTOR('',#11031,10.);
#2792=VECTOR('',#11034,10.);
#2793=VECTOR('',#11037,10.);
#2794=VECTOR('',#11040,10.);
#2795=VECTOR('',#11043,10.);
#2796=VECTOR('',#11046,10.);
#2797=VECTOR('',#11051,10.);
#2798=VECTOR('',#11054,10.);
#2799=VECTOR('',#11057,10.);
#2800=VECTOR('',#11060,10.);
#2801=VECTOR('',#11063,10.);
#2802=VECTOR('',#11066,10.);
#2803=VECTOR('',#11069,10.);
#2804=VECTOR('',#11070,10.);
#2805=VECTOR('',#11073,10.);
#2806=VECTOR('',#11074,10.);
#2807=VECTOR('',#11075,10.);
#2808=VECTOR('',#11078,10.);
#2809=VECTOR('',#11079,10.);
#2810=VECTOR('',#11080,10.);
#2811=VECTOR('',#11083,10.);
#2812=VECTOR('',#11084,10.);
#2813=VECTOR('',#11085,10.);
#2814=VECTOR('',#11088,10.);
#2815=VECTOR('',#11091,10.);
#2816=VECTOR('',#11092,10.);
#2817=VECTOR('',#11093,10.);
#2818=VECTOR('',#11096,10.);
#2819=VECTOR('',#11099,10.);
#2820=VECTOR('',#11102,10.);
#2821=VECTOR('',#11103,10.);
#2822=VECTOR('',#11106,10.);
#2823=VECTOR('',#11109,10.);
#2824=VECTOR('',#11112,10.);
#2825=VECTOR('',#11115,10.);
#2826=VECTOR('',#11120,10.);
#2827=VECTOR('',#11123,10.);
#2828=VECTOR('',#11126,10.);
#2829=VECTOR('',#11129,10.);
#2830=VECTOR('',#11132,10.);
#2831=VECTOR('',#11135,10.);
#2832=VECTOR('',#11140,10.);
#2833=VECTOR('',#11141,10.);
#2834=VECTOR('',#11144,10.);
#2835=VECTOR('',#11147,10.);
#2836=VECTOR('',#11148,10.);
#2837=VECTOR('',#11151,10.);
#2838=VECTOR('',#11154,10.);
#2839=VECTOR('',#11155,10.);
#2840=VECTOR('',#11158,10.);
#2841=VECTOR('',#11161,10.);
#2842=VECTOR('',#11164,10.);
#2843=VECTOR('',#11165,10.);
#2844=VECTOR('',#11168,10.);
#2845=VECTOR('',#11171,10.);
#2846=VECTOR('',#11174,10.);
#2847=VECTOR('',#11175,10.);
#2848=VECTOR('',#11178,10.);
#2849=VECTOR('',#11181,0.624999999999999);
#2850=VECTOR('',#11184,10.);
#2851=VECTOR('',#11185,10.);
#2852=VECTOR('',#11188,10.);
#2853=VECTOR('',#11191,10.);
#2854=VECTOR('',#11196,10.);
#2855=VECTOR('',#11197,10.);
#2856=VECTOR('',#11200,10.);
#2857=VECTOR('',#11203,10.);
#2858=VECTOR('',#11206,10.);
#2859=VECTOR('',#11209,10.);
#2860=VECTOR('',#11212,10.);
#2861=VECTOR('',#11215,10.);
#2862=VECTOR('',#11220,0.625);
#2863=VECTOR('',#11223,10.);
#2864=VECTOR('',#11224,10.);
#2865=VECTOR('',#11227,10.);
#2866=VECTOR('',#11230,10.);
#2867=VECTOR('',#11233,10.);
#2868=VECTOR('',#11236,10.);
#2869=VECTOR('',#11239,10.);
#2870=VECTOR('',#11242,10.);
#2871=VECTOR('',#11247,10.);
#2872=VECTOR('',#11250,10.);
#2873=VECTOR('',#11259,10.);
#2874=VECTOR('',#11264,10.);
#2875=VECTOR('',#11269,10.);
#2876=VECTOR('',#11272,10.);
#2877=VECTOR('',#11283,0.800000000000001);
#2878=VECTOR('',#11292,1.45);
#2879=VECTOR('',#11297,10.);
#2880=VECTOR('',#11298,10.);
#2881=VECTOR('',#11299,10.);
#2882=VECTOR('',#11300,10.);
#2883=VECTOR('',#11303,10.);
#2884=VECTOR('',#11304,10.);
#2885=VECTOR('',#11305,10.);
#2886=VECTOR('',#11308,10.);
#2887=VECTOR('',#11309,10.);
#2888=VECTOR('',#11310,10.);
#2889=VECTOR('',#11311,10.);
#2890=VECTOR('',#11312,10.);
#2891=VECTOR('',#11317,10.);
#2892=VECTOR('',#11318,10.);
#2893=VECTOR('',#11319,10.);
#2894=VECTOR('',#11320,10.);
#2895=VECTOR('',#11323,10.);
#2896=VECTOR('',#11324,10.);
#2897=VECTOR('',#11325,10.);
#2898=VECTOR('',#11326,10.);
#2899=VECTOR('',#11327,10.);
#2900=VECTOR('',#11330,10.);
#2901=VECTOR('',#11331,10.);
#2902=VECTOR('',#11336,10.);
#2903=VECTOR('',#11337,10.);
#2904=VECTOR('',#11338,10.);
#2905=VECTOR('',#11339,10.);
#2906=VECTOR('',#11340,10.);
#2907=VECTOR('',#11343,10.);
#2908=VECTOR('',#11344,10.);
#2909=VECTOR('',#11347,10.);
#2910=VECTOR('',#11348,10.);
#2911=VECTOR('',#11349,10.);
#2912=VECTOR('',#11352,10.);
#2913=VECTOR('',#11353,10.);
#2914=VECTOR('',#11356,10.);
#2915=VECTOR('',#11357,10.);
#2916=VECTOR('',#11358,10.);
#2917=VECTOR('',#11361,10.);
#2918=VECTOR('',#11364,10.);
#2919=VECTOR('',#11367,10.);
#2920=VECTOR('',#11368,10.);
#2921=VECTOR('',#11371,10.);
#2922=VECTOR('',#11372,10.);
#2923=VECTOR('',#11375,10.);
#2924=VECTOR('',#11378,10.);
#2925=VECTOR('',#11379,10.);
#2926=VECTOR('',#11380,10.);
#2927=VECTOR('',#11383,10.);
#2928=VECTOR('',#11388,10.);
#2929=VECTOR('',#11391,10.);
#2930=VECTOR('',#11394,10.);
#2931=VECTOR('',#11397,10.);
#2932=VECTOR('',#11404,10.);
#2933=VECTOR('',#11405,10.);
#2934=VECTOR('',#11406,10.);
#2935=VECTOR('',#11419,10.);
#2936=VECTOR('',#11432,10.);
#2937=VECTOR('',#11439,10.);
#2938=VECTOR('',#11446,10.);
#2939=VECTOR('',#11453,10.);
#2940=VECTOR('',#11454,10.);
#2941=VECTOR('',#11455,10.);
#2942=VECTOR('',#11456,10.);
#2943=VECTOR('',#11457,10.);
#2944=VECTOR('',#11458,10.);
#2945=VECTOR('',#11459,10.);
#2946=VECTOR('',#11460,10.);
#2947=VECTOR('',#11461,10.);
#2948=VECTOR('',#11462,10.);
#2949=VECTOR('',#11463,10.);
#2950=VECTOR('',#11464,10.);
#2951=VECTOR('',#11465,10.);
#2952=VECTOR('',#11466,10.);
#2953=VECTOR('',#11467,10.);
#2954=VECTOR('',#11468,10.);
#2955=VECTOR('',#11469,10.);
#2956=VECTOR('',#11470,10.);
#2957=VECTOR('',#11473,10.);
#2958=VECTOR('',#11474,10.);
#2959=VECTOR('',#11475,10.);
#2960=VECTOR('',#11478,10.);
#2961=VECTOR('',#11485,10.);
#2962=VECTOR('',#11486,10.);
#2963=VECTOR('',#11487,10.);
#2964=VECTOR('',#11490,10.);
#2965=VECTOR('',#11497,10.);
#2966=VECTOR('',#11500,10.);
#2967=VECTOR('',#11505,10.);
#2968=VECTOR('',#11506,10.);
#2969=VECTOR('',#11515,10.);
#2970=VECTOR('',#11516,10.);
#2971=VECTOR('',#11517,10.);
#2972=VECTOR('',#11518,10.);
#2973=VECTOR('',#11521,10.);
#2974=VECTOR('',#11528,10.);
#2975=VECTOR('',#11531,10.);
#2976=VECTOR('',#11532,10.);
#2977=VECTOR('',#11535,10.);
#2978=VECTOR('',#11536,10.);
#2979=VECTOR('',#11537,10.);
#2980=VECTOR('',#11538,10.);
#2981=VECTOR('',#11539,10.);
#2982=VECTOR('',#11540,10.);
#2983=VECTOR('',#11541,10.);
#2984=VECTOR('',#11542,10.);
#2985=VECTOR('',#11545,10.);
#2986=VECTOR('',#11548,10.);
#2987=VECTOR('',#11549,10.);
#2988=VECTOR('',#11550,10.);
#2989=VECTOR('',#11551,10.);
#2990=VECTOR('',#11552,10.);
#2991=VECTOR('',#11569,10.);
#2992=VECTOR('',#11574,10.);
#2993=VECTOR('',#11595,10.);
#2994=VECTOR('',#11600,10.);
#2995=VECTOR('',#11605,10.);
#2996=VECTOR('',#11610,10.);
#2997=VECTOR('',#11615,10.);
#2998=VECTOR('',#11620,10.);
#2999=VECTOR('',#11635,10.);
#3000=VECTOR('',#11638,10.);
#3001=VECTOR('',#11639,10.);
#3002=VECTOR('',#11640,10.);
#3003=VECTOR('',#11643,10.);
#3004=VECTOR('',#11644,10.);
#3005=VECTOR('',#11649,10.);
#3006=VECTOR('',#11650,10.);
#3007=VECTOR('',#11651,10.);
#3008=VECTOR('',#11654,10.);
#3009=VECTOR('',#11655,10.);
#3010=VECTOR('',#11656,10.);
#3011=VECTOR('',#11657,10.);
#3012=VECTOR('',#11658,10.);
#3013=VECTOR('',#11663,10.);
#3014=VECTOR('',#11664,10.);
#3015=VECTOR('',#11665,10.);
#3016=VECTOR('',#11668,10.);
#3017=VECTOR('',#11671,10.);
#3018=VECTOR('',#11676,10.);
#3019=VECTOR('',#11677,10.);
#3020=VECTOR('',#11678,10.);
#3021=VECTOR('',#11679,10.);
#3022=VECTOR('',#11680,10.);
#3023=VECTOR('',#11681,10.);
#3024=VECTOR('',#11682,10.);
#3025=VECTOR('',#11683,10.);
#3026=VECTOR('',#11684,10.);
#3027=VECTOR('',#11685,10.);
#3028=VECTOR('',#11686,10.);
#3029=VECTOR('',#11687,10.);
#3030=VECTOR('',#11688,10.);
#3031=VECTOR('',#11689,10.);
#3032=VECTOR('',#11704,10.);
#3033=VECTOR('',#11705,10.);
#3034=VECTOR('',#11706,10.);
#3035=VECTOR('',#11709,10.);
#3036=VECTOR('',#11712,10.);
#3037=VECTOR('',#11713,10.);
#3038=VECTOR('',#11716,10.);
#3039=VECTOR('',#11721,10.);
#3040=VECTOR('',#11728,0.8);
#3041=VECTOR('',#11735,1.45);
#3042=VECTOR('',#11738,10.);
#3043=VECTOR('',#11747,4.7);
#3044=VECTOR('',#11758,1.95);
#3045=VECTOR('',#11779,2.1);
#3046=VECTOR('',#11784,2.25);
#3047=VECTOR('',#11805,10.);
#3048=VECTOR('',#11808,10.);
#3049=VECTOR('',#11815,10.);
#3050=VECTOR('',#11822,10.);
#3051=VECTOR('',#11833,10.);
#3052=VECTOR('',#11858,10.);
#3053=VECTOR('',#11859,10.);
#3054=VECTOR('',#11860,10.);
#3055=VECTOR('',#11861,10.);
#3056=VECTOR('',#11862,10.);
#3057=VECTOR('',#11865,10.);
#3058=VECTOR('',#11870,10.);
#3059=VECTOR('',#11871,10.);
#3060=VECTOR('',#11874,10.);
#3061=VECTOR('',#11875,10.);
#3062=VECTOR('',#11878,10.);
#3063=VECTOR('',#11879,10.);
#3064=VECTOR('',#11882,10.);
#3065=VECTOR('',#11887,10.);
#3066=VECTOR('',#11888,10.);
#3067=VECTOR('',#11901,10.);
#3068=VECTOR('',#11964,10.);
#3069=VECTOR('',#11971,10.);
#3070=VECTOR('',#11982,10.);
#3071=VECTOR('',#11991,10.);
#3072=VECTOR('',#12008,10.);
#3073=VECTOR('',#12013,10.);
#3074=VECTOR('',#12030,10.);
#3075=VECTOR('',#12033,10.);
#3076=VECTOR('',#12038,10.);
#3077=VECTOR('',#12041,10.);
#3078=VECTOR('',#12046,10.);
#3079=VECTOR('',#12057,10.);
#3080=VECTOR('',#12060,10.);
#3081=VECTOR('',#12061,10.);
#3082=VECTOR('',#12066,10.);
#3083=VECTOR('',#12069,10.);
#3084=VECTOR('',#12070,10.);
#3085=VECTOR('',#12071,10.);
#3086=VECTOR('',#12074,10.);
#3087=VECTOR('',#12079,10.);
#3088=VECTOR('',#12082,10.);
#3089=VECTOR('',#12083,10.);
#3090=VECTOR('',#12086,10.);
#3091=VECTOR('',#12093,10.);
#3092=VECTOR('',#12096,10.);
#3093=VECTOR('',#12101,10.);
#3094=VECTOR('',#12106,10.);
#3095=VECTOR('',#12117,0.900000000000001);
#3096=VECTOR('',#12128,0.9);
#3097=VECTOR('',#12141,10.);
#3098=VECTOR('',#12144,10.);
#3099=VECTOR('',#12147,10.);
#3100=VECTOR('',#12148,10.);
#3101=VECTOR('',#12149,10.);
#3102=VECTOR('',#12150,10.);
#3103=VECTOR('',#12151,10.);
#3104=VECTOR('',#12152,10.);
#3105=VECTOR('',#12153,10.);
#3106=VECTOR('',#12158,10.);
#3107=VECTOR('',#12161,10.);
#3108=VECTOR('',#12164,10.);
#3109=VECTOR('',#12165,10.);
#3110=VECTOR('',#12166,10.);
#3111=VECTOR('',#12167,10.);
#3112=VECTOR('',#12168,10.);
#3113=VECTOR('',#12171,10.);
#3114=VECTOR('',#12172,10.);
#3115=VECTOR('',#12173,10.);
#3116=VECTOR('',#12174,10.);
#3117=VECTOR('',#12175,10.);
#3118=VECTOR('',#12176,10.);
#3119=VECTOR('',#12179,10.);
#3120=VECTOR('',#12180,10.);
#3121=VECTOR('',#12183,10.);
#3122=VECTOR('',#12186,10.);
#3123=VECTOR('',#12189,10.);
#3124=VECTOR('',#12196,0.25);
#3125=VECTOR('',#12201,10.);
#3126=VECTOR('',#12202,10.);
#3127=VECTOR('',#12203,10.);
#3128=VECTOR('',#12204,10.);
#3129=VECTOR('',#12207,10.);
#3130=VECTOR('',#12208,10.);
#3131=VECTOR('',#12211,10.);
#3132=VECTOR('',#12212,10.);
#3133=VECTOR('',#12213,10.);
#3134=VECTOR('',#12216,10.);
#3135=VECTOR('',#12217,10.);
#3136=VECTOR('',#12226,10.);
#3137=VECTOR('',#12229,10.);
#3138=VECTOR('',#12232,10.);
#3139=VECTOR('',#12233,10.);
#3140=VECTOR('',#12234,10.);
#3141=VECTOR('',#12235,10.);
#3142=VECTOR('',#12236,10.);
#3143=VECTOR('',#12237,10.);
#3144=VECTOR('',#12238,10.);
#3145=VECTOR('',#12243,10.);
#3146=VECTOR('',#12246,10.);
#3147=VECTOR('',#12249,10.);
#3148=VECTOR('',#12250,10.);
#3149=VECTOR('',#12251,10.);
#3150=VECTOR('',#12252,10.);
#3151=VECTOR('',#12253,10.);
#3152=VECTOR('',#12258,10.);
#3153=VECTOR('',#12259,10.);
#3154=VECTOR('',#12260,10.);
#3155=VECTOR('',#12261,10.);
#3156=VECTOR('',#12264,10.);
#3157=VECTOR('',#12265,10.);
#3158=VECTOR('',#12268,10.);
#3159=VECTOR('',#12269,10.);
#3160=VECTOR('',#12272,10.);
#3161=VECTOR('',#12273,10.);
#3162=VECTOR('',#12274,10.);
#3163=VECTOR('',#12277,10.);
#3164=VECTOR('',#12278,10.);
#3165=VECTOR('',#12281,10.);
#3166=VECTOR('',#12284,0.25);
#3167=VECTOR('',#12289,10.);
#3168=VECTOR('',#12290,10.);
#3169=VECTOR('',#12291,10.);
#3170=VECTOR('',#12294,10.);
#3171=VECTOR('',#12297,10.);
#3172=VECTOR('',#12300,10.);
#3173=VECTOR('',#12301,10.);
#3174=VECTOR('',#12304,10.);
#3175=VECTOR('',#12311,10.);
#3176=VECTOR('',#12314,10.);
#3177=VECTOR('',#12317,10.);
#3178=VECTOR('',#12318,10.);
#3179=VECTOR('',#12319,10.);
#3180=VECTOR('',#12320,10.);
#3181=VECTOR('',#12321,10.);
#3182=VECTOR('',#12322,10.);
#3183=VECTOR('',#12323,10.);
#3184=VECTOR('',#12328,10.);
#3185=VECTOR('',#12331,10.);
#3186=VECTOR('',#12334,10.);
#3187=VECTOR('',#12335,10.);
#3188=VECTOR('',#12336,10.);
#3189=VECTOR('',#12337,10.);
#3190=VECTOR('',#12338,10.);
#3191=VECTOR('',#12341,10.);
#3192=VECTOR('',#12342,10.);
#3193=VECTOR('',#12343,10.);
#3194=VECTOR('',#12344,10.);
#3195=VECTOR('',#12345,10.);
#3196=VECTOR('',#12346,10.);
#3197=VECTOR('',#12349,10.);
#3198=VECTOR('',#12350,10.);
#3199=VECTOR('',#12353,10.);
#3200=VECTOR('',#12356,10.);
#3201=VECTOR('',#12359,10.);
#3202=VECTOR('',#12366,0.25);
#3203=VECTOR('',#12371,10.);
#3204=VECTOR('',#12372,10.);
#3205=VECTOR('',#12373,10.);
#3206=VECTOR('',#12374,10.);
#3207=VECTOR('',#12377,10.);
#3208=VECTOR('',#12378,10.);
#3209=VECTOR('',#12381,10.);
#3210=VECTOR('',#12382,10.);
#3211=VECTOR('',#12383,10.);
#3212=VECTOR('',#12386,10.);
#3213=VECTOR('',#12387,10.);
#3214=VECTOR('',#12396,10.);
#3215=VECTOR('',#12399,10.);
#3216=VECTOR('',#12402,10.);
#3217=VECTOR('',#12403,10.);
#3218=VECTOR('',#12404,10.);
#3219=VECTOR('',#12405,10.);
#3220=VECTOR('',#12406,10.);
#3221=VECTOR('',#12407,10.);
#3222=VECTOR('',#12408,10.);
#3223=VECTOR('',#12413,10.);
#3224=VECTOR('',#12416,10.);
#3225=VECTOR('',#12419,10.);
#3226=VECTOR('',#12420,10.);
#3227=VECTOR('',#12421,10.);
#3228=VECTOR('',#12422,10.);
#3229=VECTOR('',#12423,10.);
#3230=VECTOR('',#12428,10.);
#3231=VECTOR('',#12429,10.);
#3232=VECTOR('',#12430,10.);
#3233=VECTOR('',#12431,10.);
#3234=VECTOR('',#12434,10.);
#3235=VECTOR('',#12435,10.);
#3236=VECTOR('',#12438,10.);
#3237=VECTOR('',#12439,10.);
#3238=VECTOR('',#12442,10.);
#3239=VECTOR('',#12443,10.);
#3240=VECTOR('',#12444,10.);
#3241=VECTOR('',#12447,10.);
#3242=VECTOR('',#12448,10.);
#3243=VECTOR('',#12451,10.);
#3244=VECTOR('',#12454,10.);
#3245=VECTOR('',#12455,10.);
#3246=VECTOR('',#12456,10.);
#3247=VECTOR('',#12457,10.);
#3248=VECTOR('',#12462,0.25);
#3249=VECTOR('',#12465,10.);
#3250=VECTOR('',#12468,10.);
#3251=VECTOR('',#12471,10.);
#3252=VECTOR('',#12474,10.);
#3253=VECTOR('',#12481,10.);
#3254=VECTOR('',#12484,10.);
#3255=VECTOR('',#12487,10.);
#3256=VECTOR('',#12488,10.);
#3257=VECTOR('',#12489,10.);
#3258=VECTOR('',#12490,10.);
#3259=VECTOR('',#12491,10.);
#3260=VECTOR('',#12492,10.);
#3261=VECTOR('',#12493,10.);
#3262=VECTOR('',#12498,10.);
#3263=VECTOR('',#12501,10.);
#3264=VECTOR('',#12504,10.);
#3265=VECTOR('',#12505,10.);
#3266=VECTOR('',#12506,10.);
#3267=VECTOR('',#12507,10.);
#3268=VECTOR('',#12508,10.);
#3269=VECTOR('',#12513,10.);
#3270=VECTOR('',#12514,10.);
#3271=VECTOR('',#12515,10.);
#3272=VECTOR('',#12516,10.);
#3273=VECTOR('',#12519,10.);
#3274=VECTOR('',#12520,10.);
#3275=VECTOR('',#12523,10.);
#3276=VECTOR('',#12524,10.);
#3277=VECTOR('',#12527,10.);
#3278=VECTOR('',#12528,10.);
#3279=VECTOR('',#12529,10.);
#3280=VECTOR('',#12532,10.);
#3281=VECTOR('',#12533,10.);
#3282=VECTOR('',#12536,10.);
#3283=VECTOR('',#12539,0.25);
#3284=VECTOR('',#12544,10.);
#3285=VECTOR('',#12545,10.);
#3286=VECTOR('',#12546,10.);
#3287=VECTOR('',#12549,10.);
#3288=VECTOR('',#12552,10.);
#3289=VECTOR('',#12555,10.);
#3290=VECTOR('',#12556,10.);
#3291=VECTOR('',#12559,10.);
#3292=VECTOR('',#12566,10.);
#3293=VECTOR('',#12569,10.);
#3294=VECTOR('',#12572,10.);
#3295=VECTOR('',#12573,10.);
#3296=VECTOR('',#12574,10.);
#3297=VECTOR('',#12575,10.);
#3298=VECTOR('',#12576,10.);
#3299=VECTOR('',#12577,10.);
#3300=VECTOR('',#12578,10.);
#3301=VECTOR('',#12583,10.);
#3302=VECTOR('',#12586,10.);
#3303=VECTOR('',#12589,10.);
#3304=VECTOR('',#12590,10.);
#3305=VECTOR('',#12591,10.);
#3306=VECTOR('',#12592,10.);
#3307=VECTOR('',#12593,10.);
#3308=VECTOR('',#12596,10.);
#3309=VECTOR('',#12597,10.);
#3310=VECTOR('',#12598,10.);
#3311=VECTOR('',#12599,10.);
#3312=VECTOR('',#12600,10.);
#3313=VECTOR('',#12601,10.);
#3314=VECTOR('',#12604,10.);
#3315=VECTOR('',#12605,10.);
#3316=VECTOR('',#12608,10.);
#3317=VECTOR('',#12611,10.);
#3318=VECTOR('',#12614,10.);
#3319=VECTOR('',#12621,0.25);
#3320=VECTOR('',#12626,10.);
#3321=VECTOR('',#12627,10.);
#3322=VECTOR('',#12628,10.);
#3323=VECTOR('',#12629,10.);
#3324=VECTOR('',#12632,10.);
#3325=VECTOR('',#12633,10.);
#3326=VECTOR('',#12636,10.);
#3327=VECTOR('',#12637,10.);
#3328=VECTOR('',#12638,10.);
#3329=VECTOR('',#12641,10.);
#3330=VECTOR('',#12642,10.);
#3331=CIRCLE('',#9247,0.7);
#3332=CIRCLE('',#9248,0.7);
#3333=CIRCLE('',#9251,0.7);
#3334=CIRCLE('',#9253,0.7);
#3335=CIRCLE('',#9255,1.);
#3336=CIRCLE('',#9256,0.9);
#3337=CIRCLE('',#9258,0.7);
#3338=CIRCLE('',#9259,0.7);
#3339=CIRCLE('',#9262,1.05);
#3340=CIRCLE('',#9263,0.7);
#3341=CIRCLE('',#9265,0.7);
#3342=CIRCLE('',#9267,0.9);
#3343=CIRCLE('',#9268,1.);
#3344=CIRCLE('',#9270,0.5);
#3345=CIRCLE('',#9271,0.5);
#3346=CIRCLE('',#9273,0.7);
#3347=CIRCLE('',#9275,0.5);
#3348=CIRCLE('',#9277,0.5);
#3349=CIRCLE('',#9279,0.7);
#3350=CIRCLE('',#9285,0.9);
#3351=CIRCLE('',#9287,0.9);
#3352=CIRCLE('',#9288,0.9);
#3353=CIRCLE('',#9290,0.15);
#3354=CIRCLE('',#9292,1.);
#3355=CIRCLE('',#9293,1.);
#3356=CIRCLE('',#9294,1.);
#3357=CIRCLE('',#9296,0.15);
#3358=CIRCLE('',#9298,0.3);
#3359=CIRCLE('',#9301,0.3);
#3360=CIRCLE('',#9307,0.2);
#3361=CIRCLE('',#9308,0.2);
#3362=CIRCLE('',#9311,0.25);
#3363=CIRCLE('',#9312,0.25);
#3364=CIRCLE('',#9313,0.2);
#3365=CIRCLE('',#9314,0.5);
#3366=CIRCLE('',#9315,0.5);
#3367=CIRCLE('',#9316,0.75);
#3368=CIRCLE('',#9317,0.25);
#3369=CIRCLE('',#9318,0.25);
#3370=CIRCLE('',#9319,0.25);
#3371=CIRCLE('',#9320,0.25);
#3372=CIRCLE('',#9321,0.25);
#3373=CIRCLE('',#9322,0.25);
#3374=CIRCLE('',#9323,0.25);
#3375=CIRCLE('',#9324,0.25);
#3376=CIRCLE('',#9326,0.2);
#3377=CIRCLE('',#9328,0.25);
#3378=CIRCLE('',#9329,0.25);
#3379=CIRCLE('',#9332,0.25);
#3380=CIRCLE('',#9333,0.25);
#3381=CIRCLE('',#9336,0.25);
#3382=CIRCLE('',#9337,0.25);
#3383=CIRCLE('',#9340,0.25);
#3384=CIRCLE('',#9341,0.25);
#3385=CIRCLE('',#9345,0.25);
#3386=CIRCLE('',#9348,0.25);
#3387=CIRCLE('',#9351,0.25);
#3388=CIRCLE('',#9354,0.25);
#3389=CIRCLE('',#9357,0.25);
#3390=CIRCLE('',#9360,0.25);
#3391=CIRCLE('',#9363,0.25);
#3392=CIRCLE('',#9366,0.25);
#3393=CIRCLE('',#9369,0.25);
#3394=CIRCLE('',#9372,0.25);
#3395=CIRCLE('',#9376,0.75);
#3396=CIRCLE('',#9377,0.5);
#3397=CIRCLE('',#9378,0.5);
#3398=CIRCLE('',#9390,0.2);
#3399=CIRCLE('',#9391,0.2);
#3400=CIRCLE('',#9394,0.2);
#3401=CIRCLE('',#9395,0.2);
#3402=CIRCLE('',#9399,0.249999999999998);
#3403=CIRCLE('',#9400,1.99999999999999);
#3404=CIRCLE('',#9401,0.249999999999999);
#3405=CIRCLE('',#9402,0.249999999999999);
#3406=CIRCLE('',#9403,0.249999999999999);
#3407=CIRCLE('',#9404,0.624999999999999);
#3408=CIRCLE('',#9405,0.2);
#3409=CIRCLE('',#9406,0.2);
#3410=CIRCLE('',#9407,0.2);
#3411=CIRCLE('',#9408,0.2);
#3412=CIRCLE('',#9409,0.3);
#3413=CIRCLE('',#9410,0.3);
#3414=CIRCLE('',#9411,0.2);
#3415=CIRCLE('',#9412,0.2);
#3416=CIRCLE('',#9413,0.199999999999999);
#3417=CIRCLE('',#9414,0.199999999999999);
#3418=CIRCLE('',#9415,0.625);
#3419=CIRCLE('',#9417,0.3);
#3420=CIRCLE('',#9418,0.3);
#3421=CIRCLE('',#9421,0.75);
#3422=CIRCLE('',#9422,0.75);
#3423=CIRCLE('',#9426,0.3);
#3424=CIRCLE('',#9427,0.3);
#3425=CIRCLE('',#9429,0.5);
#3426=CIRCLE('',#9430,0.5);
#3427=CIRCLE('',#9432,0.2);
#3428=CIRCLE('',#9435,0.2);
#3429=CIRCLE('',#9438,0.5);
#3430=CIRCLE('',#9439,0.5);
#3431=CIRCLE('',#9444,0.2);
#3432=CIRCLE('',#9447,0.2);
#3433=CIRCLE('',#9450,0.2);
#3434=CIRCLE('',#9453,0.3);
#3435=CIRCLE('',#9456,0.3);
#3436=CIRCLE('',#9458,0.3);
#3437=CIRCLE('',#9462,0.3);
#3438=CIRCLE('',#9466,0.625);
#3439=CIRCLE('',#9469,0.2);
#3440=CIRCLE('',#9471,0.199999999999999);
#3441=CIRCLE('',#9474,0.199999999999999);
#3442=CIRCLE('',#9477,0.249999999999998);
#3443=CIRCLE('',#9479,1.99999999999999);
#3444=CIRCLE('',#9482,0.249999999999999);
#3445=CIRCLE('',#9489,0.749999999999998);
#3446=CIRCLE('',#9491,0.999999999999999);
#3447=CIRCLE('',#9492,0.249999999999999);
#3448=CIRCLE('',#9494,0.249999999999999);
#3449=CIRCLE('',#9495,0.75);
#3450=CIRCLE('',#9496,0.999999999999999);
#3451=CIRCLE('',#9500,0.624999999999999);
#3452=CIRCLE('',#9506,0.249999999999999);
#3453=CIRCLE('',#9507,0.249999999999999);
#3454=CIRCLE('',#9512,0.25);
#3455=CIRCLE('',#9513,0.25);
#3456=CIRCLE('',#9515,0.25);
#3457=CIRCLE('',#9516,0.25);
#3458=CIRCLE('',#9518,0.25);
#3459=CIRCLE('',#9519,0.25);
#3460=CIRCLE('',#9521,0.25);
#3461=CIRCLE('',#9522,0.25);
#3462=CIRCLE('',#9524,0.25);
#3463=CIRCLE('',#9525,0.25);
#3464=CIRCLE('',#9527,0.25);
#3465=CIRCLE('',#9528,0.25);
#3466=CIRCLE('',#9531,0.1);
#3467=CIRCLE('',#9533,0.15);
#3468=CIRCLE('',#9535,0.15);
#3469=CIRCLE('',#9537,0.1);
#3470=CIRCLE('',#9538,0.1);
#3471=CIRCLE('',#9539,0.1);
#3472=CIRCLE('',#9540,0.1);
#3473=CIRCLE('',#9541,0.1);
#3474=CIRCLE('',#9542,0.1);
#3475=CIRCLE('',#9543,0.1);
#3476=CIRCLE('',#9544,0.624999999999999);
#3477=CIRCLE('',#9545,0.3);
#3478=CIRCLE('',#9546,0.3);
#3479=CIRCLE('',#9547,0.2);
#3480=CIRCLE('',#9548,0.2);
#3481=CIRCLE('',#9549,0.2);
#3482=CIRCLE('',#9550,0.199999999999999);
#3483=CIRCLE('',#9551,0.625);
#3484=CIRCLE('',#9552,0.199999999999999);
#3485=CIRCLE('',#9553,0.199999999999999);
#3486=CIRCLE('',#9554,0.199999999999999);
#3487=CIRCLE('',#9555,0.199999999999999);
#3488=CIRCLE('',#9557,0.1);
#3489=CIRCLE('',#9560,0.1);
#3490=CIRCLE('',#9561,0.1);
#3491=CIRCLE('',#9562,0.1);
#3492=CIRCLE('',#9563,0.1);
#3493=CIRCLE('',#9564,0.1);
#3494=CIRCLE('',#9565,0.1);
#3495=CIRCLE('',#9566,0.1);
#3496=CIRCLE('',#9567,0.199999999999999);
#3497=CIRCLE('',#9568,0.199999999999999);
#3498=CIRCLE('',#9569,0.199999999999999);
#3499=CIRCLE('',#9570,0.199999999999999);
#3500=CIRCLE('',#9571,0.625);
#3501=CIRCLE('',#9572,0.2);
#3502=CIRCLE('',#9573,0.199999999999999);
#3503=CIRCLE('',#9574,0.2);
#3504=CIRCLE('',#9575,0.2);
#3505=CIRCLE('',#9576,0.3);
#3506=CIRCLE('',#9577,0.3);
#3507=CIRCLE('',#9578,0.624999999999999);
#3508=CIRCLE('',#9625,0.249999999999999);
#3509=CIRCLE('',#9626,5.50250156445618);
#3510=CIRCLE('',#9628,0.800000000000001);
#3511=CIRCLE('',#9629,0.800000000000001);
#3512=CIRCLE('',#9631,1.45);
#3513=CIRCLE('',#9633,1.45);
#3514=CIRCLE('',#9637,0.1498);
#3515=CIRCLE('',#9641,0.1498);
#3516=CIRCLE('',#9648,1.9);
#3517=CIRCLE('',#9650,0.000199999999999992);
#3518=CIRCLE('',#9651,0.000200000000000009);
#3519=CIRCLE('',#9652,0.000200000000000009);
#3520=CIRCLE('',#9653,0.000199999999999992);
#3521=CIRCLE('',#9655,1.9);
#3522=CIRCLE('',#9658,0.1498);
#3523=CIRCLE('',#9659,0.149799999999993);
#3524=CIRCLE('',#9660,0.1498);
#3525=CIRCLE('',#9664,0.15);
#3526=CIRCLE('',#9666,0.1498);
#3527=CIRCLE('',#9667,0.1498);
#3528=CIRCLE('',#9668,0.149799999999993);
#3529=CIRCLE('',#9669,0.15);
#3530=CIRCLE('',#9672,0.1498);
#3531=CIRCLE('',#9673,0.1498);
#3532=CIRCLE('',#9674,0.149799999999994);
#3533=CIRCLE('',#9675,0.15);
#3534=CIRCLE('',#9679,0.1498);
#3535=CIRCLE('',#9680,0.15);
#3536=CIRCLE('',#9681,0.15);
#3537=CIRCLE('',#9685,0.15);
#3538=CIRCLE('',#9686,0.15);
#3539=CIRCLE('',#9689,0.15);
#3540=CIRCLE('',#9690,0.15);
#3541=CIRCLE('',#9694,0.149999999999999);
#3542=CIRCLE('',#9696,0.15);
#3543=CIRCLE('',#9697,0.15);
#3544=CIRCLE('',#9700,0.15);
#3545=CIRCLE('',#9701,0.15);
#3546=CIRCLE('',#9703,1.15);
#3547=CIRCLE('',#9704,1.15);
#3548=CIRCLE('',#9705,1.15);
#3549=CIRCLE('',#9706,1.15);
#3550=CIRCLE('',#9707,1.);
#3551=CIRCLE('',#9708,1.);
#3552=CIRCLE('',#9709,4.71036092035419);
#3553=CIRCLE('',#9711,6.5);
#3554=CIRCLE('',#9712,4.7);
#3555=CIRCLE('',#9713,0.1);
#3556=CIRCLE('',#9715,0.1);
#3557=CIRCLE('',#9718,6.37428135316432);
#3558=CIRCLE('',#9719,6.37428135316432);
#3559=CIRCLE('',#9720,2.);
#3560=CIRCLE('',#9721,7.5);
#3561=CIRCLE('',#9722,6.37428135316432);
#3562=CIRCLE('',#9723,6.37428135316432);
#3563=CIRCLE('',#9724,6.37428135316432);
#3564=CIRCLE('',#9725,0.0999999999999998);
#3565=CIRCLE('',#9727,0.1);
#3566=CIRCLE('',#9729,0.1);
#3567=CIRCLE('',#9731,0.1);
#3568=CIRCLE('',#9733,0.1);
#3569=CIRCLE('',#9735,0.1);
#3570=CIRCLE('',#9741,5.50250156445618);
#3571=CIRCLE('',#9746,0.15);
#3572=CIRCLE('',#9749,0.15);
#3573=CIRCLE('',#9752,1.9);
#3574=CIRCLE('',#9753,1.45);
#3575=CIRCLE('',#9756,0.15);
#3576=CIRCLE('',#9757,0.15);
#3577=CIRCLE('',#9759,0.15);
#3578=CIRCLE('',#9766,1.9);
#3579=CIRCLE('',#9767,0.8);
#3580=CIRCLE('',#9769,0.8);
#3581=CIRCLE('',#9771,1.45);
#3582=CIRCLE('',#9776,1.);
#3583=CIRCLE('',#9778,4.7);
#3584=CIRCLE('',#9780,2.25);
#3585=CIRCLE('',#9781,0.2);
#3586=CIRCLE('',#9783,1.95);
#3587=CIRCLE('',#9784,1.95);
#3588=CIRCLE('',#9786,5.);
#3589=CIRCLE('',#9787,4.41333207452147);
#3590=CIRCLE('',#9789,2.00857864376269);
#3591=CIRCLE('',#9790,0.2);
#3592=CIRCLE('',#9791,2.00857864376269);
#3593=CIRCLE('',#9793,2.25);
#3594=CIRCLE('',#9796,4.08900966005217);
#3595=CIRCLE('',#9798,4.9);
#3596=CIRCLE('',#9800,0.15);
#3597=CIRCLE('',#9804,0.15);
#3598=CIRCLE('',#9806,0.15);
#3599=CIRCLE('',#9811,0.15);
#3600=CIRCLE('',#9813,0.15);
#3601=CIRCLE('',#9815,0.15);
#3602=CIRCLE('',#9816,0.15);
#3603=CIRCLE('',#9818,0.15);
#3604=CIRCLE('',#9820,0.15);
#3605=CIRCLE('',#9822,0.150000000000001);
#3606=CIRCLE('',#9824,0.15);
#3607=CIRCLE('',#9825,0.15);
#3608=CIRCLE('',#9830,0.15);
#3609=CIRCLE('',#9835,0.15);
#3610=CIRCLE('',#9838,0.15);
#3611=CIRCLE('',#9840,0.149999999999999);
#3612=CIRCLE('',#9841,0.15);
#3613=CIRCLE('',#9845,0.15);
#3614=CIRCLE('',#9846,0.15);
#3615=CIRCLE('',#9847,0.15);
#3616=CIRCLE('',#9851,0.149999999999999);
#3617=CIRCLE('',#9852,0.15);
#3618=CIRCLE('',#9854,0.15);
#3619=CIRCLE('',#9855,0.15);
#3620=CIRCLE('',#9858,0.15);
#3621=CIRCLE('',#9859,0.15);
#3622=CIRCLE('',#9862,0.15);
#3623=CIRCLE('',#9863,0.15);
#3624=CIRCLE('',#9864,0.15);
#3625=CIRCLE('',#9867,0.15);
#3626=CIRCLE('',#9868,0.15);
#3627=CIRCLE('',#9870,0.15);
#3628=CIRCLE('',#9871,0.15);
#3629=CIRCLE('',#9872,0.15);
#3630=CIRCLE('',#9876,0.15);
#3631=CIRCLE('',#9878,0.150000000000001);
#3632=CIRCLE('',#9879,1.);
#3633=CIRCLE('',#9881,0.15);
#3634=CIRCLE('',#9883,0.15);
#3635=CIRCLE('',#9884,1.);
#3636=CIRCLE('',#9887,0.15);
#3637=CIRCLE('',#9888,0.15);
#3638=CIRCLE('',#9901,0.15);
#3639=CIRCLE('',#9902,1.);
#3640=CIRCLE('',#9910,0.15);
#3641=CIRCLE('',#9912,0.15);
#3642=CIRCLE('',#9913,1.);
#3643=CIRCLE('',#9917,1.);
#3644=CIRCLE('',#9920,1.);
#3645=CIRCLE('',#9924,1.);
#3646=CIRCLE('',#9926,1.);
#3647=CIRCLE('',#9934,0.1);
#3648=CIRCLE('',#9935,0.900000000000001);
#3649=CIRCLE('',#9937,0.900000000000001);
#3650=CIRCLE('',#9939,0.1);
#3651=CIRCLE('',#9940,0.9);
#3652=CIRCLE('',#9942,0.9);
#3653=CIRCLE('',#9947,0.3);
#3654=CIRCLE('',#9948,0.3);
#3655=CIRCLE('',#9951,0.5);
#3656=CIRCLE('',#9952,0.5);
#3657=CIRCLE('',#9961,0.25);
#3658=CIRCLE('',#9962,0.25);
#3659=CIRCLE('',#9970,0.3);
#3660=CIRCLE('',#9971,0.3);
#3661=CIRCLE('',#9974,0.5);
#3662=CIRCLE('',#9975,0.5);
#3663=CIRCLE('',#9977,0.25);
#3664=CIRCLE('',#9985,0.25);
#3665=CIRCLE('',#9993,0.3);
#3666=CIRCLE('',#9994,0.3);
#3667=CIRCLE('',#9997,0.5);
#3668=CIRCLE('',#9998,0.5);
#3669=CIRCLE('',#10007,0.25);
#3670=CIRCLE('',#10008,0.25);
#3671=CIRCLE('',#10016,0.3);
#3672=CIRCLE('',#10017,0.3);
#3673=CIRCLE('',#10020,0.5);
#3674=CIRCLE('',#10021,0.5);
#3675=CIRCLE('',#10023,0.25);
#3676=CIRCLE('',#10031,0.25);
#3677=CIRCLE('',#10039,0.3);
#3678=CIRCLE('',#10040,0.3);
#3679=CIRCLE('',#10043,0.5);
#3680=CIRCLE('',#10044,0.5);
#3681=CIRCLE('',#10046,0.25);
#3682=CIRCLE('',#10054,0.25);
#3683=CIRCLE('',#10062,0.3);
#3684=CIRCLE('',#10063,0.3);
#3685=CIRCLE('',#10066,0.5);
#3686=CIRCLE('',#10067,0.5);
#3687=CIRCLE('',#10076,0.25);
#3688=CIRCLE('',#10077,0.25);
#3689=CIRCLE('',#10085,0.75);
#3690=CIRCLE('',#10086,0.25);
#3691=CIRCLE('',#10087,0.25);
#3692=CIRCLE('',#10090,0.75);
#3693=CIRCLE('',#10091,0.25);
#3694=CIRCLE('',#10092,0.25);
#3695=CIRCLE('',#10095,0.75);
#3696=CIRCLE('',#10096,0.25);
#3697=CIRCLE('',#10097,0.25);
#3698=CIRCLE('',#10100,0.75);
#3699=CIRCLE('',#10101,0.25);
#3700=CIRCLE('',#10102,0.25);
#3701=CIRCLE('',#10105,0.75);
#3702=CIRCLE('',#10106,0.25);
#3703=CIRCLE('',#10107,0.25);
#3704=CIRCLE('',#10110,0.75);
#3705=CIRCLE('',#10111,0.25);
#3706=CIRCLE('',#10112,0.25);
#3707=VERTEX_POINT('',#12709);
#3708=VERTEX_POINT('',#12710);
#3709=VERTEX_POINT('',#12712);
#3710=VERTEX_POINT('',#12714);
#3711=VERTEX_POINT('',#12718);
#3712=VERTEX_POINT('',#12720);
#3713=VERTEX_POINT('',#12724);
#3714=VERTEX_POINT('',#12726);
#3715=VERTEX_POINT('',#12728);
#3716=VERTEX_POINT('',#12732);
#3717=VERTEX_POINT('',#12736);
#3718=VERTEX_POINT('',#12738);
#3719=VERTEX_POINT('',#12740);
#3720=VERTEX_POINT('',#12744);
#3721=VERTEX_POINT('',#12745);
#3722=VERTEX_POINT('',#12747);
#3723=VERTEX_POINT('',#12749);
#3724=VERTEX_POINT('',#12753);
#3725=VERTEX_POINT('',#12755);
#3726=VERTEX_POINT('',#12759);
#3727=VERTEX_POINT('',#12761);
#3728=VERTEX_POINT('',#12763);
#3729=VERTEX_POINT('',#12765);
#3730=VERTEX_POINT('',#12769);
#3731=VERTEX_POINT('',#12773);
#3732=VERTEX_POINT('',#12775);
#3733=VERTEX_POINT('',#12777);
#3734=VERTEX_POINT('',#12781);
#3735=VERTEX_POINT('',#12782);
#3736=VERTEX_POINT('',#12784);
#3737=VERTEX_POINT('',#12786);
#3738=VERTEX_POINT('',#12790);
#3739=VERTEX_POINT('',#12792);
#3740=VERTEX_POINT('',#12794);
#3741=VERTEX_POINT('',#12796);
#3742=VERTEX_POINT('',#12798);
#3743=VERTEX_POINT('',#12802);
#3744=VERTEX_POINT('',#12804);
#3745=VERTEX_POINT('',#12806);
#3746=VERTEX_POINT('',#12810);
#3747=VERTEX_POINT('',#12812);
#3748=VERTEX_POINT('',#12816);
#3749=VERTEX_POINT('',#12818);
#3750=VERTEX_POINT('',#12820);
#3751=VERTEX_POINT('',#12822);
#3752=VERTEX_POINT('',#12832);
#3753=VERTEX_POINT('',#12834);
#3754=VERTEX_POINT('',#12838);
#3755=VERTEX_POINT('',#12839);
#3756=VERTEX_POINT('',#12844);
#3757=VERTEX_POINT('',#12846);
#3758=VERTEX_POINT('',#12848);
#3759=VERTEX_POINT('',#12852);
#3760=VERTEX_POINT('',#12865);
#3761=VERTEX_POINT('',#12867);
#3762=VERTEX_POINT('',#12869);
#3763=VERTEX_POINT('',#12871);
#3764=VERTEX_POINT('',#12876);
#3765=VERTEX_POINT('',#12882);
#3766=VERTEX_POINT('',#12884);
#3767=VERTEX_POINT('',#12888);
#3768=VERTEX_POINT('',#12890);
#3769=VERTEX_POINT('',#12892);
#3770=VERTEX_POINT('',#12894);
#3771=VERTEX_POINT('',#12898);
#3772=VERTEX_POINT('',#12904);
#3773=VERTEX_POINT('',#12906);
#3774=VERTEX_POINT('',#12908);
#3775=VERTEX_POINT('',#12910);
#3776=VERTEX_POINT('',#12919);
#3777=VERTEX_POINT('',#12920);
#3778=VERTEX_POINT('',#12922);
#3779=VERTEX_POINT('',#12924);
#3780=VERTEX_POINT('',#12928);
#3781=VERTEX_POINT('',#12930);
#3782=VERTEX_POINT('',#12932);
#3783=VERTEX_POINT('',#12934);
#3784=VERTEX_POINT('',#12938);
#3785=VERTEX_POINT('',#12940);
#3786=VERTEX_POINT('',#12942);
#3787=VERTEX_POINT('',#12944);
#3788=VERTEX_POINT('',#12946);
#3789=VERTEX_POINT('',#12948);
#3790=VERTEX_POINT('',#12950);
#3791=VERTEX_POINT('',#12952);
#3792=VERTEX_POINT('',#12954);
#3793=VERTEX_POINT('',#12956);
#3794=VERTEX_POINT('',#12958);
#3795=VERTEX_POINT('',#12960);
#3796=VERTEX_POINT('',#12962);
#3797=VERTEX_POINT('',#12964);
#3798=VERTEX_POINT('',#12966);
#3799=VERTEX_POINT('',#12968);
#3800=VERTEX_POINT('',#12971);
#3801=VERTEX_POINT('',#12972);
#3802=VERTEX_POINT('',#12974);
#3803=VERTEX_POINT('',#12976);
#3804=VERTEX_POINT('',#12978);
#3805=VERTEX_POINT('',#12980);
#3806=VERTEX_POINT('',#12982);
#3807=VERTEX_POINT('',#12984);
#3808=VERTEX_POINT('',#12987);
#3809=VERTEX_POINT('',#12988);
#3810=VERTEX_POINT('',#12990);
#3811=VERTEX_POINT('',#12992);
#3812=VERTEX_POINT('',#12994);
#3813=VERTEX_POINT('',#12996);
#3814=VERTEX_POINT('',#12998);
#3815=VERTEX_POINT('',#13000);
#3816=VERTEX_POINT('',#13004);
#3817=VERTEX_POINT('',#13005);
#3818=VERTEX_POINT('',#13010);
#3819=VERTEX_POINT('',#13011);
#3820=VERTEX_POINT('',#13013);
#3821=VERTEX_POINT('',#13015);
#3822=VERTEX_POINT('',#13019);
#3823=VERTEX_POINT('',#13021);
#3824=VERTEX_POINT('',#13025);
#3825=VERTEX_POINT('',#13026);
#3826=VERTEX_POINT('',#13028);
#3827=VERTEX_POINT('',#13030);
#3828=VERTEX_POINT('',#13037);
#3829=VERTEX_POINT('',#13038);
#3830=VERTEX_POINT('',#13040);
#3831=VERTEX_POINT('',#13042);
#3832=VERTEX_POINT('',#13049);
#3833=VERTEX_POINT('',#13050);
#3834=VERTEX_POINT('',#13052);
#3835=VERTEX_POINT('',#13054);
#3836=VERTEX_POINT('',#13064);
#3837=VERTEX_POINT('',#13065);
#3838=VERTEX_POINT('',#13070);
#3839=VERTEX_POINT('',#13074);
#3840=VERTEX_POINT('',#13075);
#3841=VERTEX_POINT('',#13080);
#3842=VERTEX_POINT('',#13084);
#3843=VERTEX_POINT('',#13085);
#3844=VERTEX_POINT('',#13092);
#3845=VERTEX_POINT('',#13093);
#3846=VERTEX_POINT('',#13100);
#3847=VERTEX_POINT('',#13101);
#3848=VERTEX_POINT('',#13108);
#3849=VERTEX_POINT('',#13109);
#3850=VERTEX_POINT('',#13116);
#3851=VERTEX_POINT('',#13122);
#3852=VERTEX_POINT('',#13128);
#3853=VERTEX_POINT('',#13129);
#3854=VERTEX_POINT('',#13136);
#3855=VERTEX_POINT('',#13137);
#3856=VERTEX_POINT('',#13146);
#3857=VERTEX_POINT('',#13148);
#3858=VERTEX_POINT('',#13150);
#3859=VERTEX_POINT('',#13152);
#3860=VERTEX_POINT('',#13154);
#3861=VERTEX_POINT('',#13156);
#3862=VERTEX_POINT('',#13158);
#3863=VERTEX_POINT('',#13160);
#3864=VERTEX_POINT('',#13162);
#3865=VERTEX_POINT('',#13164);
#3866=VERTEX_POINT('',#13166);
#3867=VERTEX_POINT('',#13168);
#3868=VERTEX_POINT('',#13177);
#3869=VERTEX_POINT('',#13179);
#3870=VERTEX_POINT('',#13194);
#3871=VERTEX_POINT('',#13196);
#3872=VERTEX_POINT('',#13201);
#3873=VERTEX_POINT('',#13202);
#3874=VERTEX_POINT('',#13204);
#3875=VERTEX_POINT('',#13206);
#3876=VERTEX_POINT('',#13210);
#3877=VERTEX_POINT('',#13212);
#3878=VERTEX_POINT('',#13216);
#3879=VERTEX_POINT('',#13218);
#3880=VERTEX_POINT('',#13222);
#3881=VERTEX_POINT('',#13224);
#3882=VERTEX_POINT('',#13230);
#3883=VERTEX_POINT('',#13233);
#3884=VERTEX_POINT('',#13236);
#3885=VERTEX_POINT('',#13238);
#3886=VERTEX_POINT('',#13240);
#3887=VERTEX_POINT('',#13242);
#3888=VERTEX_POINT('',#13244);
#3889=VERTEX_POINT('',#13246);
#3890=VERTEX_POINT('',#13248);
#3891=VERTEX_POINT('',#13250);
#3892=VERTEX_POINT('',#13252);
#3893=VERTEX_POINT('',#13254);
#3894=VERTEX_POINT('',#13256);
#3895=VERTEX_POINT('',#13258);
#3896=VERTEX_POINT('',#13260);
#3897=VERTEX_POINT('',#13262);
#3898=VERTEX_POINT('',#13264);
#3899=VERTEX_POINT('',#13267);
#3900=VERTEX_POINT('',#13269);
#3901=VERTEX_POINT('',#13270);
#3902=VERTEX_POINT('',#13272);
#3903=VERTEX_POINT('',#13274);
#3904=VERTEX_POINT('',#13276);
#3905=VERTEX_POINT('',#13278);
#3906=VERTEX_POINT('',#13280);
#3907=VERTEX_POINT('',#13282);
#3908=VERTEX_POINT('',#13285);
#3909=VERTEX_POINT('',#13286);
#3910=VERTEX_POINT('',#13288);
#3911=VERTEX_POINT('',#13290);
#3912=VERTEX_POINT('',#13293);
#3913=VERTEX_POINT('',#13294);
#3914=VERTEX_POINT('',#13296);
#3915=VERTEX_POINT('',#13298);
#3916=VERTEX_POINT('',#13300);
#3917=VERTEX_POINT('',#13302);
#3918=VERTEX_POINT('',#13304);
#3919=VERTEX_POINT('',#13306);
#3920=VERTEX_POINT('',#13309);
#3921=VERTEX_POINT('',#13312);
#3922=VERTEX_POINT('',#13313);
#3923=VERTEX_POINT('',#13315);
#3924=VERTEX_POINT('',#13317);
#3925=VERTEX_POINT('',#13332);
#3926=VERTEX_POINT('',#13334);
#3927=VERTEX_POINT('',#13338);
#3928=VERTEX_POINT('',#13340);
#3929=VERTEX_POINT('',#13342);
#3930=VERTEX_POINT('',#13346);
#3931=VERTEX_POINT('',#13350);
#3932=VERTEX_POINT('',#13351);
#3933=VERTEX_POINT('',#13353);
#3934=VERTEX_POINT('',#13355);
#3935=VERTEX_POINT('',#13364);
#3936=VERTEX_POINT('',#13366);
#3937=VERTEX_POINT('',#13368);
#3938=VERTEX_POINT('',#13370);
#3939=VERTEX_POINT('',#13374);
#3940=VERTEX_POINT('',#13376);
#3941=VERTEX_POINT('',#13380);
#3942=VERTEX_POINT('',#13384);
#3943=VERTEX_POINT('',#13388);
#3944=VERTEX_POINT('',#13393);
#3945=VERTEX_POINT('',#13395);
#3946=VERTEX_POINT('',#13397);
#3947=VERTEX_POINT('',#13405);
#3948=VERTEX_POINT('',#13407);
#3949=VERTEX_POINT('',#13411);
#3950=VERTEX_POINT('',#13415);
#3951=VERTEX_POINT('',#13419);
#3952=VERTEX_POINT('',#13423);
#3953=VERTEX_POINT('',#13427);
#3954=VERTEX_POINT('',#13431);
#3955=VERTEX_POINT('',#13433);
#3956=VERTEX_POINT('',#13437);
#3957=VERTEX_POINT('',#13441);
#3958=VERTEX_POINT('',#13460);
#3959=VERTEX_POINT('',#13464);
#3960=VERTEX_POINT('',#13466);
#3961=VERTEX_POINT('',#13472);
#3962=VERTEX_POINT('',#13474);
#3963=VERTEX_POINT('',#13478);
#3964=VERTEX_POINT('',#13484);
#3965=VERTEX_POINT('',#13490);
#3966=VERTEX_POINT('',#13496);
#3967=VERTEX_POINT('',#13500);
#3968=VERTEX_POINT('',#13512);
#3969=VERTEX_POINT('',#13516);
#3970=VERTEX_POINT('',#13517);
#3971=VERTEX_POINT('',#13531);
#3972=VERTEX_POINT('',#13532);
#3973=VERTEX_POINT('',#13544);
#3974=VERTEX_POINT('',#13552);
#3975=VERTEX_POINT('',#13556);
#3976=VERTEX_POINT('',#13558);
#3977=VERTEX_POINT('',#13562);
#3978=VERTEX_POINT('',#13566);
#3979=VERTEX_POINT('',#13572);
#3980=VERTEX_POINT('',#13574);
#3981=VERTEX_POINT('',#13583);
#3982=VERTEX_POINT('',#13585);
#3983=VERTEX_POINT('',#13589);
#3984=VERTEX_POINT('',#13591);
#3985=VERTEX_POINT('',#13595);
#3986=VERTEX_POINT('',#13597);
#3987=VERTEX_POINT('',#13601);
#3988=VERTEX_POINT('',#13603);
#3989=VERTEX_POINT('',#13607);
#3990=VERTEX_POINT('',#13609);
#3991=VERTEX_POINT('',#13613);
#3992=VERTEX_POINT('',#13615);
#3993=VERTEX_POINT('',#13638);
#3994=VERTEX_POINT('',#13639);
#3995=VERTEX_POINT('',#13641);
#3996=VERTEX_POINT('',#13645);
#3997=VERTEX_POINT('',#13647);
#3998=VERTEX_POINT('',#13651);
#3999=VERTEX_POINT('',#13653);
#4000=VERTEX_POINT('',#13657);
#4001=VERTEX_POINT('',#13659);
#4002=VERTEX_POINT('',#13661);
#4003=VERTEX_POINT('',#13663);
#4004=VERTEX_POINT('',#13665);
#4005=VERTEX_POINT('',#13667);
#4006=VERTEX_POINT('',#13669);
#4007=VERTEX_POINT('',#13671);
#4008=VERTEX_POINT('',#13673);
#4009=VERTEX_POINT('',#13675);
#4010=VERTEX_POINT('',#13677);
#4011=VERTEX_POINT('',#13679);
#4012=VERTEX_POINT('',#13681);
#4013=VERTEX_POINT('',#13683);
#4014=VERTEX_POINT('',#13685);
#4015=VERTEX_POINT('',#13687);
#4016=VERTEX_POINT('',#13689);
#4017=VERTEX_POINT('',#13691);
#4018=VERTEX_POINT('',#13693);
#4019=VERTEX_POINT('',#13695);
#4020=VERTEX_POINT('',#13697);
#4021=VERTEX_POINT('',#13699);
#4022=VERTEX_POINT('',#13702);
#4023=VERTEX_POINT('',#13704);
#4024=VERTEX_POINT('',#13705);
#4025=VERTEX_POINT('',#13707);
#4026=VERTEX_POINT('',#13709);
#4027=VERTEX_POINT('',#13712);
#4028=VERTEX_POINT('',#13713);
#4029=VERTEX_POINT('',#13715);
#4030=VERTEX_POINT('',#13717);
#4031=VERTEX_POINT('',#13719);
#4032=VERTEX_POINT('',#13721);
#4033=VERTEX_POINT('',#13723);
#4034=VERTEX_POINT('',#13725);
#4035=VERTEX_POINT('',#13728);
#4036=VERTEX_POINT('',#13730);
#4037=VERTEX_POINT('',#13731);
#4038=VERTEX_POINT('',#13733);
#4039=VERTEX_POINT('',#13735);
#4040=VERTEX_POINT('',#13737);
#4041=VERTEX_POINT('',#13739);
#4042=VERTEX_POINT('',#13741);
#4043=VERTEX_POINT('',#13743);
#4044=VERTEX_POINT('',#13747);
#4045=VERTEX_POINT('',#13749);
#4046=VERTEX_POINT('',#13753);
#4047=VERTEX_POINT('',#13757);
#4048=VERTEX_POINT('',#13759);
#4049=VERTEX_POINT('',#13761);
#4050=VERTEX_POINT('',#13763);
#4051=VERTEX_POINT('',#13765);
#4052=VERTEX_POINT('',#13767);
#4053=VERTEX_POINT('',#13769);
#4054=VERTEX_POINT('',#13771);
#4055=VERTEX_POINT('',#13773);
#4056=VERTEX_POINT('',#13775);
#4057=VERTEX_POINT('',#13777);
#4058=VERTEX_POINT('',#13779);
#4059=VERTEX_POINT('',#13781);
#4060=VERTEX_POINT('',#13783);
#4061=VERTEX_POINT('',#13785);
#4062=VERTEX_POINT('',#13787);
#4063=VERTEX_POINT('',#13789);
#4064=VERTEX_POINT('',#13791);
#4065=VERTEX_POINT('',#13793);
#4066=VERTEX_POINT('',#13795);
#4067=VERTEX_POINT('',#13797);
#4068=VERTEX_POINT('',#13799);
#4069=VERTEX_POINT('',#13801);
#4070=VERTEX_POINT('',#13804);
#4071=VERTEX_POINT('',#13805);
#4072=VERTEX_POINT('',#13807);
#4073=VERTEX_POINT('',#13809);
#4074=VERTEX_POINT('',#13811);
#4075=VERTEX_POINT('',#13813);
#4076=VERTEX_POINT('',#13815);
#4077=VERTEX_POINT('',#13817);
#4078=VERTEX_POINT('',#13820);
#4079=VERTEX_POINT('',#13822);
#4080=VERTEX_POINT('',#13823);
#4081=VERTEX_POINT('',#13825);
#4082=VERTEX_POINT('',#13827);
#4083=VERTEX_POINT('',#13829);
#4084=VERTEX_POINT('',#13831);
#4085=VERTEX_POINT('',#13833);
#4086=VERTEX_POINT('',#13835);
#4087=VERTEX_POINT('',#13838);
#4088=VERTEX_POINT('',#13839);
#4089=VERTEX_POINT('',#13841);
#4090=VERTEX_POINT('',#13843);
#4091=VERTEX_POINT('',#13846);
#4092=VERTEX_POINT('',#13984);
#4093=VERTEX_POINT('',#13985);
#4094=VERTEX_POINT('',#13990);
#4095=VERTEX_POINT('',#13995);
#4096=VERTEX_POINT('',#14000);
#4097=VERTEX_POINT('',#14006);
#4098=VERTEX_POINT('',#14074);
#4099=VERTEX_POINT('',#14080);
#4100=VERTEX_POINT('',#14085);
#4101=VERTEX_POINT('',#14090);
#4102=VERTEX_POINT('',#14095);
#4103=VERTEX_POINT('',#14101);
#4104=VERTEX_POINT('',#14175);
#4105=VERTEX_POINT('',#14181);
#4106=VERTEX_POINT('',#14186);
#4107=VERTEX_POINT('',#14191);
#4108=VERTEX_POINT('',#14195);
#4109=VERTEX_POINT('',#14197);
#4110=VERTEX_POINT('',#14201);
#4111=VERTEX_POINT('',#14204);
#4112=VERTEX_POINT('',#14208);
#4113=VERTEX_POINT('',#14209);
#4114=VERTEX_POINT('',#14211);
#4115=VERTEX_POINT('',#14213);
#4116=VERTEX_POINT('',#14217);
#4117=VERTEX_POINT('',#14219);
#4118=VERTEX_POINT('',#14223);
#4119=VERTEX_POINT('',#14225);
#4120=VERTEX_POINT('',#14227);
#4121=VERTEX_POINT('',#14229);
#4122=VERTEX_POINT('',#14231);
#4123=VERTEX_POINT('',#14235);
#4124=VERTEX_POINT('',#14236);
#4125=VERTEX_POINT('',#14238);
#4126=VERTEX_POINT('',#14240);
#4127=VERTEX_POINT('',#14244);
#4128=VERTEX_POINT('',#14246);
#4129=VERTEX_POINT('',#14248);
#4130=VERTEX_POINT('',#14261);
#4131=VERTEX_POINT('',#14263);
#4132=VERTEX_POINT('',#14267);
#4133=VERTEX_POINT('',#14269);
#4134=VERTEX_POINT('',#14273);
#4135=VERTEX_POINT('',#14274);
#4136=VERTEX_POINT('',#14276);
#4137=VERTEX_POINT('',#14278);
#4138=VERTEX_POINT('',#14280);
#4139=VERTEX_POINT('',#14284);
#4140=VERTEX_POINT('',#14288);
#4141=VERTEX_POINT('',#14290);
#4142=VERTEX_POINT('',#14294);
#4143=VERTEX_POINT('',#14298);
#4144=VERTEX_POINT('',#14300);
#4145=VERTEX_POINT('',#14304);
#4146=VERTEX_POINT('',#14310);
#4147=VERTEX_POINT('',#14312);
#4148=VERTEX_POINT('',#14314);
#4149=VERTEX_POINT('',#14316);
#4150=VERTEX_POINT('',#14318);
#4151=VERTEX_POINT('',#14320);
#4152=VERTEX_POINT('',#14322);
#4153=VERTEX_POINT('',#14324);
#4154=VERTEX_POINT('',#14326);
#4155=VERTEX_POINT('',#14328);
#4156=VERTEX_POINT('',#14330);
#4157=VERTEX_POINT('',#14334);
#4158=VERTEX_POINT('',#14340);
#4159=VERTEX_POINT('',#14341);
#4160=VERTEX_POINT('',#14343);
#4161=VERTEX_POINT('',#14345);
#4162=VERTEX_POINT('',#14350);
#4163=VERTEX_POINT('',#14352);
#4164=VERTEX_POINT('',#14372);
#4165=VERTEX_POINT('',#14374);
#4166=VERTEX_POINT('',#14389);
#4167=VERTEX_POINT('',#14391);
#4168=VERTEX_POINT('',#14403);
#4169=VERTEX_POINT('',#14407);
#4170=VERTEX_POINT('',#14411);
#4171=VERTEX_POINT('',#14511);
#4172=VERTEX_POINT('',#14513);
#4173=VERTEX_POINT('',#14515);
#4174=VERTEX_POINT('',#14517);
#4175=VERTEX_POINT('',#14519);
#4176=VERTEX_POINT('',#14521);
#4177=VERTEX_POINT('',#14523);
#4178=VERTEX_POINT('',#14525);
#4179=VERTEX_POINT('',#14527);
#4180=VERTEX_POINT('',#14529);
#4181=VERTEX_POINT('',#14531);
#4182=VERTEX_POINT('',#14533);
#4183=VERTEX_POINT('',#14535);
#4184=VERTEX_POINT('',#14537);
#4185=VERTEX_POINT('',#14539);
#4186=VERTEX_POINT('',#14541);
#4187=VERTEX_POINT('',#14543);
#4188=VERTEX_POINT('',#14547);
#4189=VERTEX_POINT('',#14548);
#4190=VERTEX_POINT('',#14553);
#4191=VERTEX_POINT('',#14554);
#4192=VERTEX_POINT('',#14559);
#4193=VERTEX_POINT('',#14560);
#4194=VERTEX_POINT('',#14565);
#4195=VERTEX_POINT('',#14566);
#4196=VERTEX_POINT('',#14571);
#4197=VERTEX_POINT('',#14573);
#4198=VERTEX_POINT('',#14577);
#4199=VERTEX_POINT('',#14578);
#4200=VERTEX_POINT('',#14583);
#4201=VERTEX_POINT('',#14587);
#4202=VERTEX_POINT('',#14588);
#4203=VERTEX_POINT('',#14590);
#4204=VERTEX_POINT('',#14592);
#4205=VERTEX_POINT('',#14596);
#4206=VERTEX_POINT('',#14597);
#4207=VERTEX_POINT('',#14602);
#4208=VERTEX_POINT('',#14604);
#4209=VERTEX_POINT('',#14608);
#4210=VERTEX_POINT('',#14610);
#4211=VERTEX_POINT('',#14612);
#4212=VERTEX_POINT('',#14614);
#4213=VERTEX_POINT('',#14616);
#4214=VERTEX_POINT('',#14618);
#4215=VERTEX_POINT('',#14620);
#4216=VERTEX_POINT('',#14622);
#4217=VERTEX_POINT('',#14624);
#4218=VERTEX_POINT('',#14626);
#4219=VERTEX_POINT('',#14628);
#4220=VERTEX_POINT('',#14630);
#4221=VERTEX_POINT('',#14632);
#4222=VERTEX_POINT('',#14634);
#4223=VERTEX_POINT('',#14636);
#4224=VERTEX_POINT('',#14638);
#4225=VERTEX_POINT('',#14641);
#4226=VERTEX_POINT('',#14643);
#4227=VERTEX_POINT('',#14645);
#4228=VERTEX_POINT('',#14648);
#4229=VERTEX_POINT('',#14650);
#4230=VERTEX_POINT('',#14677);
#4231=VERTEX_POINT('',#14678);
#4232=VERTEX_POINT('',#14684);
#4233=VERTEX_POINT('',#14686);
#4234=VERTEX_POINT('',#14703);
#4235=VERTEX_POINT('',#14729);
#4236=VERTEX_POINT('',#14730);
#4237=VERTEX_POINT('',#14765);
#4238=VERTEX_POINT('',#14800);
#4239=VERTEX_POINT('',#14837);
#4240=VERTEX_POINT('',#14914);
#4241=VERTEX_POINT('',#14919);
#4242=VERTEX_POINT('',#14921);
#4243=VERTEX_POINT('',#14926);
#4244=VERTEX_POINT('',#14997);
#4245=VERTEX_POINT('',#15002);
#4246=VERTEX_POINT('',#15004);
#4247=VERTEX_POINT('',#15007);
#4248=VERTEX_POINT('',#15013);
#4249=VERTEX_POINT('',#15019);
#4250=VERTEX_POINT('',#15024);
#4251=VERTEX_POINT('',#15055);
#4252=VERTEX_POINT('',#15066);
#4253=VERTEX_POINT('',#15093);
#4254=VERTEX_POINT('',#15159);
#4255=VERTEX_POINT('',#15160);
#4256=VERTEX_POINT('',#15171);
#4257=VERTEX_POINT('',#15203);
#4258=VERTEX_POINT('',#15264);
#4259=VERTEX_POINT('',#15299);
#4260=VERTEX_POINT('',#15330);
#4261=VERTEX_POINT('',#15440);
#4262=VERTEX_POINT('',#15475);
#4263=VERTEX_POINT('',#15506);
#4264=VERTEX_POINT('',#15512);
#4265=VERTEX_POINT('',#15568);
#4266=VERTEX_POINT('',#15603);
#4267=VERTEX_POINT('',#15634);
#4268=VERTEX_POINT('',#15635);
#4269=VERTEX_POINT('',#15701);
#4270=VERTEX_POINT('',#15712);
#4271=VERTEX_POINT('',#15739);
#4272=VERTEX_POINT('',#15782);
#4273=VERTEX_POINT('',#15792);
#4274=VERTEX_POINT('',#15802);
#4275=VERTEX_POINT('',#15807);
#4276=VERTEX_POINT('',#15858);
#4277=VERTEX_POINT('',#15862);
#4278=VERTEX_POINT('',#15864);
#4279=VERTEX_POINT('',#15868);
#4280=VERTEX_POINT('',#15870);
#4281=VERTEX_POINT('',#15874);
#4282=VERTEX_POINT('',#15876);
#4283=VERTEX_POINT('',#15880);
#4284=VERTEX_POINT('',#15882);
#4285=VERTEX_POINT('',#15884);
#4286=VERTEX_POINT('',#15886);
#4287=VERTEX_POINT('',#15888);
#4288=VERTEX_POINT('',#15892);
#4289=VERTEX_POINT('',#15894);
#4290=VERTEX_POINT('',#15898);
#4291=VERTEX_POINT('',#15902);
#4292=VERTEX_POINT('',#15905);
#4293=VERTEX_POINT('',#15906);
#4294=VERTEX_POINT('',#15909);
#4295=VERTEX_POINT('',#15911);
#4296=VERTEX_POINT('',#15913);
#4297=VERTEX_POINT('',#15915);
#4298=VERTEX_POINT('',#15917);
#4299=VERTEX_POINT('',#15919);
#4300=VERTEX_POINT('',#15922);
#4301=VERTEX_POINT('',#15924);
#4302=VERTEX_POINT('',#15926);
#4303=VERTEX_POINT('',#15928);
#4304=VERTEX_POINT('',#15938);
#4305=VERTEX_POINT('',#15940);
#4306=VERTEX_POINT('',#15946);
#4307=VERTEX_POINT('',#15952);
#4308=VERTEX_POINT('',#15955);
#4309=VERTEX_POINT('',#15958);
#4310=VERTEX_POINT('',#15962);
#4311=VERTEX_POINT('',#16029);
#4312=VERTEX_POINT('',#16037);
#4313=VERTEX_POINT('',#16041);
#4314=VERTEX_POINT('',#16093);
#4315=VERTEX_POINT('',#16094);
#4316=VERTEX_POINT('',#16096);
#4317=VERTEX_POINT('',#16111);
#4318=VERTEX_POINT('',#16127);
#4319=VERTEX_POINT('',#16129);
#4320=VERTEX_POINT('',#16133);
#4321=VERTEX_POINT('',#16137);
#4322=VERTEX_POINT('',#16138);
#4323=VERTEX_POINT('',#16143);
#4324=VERTEX_POINT('',#16149);
#4325=VERTEX_POINT('',#16158);
#4326=VERTEX_POINT('',#16162);
#4327=VERTEX_POINT('',#16163);
#4328=VERTEX_POINT('',#16168);
#4329=VERTEX_POINT('',#16172);
#4330=VERTEX_POINT('',#16178);
#4331=VERTEX_POINT('',#16180);
#4332=VERTEX_POINT('',#16195);
#4333=VERTEX_POINT('',#16197);
#4334=VERTEX_POINT('',#16199);
#4335=VERTEX_POINT('',#16201);
#4336=VERTEX_POINT('',#16205);
#4337=VERTEX_POINT('',#16209);
#4338=VERTEX_POINT('',#16213);
#4339=VERTEX_POINT('',#16217);
#4340=VERTEX_POINT('',#16221);
#4341=VERTEX_POINT('',#16225);
#4342=VERTEX_POINT('',#16231);
#4343=VERTEX_POINT('',#16235);
#4344=VERTEX_POINT('',#16239);
#4345=VERTEX_POINT('',#16257);
#4346=VERTEX_POINT('',#16267);
#4347=VERTEX_POINT('',#16271);
#4348=VERTEX_POINT('',#16275);
#4349=VERTEX_POINT('',#16279);
#4350=VERTEX_POINT('',#16283);
#4351=VERTEX_POINT('',#16287);
#4352=VERTEX_POINT('',#16300);
#4353=VERTEX_POINT('',#16310);
#4354=VERTEX_POINT('',#16316);
#4355=VERTEX_POINT('',#16322);
#4356=VERTEX_POINT('',#16326);
#4357=VERTEX_POINT('',#16330);
#4358=VERTEX_POINT('',#16339);
#4359=VERTEX_POINT('',#16343);
#4360=VERTEX_POINT('',#16345);
#4361=VERTEX_POINT('',#16349);
#4362=VERTEX_POINT('',#16355);
#4363=VERTEX_POINT('',#16359);
#4364=VERTEX_POINT('',#16363);
#4365=VERTEX_POINT('',#16376);
#4366=VERTEX_POINT('',#16380);
#4367=VERTEX_POINT('',#16384);
#4368=VERTEX_POINT('',#16388);
#4369=VERTEX_POINT('',#16395);
#4370=VERTEX_POINT('',#16396);
#4371=VERTEX_POINT('',#16398);
#4372=VERTEX_POINT('',#16400);
#4373=VERTEX_POINT('',#16404);
#4374=VERTEX_POINT('',#16406);
#4375=VERTEX_POINT('',#16408);
#4376=VERTEX_POINT('',#16410);
#4377=VERTEX_POINT('',#16412);
#4378=VERTEX_POINT('',#16414);
#4379=VERTEX_POINT('',#16418);
#4380=VERTEX_POINT('',#16419);
#4381=VERTEX_POINT('',#16421);
#4382=VERTEX_POINT('',#16423);
#4383=VERTEX_POINT('',#16427);
#4384=VERTEX_POINT('',#16430);
#4385=VERTEX_POINT('',#16432);
#4386=VERTEX_POINT('',#16436);
#4387=VERTEX_POINT('',#16438);
#4388=VERTEX_POINT('',#16440);
#4389=VERTEX_POINT('',#16442);
#4390=VERTEX_POINT('',#16444);
#4391=VERTEX_POINT('',#16458);
#4392=VERTEX_POINT('',#16460);
#4393=VERTEX_POINT('',#16464);
#4394=VERTEX_POINT('',#16465);
#4395=VERTEX_POINT('',#16467);
#4396=VERTEX_POINT('',#16469);
#4397=VERTEX_POINT('',#16476);
#4398=VERTEX_POINT('',#16478);
#4399=VERTEX_POINT('',#16487);
#4400=VERTEX_POINT('',#16488);
#4401=VERTEX_POINT('',#16490);
#4402=VERTEX_POINT('',#16492);
#4403=VERTEX_POINT('',#16496);
#4404=VERTEX_POINT('',#16498);
#4405=VERTEX_POINT('',#16500);
#4406=VERTEX_POINT('',#16502);
#4407=VERTEX_POINT('',#16504);
#4408=VERTEX_POINT('',#16506);
#4409=VERTEX_POINT('',#16510);
#4410=VERTEX_POINT('',#16511);
#4411=VERTEX_POINT('',#16513);
#4412=VERTEX_POINT('',#16515);
#4413=VERTEX_POINT('',#16519);
#4414=VERTEX_POINT('',#16521);
#4415=VERTEX_POINT('',#16523);
#4416=VERTEX_POINT('',#16525);
#4417=VERTEX_POINT('',#16528);
#4418=VERTEX_POINT('',#16531);
#4419=VERTEX_POINT('',#16534);
#4420=VERTEX_POINT('',#16538);
#4421=VERTEX_POINT('',#16542);
#4422=VERTEX_POINT('',#16546);
#4423=VERTEX_POINT('',#16548);
#4424=VERTEX_POINT('',#16552);
#4425=VERTEX_POINT('',#16558);
#4426=VERTEX_POINT('',#16562);
#4427=VERTEX_POINT('',#16563);
#4428=VERTEX_POINT('',#16572);
#4429=VERTEX_POINT('',#16579);
#4430=VERTEX_POINT('',#16580);
#4431=VERTEX_POINT('',#16582);
#4432=VERTEX_POINT('',#16584);
#4433=VERTEX_POINT('',#16588);
#4434=VERTEX_POINT('',#16590);
#4435=VERTEX_POINT('',#16592);
#4436=VERTEX_POINT('',#16594);
#4437=VERTEX_POINT('',#16596);
#4438=VERTEX_POINT('',#16598);
#4439=VERTEX_POINT('',#16602);
#4440=VERTEX_POINT('',#16603);
#4441=VERTEX_POINT('',#16605);
#4442=VERTEX_POINT('',#16607);
#4443=VERTEX_POINT('',#16611);
#4444=VERTEX_POINT('',#16614);
#4445=VERTEX_POINT('',#16616);
#4446=VERTEX_POINT('',#16620);
#4447=VERTEX_POINT('',#16622);
#4448=VERTEX_POINT('',#16624);
#4449=VERTEX_POINT('',#16626);
#4450=VERTEX_POINT('',#16628);
#4451=VERTEX_POINT('',#16642);
#4452=VERTEX_POINT('',#16644);
#4453=VERTEX_POINT('',#16648);
#4454=VERTEX_POINT('',#16649);
#4455=VERTEX_POINT('',#16651);
#4456=VERTEX_POINT('',#16653);
#4457=VERTEX_POINT('',#16660);
#4458=VERTEX_POINT('',#16662);
#4459=VERTEX_POINT('',#16671);
#4460=VERTEX_POINT('',#16672);
#4461=VERTEX_POINT('',#16674);
#4462=VERTEX_POINT('',#16676);
#4463=VERTEX_POINT('',#16680);
#4464=VERTEX_POINT('',#16682);
#4465=VERTEX_POINT('',#16684);
#4466=VERTEX_POINT('',#16686);
#4467=VERTEX_POINT('',#16688);
#4468=VERTEX_POINT('',#16690);
#4469=VERTEX_POINT('',#16694);
#4470=VERTEX_POINT('',#16695);
#4471=VERTEX_POINT('',#16697);
#4472=VERTEX_POINT('',#16699);
#4473=VERTEX_POINT('',#16703);
#4474=VERTEX_POINT('',#16705);
#4475=VERTEX_POINT('',#16707);
#4476=VERTEX_POINT('',#16709);
#4477=VERTEX_POINT('',#16712);
#4478=VERTEX_POINT('',#16715);
#4479=VERTEX_POINT('',#16718);
#4480=VERTEX_POINT('',#16722);
#4481=VERTEX_POINT('',#16726);
#4482=VERTEX_POINT('',#16730);
#4483=VERTEX_POINT('',#16732);
#4484=VERTEX_POINT('',#16736);
#4485=VERTEX_POINT('',#16742);
#4486=VERTEX_POINT('',#16744);
#4487=VERTEX_POINT('',#16746);
#4488=VERTEX_POINT('',#16749);
#4489=VERTEX_POINT('',#16763);
#4490=VERTEX_POINT('',#16764);
#4491=VERTEX_POINT('',#16766);
#4492=VERTEX_POINT('',#16768);
#4493=VERTEX_POINT('',#16772);
#4494=VERTEX_POINT('',#16774);
#4495=VERTEX_POINT('',#16776);
#4496=VERTEX_POINT('',#16778);
#4497=VERTEX_POINT('',#16780);
#4498=VERTEX_POINT('',#16782);
#4499=VERTEX_POINT('',#16786);
#4500=VERTEX_POINT('',#16787);
#4501=VERTEX_POINT('',#16789);
#4502=VERTEX_POINT('',#16791);
#4503=VERTEX_POINT('',#16795);
#4504=VERTEX_POINT('',#16797);
#4505=VERTEX_POINT('',#16799);
#4506=VERTEX_POINT('',#16801);
#4507=VERTEX_POINT('',#16804);
#4508=VERTEX_POINT('',#16807);
#4509=VERTEX_POINT('',#16810);
#4510=VERTEX_POINT('',#16814);
#4511=VERTEX_POINT('',#16818);
#4512=VERTEX_POINT('',#16822);
#4513=VERTEX_POINT('',#16824);
#4514=VERTEX_POINT('',#16828);
#4515=VERTEX_POINT('',#16834);
#4516=VERTEX_POINT('',#16838);
#4517=VERTEX_POINT('',#16839);
#4518=VERTEX_POINT('',#16848);
#4519=VERTEX_POINT('',#16855);
#4520=VERTEX_POINT('',#16856);
#4521=VERTEX_POINT('',#16858);
#4522=VERTEX_POINT('',#16860);
#4523=VERTEX_POINT('',#16864);
#4524=VERTEX_POINT('',#16866);
#4525=VERTEX_POINT('',#16868);
#4526=VERTEX_POINT('',#16870);
#4527=VERTEX_POINT('',#16872);
#4528=VERTEX_POINT('',#16874);
#4529=VERTEX_POINT('',#16878);
#4530=VERTEX_POINT('',#16879);
#4531=VERTEX_POINT('',#16881);
#4532=VERTEX_POINT('',#16883);
#4533=VERTEX_POINT('',#16887);
#4534=VERTEX_POINT('',#16890);
#4535=VERTEX_POINT('',#16892);
#4536=VERTEX_POINT('',#16896);
#4537=VERTEX_POINT('',#16898);
#4538=VERTEX_POINT('',#16900);
#4539=VERTEX_POINT('',#16902);
#4540=VERTEX_POINT('',#16904);
#4541=VERTEX_POINT('',#16918);
#4542=VERTEX_POINT('',#16920);
#4543=VERTEX_POINT('',#16924);
#4544=VERTEX_POINT('',#16925);
#4545=VERTEX_POINT('',#16927);
#4546=VERTEX_POINT('',#16929);
#4547=VERTEX_POINT('',#16936);
#4548=VERTEX_POINT('',#16938);
#4549=VERTEX_POINT('',#16947);
#4550=VERTEX_POINT('',#16949);
#4551=VERTEX_POINT('',#16954);
#4552=VERTEX_POINT('',#16956);
#4553=VERTEX_POINT('',#16961);
#4554=VERTEX_POINT('',#16963);
#4555=VERTEX_POINT('',#16968);
#4556=VERTEX_POINT('',#16970);
#4557=VERTEX_POINT('',#16975);
#4558=VERTEX_POINT('',#16977);
#4559=VERTEX_POINT('',#16982);
#4560=VERTEX_POINT('',#16984);
#4561=EDGE_CURVE('',#3707,#3708,#3331,.T.);
#4562=EDGE_CURVE('',#3708,#3709,#1621,.T.);
#4563=EDGE_CURVE('',#3709,#3710,#3332,.T.);
#4564=EDGE_CURVE('',#3710,#3707,#1622,.T.);
#4565=EDGE_CURVE('',#3708,#3711,#1623,.T.);
#4566=EDGE_CURVE('',#3712,#3711,#1624,.T.);
#4567=EDGE_CURVE('',#3712,#3709,#1625,.T.);
#4568=EDGE_CURVE('',#3713,#3707,#1626,.T.);
#4569=EDGE_CURVE('',#3714,#3713,#1627,.T.);
#4570=EDGE_CURVE('',#3714,#3715,#1628,.T.);
#4571=EDGE_CURVE('',#3711,#3715,#3333,.T.);
#4572=EDGE_CURVE('',#3716,#3712,#3334,.T.);
#4573=EDGE_CURVE('',#3715,#3716,#1629,.T.);
#4574=EDGE_CURVE('',#3717,#3714,#3335,.T.);
#4575=EDGE_CURVE('',#3718,#3717,#1630,.T.);
#4576=EDGE_CURVE('',#3719,#3718,#3336,.T.);
#4577=EDGE_CURVE('',#3719,#3716,#1631,.T.);
#4578=EDGE_CURVE('',#3720,#3721,#3337,.T.);
#4579=EDGE_CURVE('',#3721,#3722,#1632,.T.);
#4580=EDGE_CURVE('',#3722,#3723,#3338,.T.);
#4581=EDGE_CURVE('',#3723,#3720,#1633,.T.);
#4582=EDGE_CURVE('',#3721,#3724,#1634,.T.);
#4583=EDGE_CURVE('',#3725,#3724,#1635,.T.);
#4584=EDGE_CURVE('',#3725,#3722,#1636,.T.);
#4585=EDGE_CURVE('',#3720,#3726,#1637,.T.);
#4586=EDGE_CURVE('',#3727,#3726,#3339,.T.);
#4587=EDGE_CURVE('',#3728,#3727,#1638,.T.);
#4588=EDGE_CURVE('',#3728,#3729,#1639,.T.);
#4589=EDGE_CURVE('',#3724,#3729,#3340,.T.);
#4590=EDGE_CURVE('',#3730,#3725,#3341,.T.);
#4591=EDGE_CURVE('',#3729,#3730,#1640,.T.);
#4592=EDGE_CURVE('',#3731,#3728,#3342,.T.);
#4593=EDGE_CURVE('',#3732,#3731,#1641,.T.);
#4594=EDGE_CURVE('',#3733,#3732,#3343,.T.);
#4595=EDGE_CURVE('',#3733,#3730,#1642,.T.);
#4596=EDGE_CURVE('',#3734,#3735,#3344,.T.);
#4597=EDGE_CURVE('',#3735,#3736,#1643,.T.);
#4598=EDGE_CURVE('',#3736,#3737,#3345,.T.);
#4599=EDGE_CURVE('',#3737,#3734,#1644,.T.);
#4600=EDGE_CURVE('',#3738,#3737,#1645,.T.);
#4601=EDGE_CURVE('',#3739,#3738,#3346,.T.);
#4602=EDGE_CURVE('',#3740,#3739,#1646,.T.);
#4603=EDGE_CURVE('',#3741,#3740,#1647,.T.);
#4604=EDGE_CURVE('',#3741,#3742,#1648,.T.);
#4605=EDGE_CURVE('',#3742,#3734,#1649,.T.);
#4606=EDGE_CURVE('',#3743,#3736,#1650,.T.);
#4607=EDGE_CURVE('',#3744,#3743,#3347,.T.);
#4608=EDGE_CURVE('',#3745,#3744,#1651,.T.);
#4609=EDGE_CURVE('',#3738,#3745,#1652,.T.);
#4610=EDGE_CURVE('',#3743,#3746,#1653,.T.);
#4611=EDGE_CURVE('',#3746,#3747,#3348,.T.);
#4612=EDGE_CURVE('',#3747,#3744,#1654,.T.);
#4613=EDGE_CURVE('',#3748,#3747,#1655,.T.);
#4614=EDGE_CURVE('',#3749,#3748,#1656,.T.);
#4615=EDGE_CURVE('',#3750,#3749,#1657,.T.);
#4616=EDGE_CURVE('',#3750,#3751,#1658,.T.);
#4617=EDGE_CURVE('',#3745,#3751,#3349,.T.);
#4618=EDGE_CURVE('',#3748,#3742,#1659,.T.);
#4619=EDGE_CURVE('',#3735,#3746,#1660,.T.);
#4620=EDGE_CURVE('',#3751,#3739,#1661,.T.);
#4621=EDGE_CURVE('',#3749,#3752,#1662,.T.);
#4622=EDGE_CURVE('',#3753,#3752,#1663,.T.);
#4623=EDGE_CURVE('',#3753,#3750,#1664,.T.);
#4624=EDGE_CURVE('',#3754,#3755,#3350,.F.);
#4625=EDGE_CURVE('',#3754,#3719,#1665,.T.);
#4626=EDGE_CURVE('',#3718,#3755,#1666,.T.);
#4627=EDGE_CURVE('',#3727,#3756,#3351,.T.);
#4628=EDGE_CURVE('',#3756,#3757,#1667,.T.);
#4629=EDGE_CURVE('',#3757,#3758,#3352,.T.);
#4630=EDGE_CURVE('',#3731,#3758,#1668,.F.);
#4631=EDGE_CURVE('',#3726,#3759,#174,.T.);
#4632=EDGE_CURVE('',#3759,#3756,#3353,.T.);
#4633=EDGE_CURVE('',#3713,#3760,#3354,.T.);
#4634=EDGE_CURVE('',#3760,#3761,#1669,.T.);
#4635=EDGE_CURVE('',#3761,#3762,#3355,.T.);
#4636=EDGE_CURVE('',#3762,#3763,#175,.T.);
#4637=EDGE_CURVE('',#3763,#3764,#3356,.T.);
#4638=EDGE_CURVE('',#3733,#3764,#1670,.T.);
#4639=EDGE_CURVE('',#3732,#3717,#1671,.T.);
#4640=EDGE_CURVE('',#3759,#3763,#1672,.T.);
#4641=EDGE_CURVE('',#3762,#3765,#1673,.T.);
#4642=EDGE_CURVE('',#3765,#3766,#3357,.F.);
#4643=EDGE_CURVE('',#3766,#3756,#1674,.T.);
#4644=EDGE_CURVE('',#3767,#3761,#1675,.T.);
#4645=EDGE_CURVE('',#3768,#3767,#3358,.T.);
#4646=EDGE_CURVE('',#3768,#3769,#1676,.T.);
#4647=EDGE_CURVE('',#3769,#3770,#1677,.T.);
#4648=EDGE_CURVE('',#3765,#3770,#1678,.T.);
#4649=EDGE_CURVE('',#3771,#3760,#1679,.T.);
#4650=EDGE_CURVE('',#3767,#3771,#1680,.T.);
#4651=EDGE_CURVE('',#3754,#3710,#1681,.T.);
#4652=EDGE_CURVE('',#3758,#3755,#1682,.T.);
#4653=EDGE_CURVE('',#3772,#3757,#1683,.T.);
#4654=EDGE_CURVE('',#3773,#3772,#1684,.T.);
#4655=EDGE_CURVE('',#3774,#3773,#1685,.T.);
#4656=EDGE_CURVE('',#3774,#3775,#1686,.T.);
#4657=EDGE_CURVE('',#3771,#3775,#3359,.T.);
#4658=EDGE_CURVE('',#3764,#3723,#1687,.T.);
#4659=EDGE_CURVE('',#3776,#3777,#3360,.T.);
#4660=EDGE_CURVE('',#3777,#3778,#1688,.T.);
#4661=EDGE_CURVE('',#3778,#3779,#3361,.T.);
#4662=EDGE_CURVE('',#3779,#3776,#1689,.T.);
#4663=EDGE_CURVE('',#3780,#3777,#1690,.T.);
#4664=EDGE_CURVE('',#3781,#3780,#1691,.T.);
#4665=EDGE_CURVE('',#3782,#3781,#1692,.T.);
#4666=EDGE_CURVE('',#3783,#3782,#1693,.T.);
#4667=EDGE_CURVE('',#3783,#3778,#1694,.T.);
#4668=EDGE_CURVE('',#3776,#3784,#1695,.T.);
#4669=EDGE_CURVE('',#3785,#3784,#3362,.T.);
#4670=EDGE_CURVE('',#3785,#3786,#1696,.T.);
#4671=EDGE_CURVE('',#3787,#3786,#3363,.T.);
#4672=EDGE_CURVE('',#3787,#3788,#1697,.T.);
#4673=EDGE_CURVE('',#3789,#3788,#3364,.T.);
#4674=EDGE_CURVE('',#3790,#3789,#3365,.T.);
#4675=EDGE_CURVE('',#3791,#3790,#1698,.T.);
#4676=EDGE_CURVE('',#3792,#3791,#3366,.T.);
#4677=EDGE_CURVE('',#3793,#3792,#1699,.T.);
#4678=EDGE_CURVE('',#3794,#3793,#1700,.T.);
#4679=EDGE_CURVE('',#3795,#3794,#1701,.T.);
#4680=EDGE_CURVE('',#3796,#3795,#1702,.T.);
#4681=EDGE_CURVE('',#3797,#3796,#3367,.T.);
#4682=EDGE_CURVE('',#3797,#3798,#1703,.T.);
#4683=EDGE_CURVE('',#3799,#3798,#1704,.T.);
#4684=EDGE_CURVE('',#3780,#3799,#1705,.T.);
#4685=EDGE_CURVE('',#3800,#3801,#1706,.T.);
#4686=EDGE_CURVE('',#3802,#3801,#3368,.T.);
#4687=EDGE_CURVE('',#3802,#3803,#1707,.T.);
#4688=EDGE_CURVE('',#3804,#3803,#3369,.T.);
#4689=EDGE_CURVE('',#3804,#3805,#1708,.T.);
#4690=EDGE_CURVE('',#3806,#3805,#3370,.T.);
#4691=EDGE_CURVE('',#3806,#3807,#1709,.T.);
#4692=EDGE_CURVE('',#3800,#3807,#3371,.T.);
#4693=EDGE_CURVE('',#3808,#3809,#1710,.T.);
#4694=EDGE_CURVE('',#3810,#3809,#3372,.T.);
#4695=EDGE_CURVE('',#3810,#3811,#1711,.T.);
#4696=EDGE_CURVE('',#3812,#3811,#3373,.T.);
#4697=EDGE_CURVE('',#3812,#3813,#1712,.T.);
#4698=EDGE_CURVE('',#3814,#3813,#3374,.T.);
#4699=EDGE_CURVE('',#3814,#3815,#1713,.T.);
#4700=EDGE_CURVE('',#3808,#3815,#3375,.T.);
#4701=EDGE_CURVE('',#3816,#3817,#3376,.T.);
#4702=EDGE_CURVE('',#3789,#3817,#1714,.T.);
#4703=EDGE_CURVE('',#3788,#3816,#1715,.T.);
#4704=EDGE_CURVE('',#3818,#3819,#3377,.T.);
#4705=EDGE_CURVE('',#3819,#3820,#1716,.T.);
#4706=EDGE_CURVE('',#3820,#3821,#3378,.T.);
#4707=EDGE_CURVE('',#3821,#3818,#1717,.T.);
#4708=EDGE_CURVE('',#3822,#3819,#1718,.T.);
#4709=EDGE_CURVE('',#3822,#3823,#1719,.T.);
#4710=EDGE_CURVE('',#3820,#3823,#1720,.T.);
#4711=EDGE_CURVE('',#3824,#3825,#3379,.T.);
#4712=EDGE_CURVE('',#3825,#3826,#1721,.T.);
#4713=EDGE_CURVE('',#3826,#3827,#3380,.T.);
#4714=EDGE_CURVE('',#3827,#3824,#1722,.T.);
#4715=EDGE_CURVE('',#3826,#3821,#1723,.T.);
#4716=EDGE_CURVE('',#3818,#3825,#1724,.T.);
#4717=EDGE_CURVE('',#3828,#3829,#3381,.T.);
#4718=EDGE_CURVE('',#3829,#3830,#1725,.T.);
#4719=EDGE_CURVE('',#3830,#3831,#3382,.T.);
#4720=EDGE_CURVE('',#3831,#3828,#1726,.T.);
#4721=EDGE_CURVE('',#3830,#3827,#1727,.T.);
#4722=EDGE_CURVE('',#3824,#3829,#1728,.T.);
#4723=EDGE_CURVE('',#3832,#3833,#3383,.T.);
#4724=EDGE_CURVE('',#3833,#3834,#1729,.T.);
#4725=EDGE_CURVE('',#3834,#3835,#3384,.T.);
#4726=EDGE_CURVE('',#3835,#3832,#1730,.T.);
#4727=EDGE_CURVE('',#3834,#3831,#1731,.T.);
#4728=EDGE_CURVE('',#3828,#3833,#1732,.T.);
#4729=EDGE_CURVE('',#3823,#3835,#1733,.T.);
#4730=EDGE_CURVE('',#3832,#3822,#1734,.T.);
#4731=EDGE_CURVE('',#3836,#3837,#3385,.T.);
#4732=EDGE_CURVE('',#3837,#3814,#1735,.T.);
#4733=EDGE_CURVE('',#3813,#3836,#1736,.T.);
#4734=EDGE_CURVE('',#3838,#3837,#1737,.T.);
#4735=EDGE_CURVE('',#3815,#3838,#1738,.T.);
#4736=EDGE_CURVE('',#3839,#3840,#3386,.T.);
#4737=EDGE_CURVE('',#3840,#3806,#1739,.T.);
#4738=EDGE_CURVE('',#3805,#3839,#1740,.T.);
#4739=EDGE_CURVE('',#3841,#3840,#1741,.T.);
#4740=EDGE_CURVE('',#3807,#3841,#1742,.T.);
#4741=EDGE_CURVE('',#3842,#3843,#3387,.T.);
#4742=EDGE_CURVE('',#3843,#3804,#1743,.T.);
#4743=EDGE_CURVE('',#3803,#3842,#1744,.T.);
#4744=EDGE_CURVE('',#3839,#3843,#1745,.T.);
#4745=EDGE_CURVE('',#3844,#3845,#3388,.T.);
#4746=EDGE_CURVE('',#3845,#3812,#1746,.T.);
#4747=EDGE_CURVE('',#3811,#3844,#1747,.T.);
#4748=EDGE_CURVE('',#3836,#3845,#1748,.T.);
#4749=EDGE_CURVE('',#3846,#3847,#3389,.T.);
#4750=EDGE_CURVE('',#3847,#3802,#1749,.T.);
#4751=EDGE_CURVE('',#3801,#3846,#1750,.T.);
#4752=EDGE_CURVE('',#3842,#3847,#1751,.T.);
#4753=EDGE_CURVE('',#3848,#3849,#3390,.T.);
#4754=EDGE_CURVE('',#3849,#3810,#1752,.T.);
#4755=EDGE_CURVE('',#3809,#3848,#1753,.T.);
#4756=EDGE_CURVE('',#3844,#3849,#1754,.T.);
#4757=EDGE_CURVE('',#3841,#3850,#3391,.T.);
#4758=EDGE_CURVE('',#3850,#3800,#1755,.T.);
#4759=EDGE_CURVE('',#3846,#3850,#1756,.T.);
#4760=EDGE_CURVE('',#3838,#3851,#3392,.T.);
#4761=EDGE_CURVE('',#3851,#3808,#1757,.T.);
#4762=EDGE_CURVE('',#3848,#3851,#1758,.T.);
#4763=EDGE_CURVE('',#3852,#3853,#3393,.T.);
#4764=EDGE_CURVE('',#3853,#3787,#1759,.T.);
#4765=EDGE_CURVE('',#3786,#3852,#1760,.T.);
#4766=EDGE_CURVE('',#3816,#3853,#1761,.T.);
#4767=EDGE_CURVE('',#3854,#3855,#3394,.T.);
#4768=EDGE_CURVE('',#3855,#3785,#1762,.T.);
#4769=EDGE_CURVE('',#3784,#3854,#1763,.T.);
#4770=EDGE_CURVE('',#3852,#3855,#1764,.T.);
#4771=EDGE_CURVE('',#3854,#3779,#1765,.T.);
#4772=EDGE_CURVE('',#3783,#3856,#1766,.T.);
#4773=EDGE_CURVE('',#3856,#3857,#1767,.T.);
#4774=EDGE_CURVE('',#3857,#3858,#1768,.T.);
#4775=EDGE_CURVE('',#3859,#3858,#1769,.T.);
#4776=EDGE_CURVE('',#3860,#3859,#3395,.T.);
#4777=EDGE_CURVE('',#3860,#3861,#1770,.T.);
#4778=EDGE_CURVE('',#3861,#3862,#1771,.T.);
#4779=EDGE_CURVE('',#3863,#3862,#1772,.T.);
#4780=EDGE_CURVE('',#3863,#3864,#1773,.T.);
#4781=EDGE_CURVE('',#3864,#3865,#1774,.T.);
#4782=EDGE_CURVE('',#3866,#3865,#3396,.T.);
#4783=EDGE_CURVE('',#3867,#3866,#1775,.T.);
#4784=EDGE_CURVE('',#3817,#3867,#3397,.T.);
#4785=EDGE_CURVE('',#3867,#3790,#1776,.T.);
#4786=EDGE_CURVE('',#3791,#3866,#1777,.T.);
#4787=EDGE_CURVE('',#3865,#3792,#1778,.T.);
#4788=EDGE_CURVE('',#3868,#3864,#1779,.T.);
#4789=EDGE_CURVE('',#3868,#3869,#1780,.T.);
#4790=EDGE_CURVE('',#3793,#3869,#1781,.T.);
#4791=EDGE_CURVE('',#3796,#3860,#1782,.T.);
#4792=EDGE_CURVE('',#3859,#3797,#1783,.T.);
#4793=EDGE_CURVE('',#3798,#3858,#1784,.T.);
#4794=EDGE_CURVE('',#3861,#3795,#1785,.T.);
#4795=EDGE_CURVE('',#3799,#3857,#1786,.T.);
#4796=EDGE_CURVE('',#3862,#3794,#1787,.T.);
#4797=EDGE_CURVE('',#3870,#3794,#1788,.T.);
#4798=EDGE_CURVE('',#3871,#3870,#1789,.T.);
#4799=EDGE_CURVE('',#3863,#3871,#1790,.T.);
#4800=EDGE_CURVE('',#3872,#3873,#3398,.T.);
#4801=EDGE_CURVE('',#3873,#3874,#1791,.T.);
#4802=EDGE_CURVE('',#3874,#3875,#3399,.T.);
#4803=EDGE_CURVE('',#3875,#3872,#1792,.T.);
#4804=EDGE_CURVE('',#3873,#3876,#1793,.T.);
#4805=EDGE_CURVE('',#3877,#3876,#1794,.T.);
#4806=EDGE_CURVE('',#3874,#3877,#1795,.T.);
#4807=EDGE_CURVE('',#3878,#3877,#3400,.T.);
#4808=EDGE_CURVE('',#3876,#3879,#3401,.T.);
#4809=EDGE_CURVE('',#3879,#3878,#1796,.T.);
#4810=EDGE_CURVE('',#3880,#3875,#1797,.T.);
#4811=EDGE_CURVE('',#3880,#3881,#1798,.T.);
#4812=EDGE_CURVE('',#3881,#3872,#1799,.T.);
#4813=EDGE_CURVE('',#3775,#3768,#1800,.T.);
#4814=EDGE_CURVE('',#3774,#3882,#1801,.T.);
#4815=EDGE_CURVE('',#3882,#3868,#3402,.T.);
#4816=EDGE_CURVE('',#3871,#3883,#3403,.T.);
#4817=EDGE_CURVE('',#3856,#3883,#1802,.T.);
#4818=EDGE_CURVE('',#3782,#3884,#3404,.T.);
#4819=EDGE_CURVE('',#3884,#3885,#1803,.T.);
#4820=EDGE_CURVE('',#3886,#3885,#1804,.T.);
#4821=EDGE_CURVE('',#3887,#3886,#1805,.T.);
#4822=EDGE_CURVE('',#3887,#3888,#1806,.T.);
#4823=EDGE_CURVE('',#3889,#3888,#1807,.T.);
#4824=EDGE_CURVE('',#3890,#3889,#1808,.T.);
#4825=EDGE_CURVE('',#3891,#3890,#1809,.T.);
#4826=EDGE_CURVE('',#3891,#3892,#1810,.T.);
#4827=EDGE_CURVE('',#3893,#3892,#1811,.T.);
#4828=EDGE_CURVE('',#3894,#3893,#1812,.T.);
#4829=EDGE_CURVE('',#3894,#3895,#1813,.T.);
#4830=EDGE_CURVE('',#3895,#3896,#3405,.T.);
#4831=EDGE_CURVE('',#3897,#3896,#1814,.T.);
#4832=EDGE_CURVE('',#3897,#3898,#3406,.T.);
#4833=EDGE_CURVE('',#3898,#3769,#1815,.T.);
#4834=EDGE_CURVE('',#3899,#3899,#3407,.T.);
#4835=EDGE_CURVE('',#3900,#3901,#1816,.T.);
#4836=EDGE_CURVE('',#3902,#3900,#3408,.T.);
#4837=EDGE_CURVE('',#3903,#3902,#1817,.T.);
#4838=EDGE_CURVE('',#3904,#3903,#3409,.T.);
#4839=EDGE_CURVE('',#3905,#3904,#1818,.T.);
#4840=EDGE_CURVE('',#3906,#3905,#3410,.T.);
#4841=EDGE_CURVE('',#3907,#3906,#1819,.T.);
#4842=EDGE_CURVE('',#3901,#3907,#3411,.T.);
#4843=EDGE_CURVE('',#3908,#3909,#3412,.T.);
#4844=EDGE_CURVE('',#3910,#3908,#1820,.T.);
#4845=EDGE_CURVE('',#3911,#3910,#3413,.T.);
#4846=EDGE_CURVE('',#3909,#3911,#1821,.T.);
#4847=EDGE_CURVE('',#3912,#3913,#3414,.T.);
#4848=EDGE_CURVE('',#3914,#3912,#1822,.T.);
#4849=EDGE_CURVE('',#3915,#3914,#3415,.T.);
#4850=EDGE_CURVE('',#3916,#3915,#1823,.T.);
#4851=EDGE_CURVE('',#3917,#3916,#3416,.T.);
#4852=EDGE_CURVE('',#3918,#3917,#1824,.T.);
#4853=EDGE_CURVE('',#3919,#3918,#3417,.T.);
#4854=EDGE_CURVE('',#3913,#3919,#1825,.T.);
#4855=EDGE_CURVE('',#3920,#3920,#3418,.T.);
#4856=EDGE_CURVE('',#3921,#3922,#3419,.T.);
#4857=EDGE_CURVE('',#3922,#3923,#1826,.T.);
#4858=EDGE_CURVE('',#3923,#3924,#3420,.T.);
#4859=EDGE_CURVE('',#3924,#3897,#176,.T.);
#4860=EDGE_CURVE('',#3896,#3921,#177,.T.);
#4861=EDGE_CURVE('',#3923,#3925,#1827,.T.);
#4862=EDGE_CURVE('',#3926,#3925,#1828,.T.);
#4863=EDGE_CURVE('',#3924,#3926,#1829,.T.);
#4864=EDGE_CURVE('',#3922,#3927,#1830,.T.);
#4865=EDGE_CURVE('',#3928,#3927,#3421,.T.);
#4866=EDGE_CURVE('',#3929,#3928,#1831,.T.);
#4867=EDGE_CURVE('',#3925,#3929,#3422,.T.);
#4868=EDGE_CURVE('',#3921,#3930,#1832,.T.);
#4869=EDGE_CURVE('',#3927,#3930,#1833,.T.);
#4870=EDGE_CURVE('',#3931,#3932,#1834,.T.);
#4871=EDGE_CURVE('',#3931,#3933,#1835,.T.);
#4872=EDGE_CURVE('',#3934,#3933,#1836,.T.);
#4873=EDGE_CURVE('',#3932,#3934,#1837,.T.);
#4874=EDGE_CURVE('',#3880,#3890,#3423,.T.);
#4875=EDGE_CURVE('',#3880,#3931,#1838,.T.);
#4876=EDGE_CURVE('',#3891,#3931,#3424,.T.);
#4877=EDGE_CURVE('',#3933,#3753,#3425,.T.);
#4878=EDGE_CURVE('',#3935,#3878,#1839,.T.);
#4879=EDGE_CURVE('',#3936,#3935,#1840,.T.);
#4880=EDGE_CURVE('',#3936,#3937,#1841,.T.);
#4881=EDGE_CURVE('',#3938,#3937,#3426,.T.);
#4882=EDGE_CURVE('',#3740,#3938,#1842,.T.);
#4883=EDGE_CURVE('',#3903,#3939,#1843,.T.);
#4884=EDGE_CURVE('',#3940,#3939,#3427,.T.);
#4885=EDGE_CURVE('',#3904,#3940,#1844,.T.);
#4886=EDGE_CURVE('',#3902,#3941,#1845,.T.);
#4887=EDGE_CURVE('',#3939,#3941,#1846,.T.);
#4888=EDGE_CURVE('',#3900,#3942,#1847,.T.);
#4889=EDGE_CURVE('',#3941,#3942,#3428,.T.);
#4890=EDGE_CURVE('',#3943,#3938,#1848,.T.);
#4891=EDGE_CURVE('',#3943,#3741,#1849,.T.);
#4892=EDGE_CURVE('',#3752,#3934,#3429,.T.);
#4893=EDGE_CURVE('',#3944,#3943,#3430,.T.);
#4894=EDGE_CURVE('',#3945,#3944,#1850,.T.);
#4895=EDGE_CURVE('',#3946,#3945,#1851,.T.);
#4896=EDGE_CURVE('',#3946,#3879,#1852,.T.);
#4897=EDGE_CURVE('',#3932,#3881,#1853,.T.);
#4898=EDGE_CURVE('',#3889,#3880,#1854,.T.);
#4899=EDGE_CURVE('',#3912,#3947,#1855,.T.);
#4900=EDGE_CURVE('',#3948,#3947,#1856,.T.);
#4901=EDGE_CURVE('',#3914,#3948,#1857,.T.);
#4902=EDGE_CURVE('',#3949,#3948,#3431,.T.);
#4903=EDGE_CURVE('',#3915,#3949,#1858,.T.);
#4904=EDGE_CURVE('',#3950,#3940,#1859,.T.);
#4905=EDGE_CURVE('',#3905,#3950,#1860,.T.);
#4906=EDGE_CURVE('',#3951,#3950,#3432,.T.);
#4907=EDGE_CURVE('',#3906,#3951,#1861,.T.);
#4908=EDGE_CURVE('',#3952,#3951,#1862,.T.);
#4909=EDGE_CURVE('',#3907,#3952,#1863,.T.);
#4910=EDGE_CURVE('',#3953,#3952,#3433,.T.);
#4911=EDGE_CURVE('',#3901,#3953,#1864,.T.);
#4912=EDGE_CURVE('',#3908,#3954,#1865,.T.);
#4913=EDGE_CURVE('',#3955,#3954,#1866,.T.);
#4914=EDGE_CURVE('',#3910,#3955,#1867,.T.);
#4915=EDGE_CURVE('',#3956,#3955,#3434,.T.);
#4916=EDGE_CURVE('',#3911,#3956,#1868,.T.);
#4917=EDGE_CURVE('',#3957,#3956,#1869,.T.);
#4918=EDGE_CURVE('',#3909,#3957,#1870,.T.);
#4919=EDGE_CURVE('',#3954,#3957,#3435,.T.);
#4920=EDGE_CURVE('',#3935,#3887,#3436,.T.);
#4921=EDGE_CURVE('',#3888,#3935,#1871,.T.);
#4922=EDGE_CURVE('',#3942,#3953,#1872,.T.);
#4923=EDGE_CURVE('',#3880,#3935,#1873,.T.);
#4924=EDGE_CURVE('',#3886,#3936,#3437,.T.);
#4925=EDGE_CURVE('',#3946,#3935,#1874,.T.);
#4926=EDGE_CURVE('',#3937,#3944,#1875,.T.);
#4927=EDGE_CURVE('',#3958,#3958,#3438,.T.);
#4928=EDGE_CURVE('',#3958,#3920,#1876,.T.);
#4929=EDGE_CURVE('',#3919,#3959,#1877,.T.);
#4930=EDGE_CURVE('',#3960,#3959,#1878,.T.);
#4931=EDGE_CURVE('',#3913,#3960,#1879,.T.);
#4932=EDGE_CURVE('',#3947,#3960,#3439,.T.);
#4933=EDGE_CURVE('',#3916,#3961,#1880,.T.);
#4934=EDGE_CURVE('',#3962,#3961,#3440,.T.);
#4935=EDGE_CURVE('',#3917,#3962,#1881,.T.);
#4936=EDGE_CURVE('',#3963,#3962,#1882,.T.);
#4937=EDGE_CURVE('',#3918,#3963,#1883,.T.);
#4938=EDGE_CURVE('',#3959,#3963,#3441,.T.);
#4939=EDGE_CURVE('',#3964,#3773,#1884,.T.);
#4940=EDGE_CURVE('',#3882,#3964,#1885,.T.);
#4941=EDGE_CURVE('',#3869,#3964,#3442,.T.);
#4942=EDGE_CURVE('',#3965,#3870,#3443,.T.);
#4943=EDGE_CURVE('',#3883,#3965,#1886,.T.);
#4944=EDGE_CURVE('',#3799,#3965,#1887,.T.);
#4945=EDGE_CURVE('',#3966,#3781,#3444,.T.);
#4946=EDGE_CURVE('',#3884,#3966,#1888,.T.);
#4947=EDGE_CURVE('',#3967,#3966,#1889,.T.);
#4948=EDGE_CURVE('',#3885,#3967,#1890,.T.);
#4949=EDGE_CURVE('',#3945,#3967,#1891,.T.);
#4950=EDGE_CURVE('',#3961,#3949,#1892,.T.);
#4951=EDGE_CURVE('',#3892,#3931,#1893,.T.);
#4952=EDGE_CURVE('',#3772,#3766,#1894,.T.);
#4953=EDGE_CURVE('',#3930,#3968,#3445,.T.);
#4954=EDGE_CURVE('',#3968,#3928,#1895,.T.);
#4955=EDGE_CURVE('',#3969,#3970,#178,.T.);
#4956=EDGE_CURVE('',#3970,#3968,#3446,.T.);
#4957=EDGE_CURVE('',#3930,#3969,#3447,.T.);
#4958=EDGE_CURVE('',#3971,#3972,#179,.T.);
#4959=EDGE_CURVE('',#3972,#3926,#3448,.T.);
#4960=EDGE_CURVE('',#3926,#3973,#3449,.T.);
#4961=EDGE_CURVE('',#3973,#3971,#3450,.T.);
#4962=EDGE_CURVE('',#3929,#3973,#1896,.T.);
#4963=EDGE_CURVE('',#3970,#3971,#1897,.T.);
#4964=EDGE_CURVE('',#3974,#3974,#3451,.T.);
#4965=EDGE_CURVE('',#3974,#3899,#1898,.T.);
#4966=EDGE_CURVE('',#3893,#3975,#1899,.T.);
#4967=EDGE_CURVE('',#3976,#3975,#1900,.T.);
#4968=EDGE_CURVE('',#3894,#3976,#1901,.T.);
#4969=EDGE_CURVE('',#3977,#3976,#1902,.T.);
#4970=EDGE_CURVE('',#3895,#3977,#1903,.T.);
#4971=EDGE_CURVE('',#3898,#3978,#1904,.T.);
#4972=EDGE_CURVE('',#3770,#3978,#1905,.T.);
#4973=EDGE_CURVE('',#3975,#3931,#1906,.T.);
#4974=EDGE_CURVE('',#3978,#3979,#3452,.T.);
#4975=EDGE_CURVE('',#3980,#3979,#1907,.T.);
#4976=EDGE_CURVE('',#3980,#3977,#3453,.T.);
#4977=EDGE_CURVE('',#3980,#3969,#1908,.T.);
#4978=EDGE_CURVE('',#3979,#3972,#1909,.T.);
#4979=EDGE_CURVE('',#3981,#3981,#3454,.T.);
#4980=EDGE_CURVE('',#3981,#3982,#1910,.T.);
#4981=EDGE_CURVE('',#3982,#3982,#3455,.T.);
#4982=EDGE_CURVE('',#3983,#3983,#3456,.T.);
#4983=EDGE_CURVE('',#3983,#3984,#1911,.T.);
#4984=EDGE_CURVE('',#3984,#3984,#3457,.T.);
#4985=EDGE_CURVE('',#3985,#3985,#3458,.T.);
#4986=EDGE_CURVE('',#3985,#3986,#1912,.T.);
#4987=EDGE_CURVE('',#3986,#3986,#3459,.T.);
#4988=EDGE_CURVE('',#3987,#3987,#3460,.T.);
#4989=EDGE_CURVE('',#3987,#3988,#1913,.T.);
#4990=EDGE_CURVE('',#3988,#3988,#3461,.T.);
#4991=EDGE_CURVE('',#3989,#3989,#3462,.T.);
#4992=EDGE_CURVE('',#3989,#3990,#1914,.T.);
#4993=EDGE_CURVE('',#3990,#3990,#3463,.T.);
#4994=EDGE_CURVE('',#3991,#3991,#3464,.T.);
#4995=EDGE_CURVE('',#3991,#3992,#1915,.T.);
#4996=EDGE_CURVE('',#3992,#3992,#3465,.T.);
#4997=EDGE_CURVE('',#3993,#3994,#37,.T.);
#4998=EDGE_CURVE('',#3994,#3995,#38,.T.);
#4999=EDGE_CURVE('',#3995,#3993,#3466,.T.);
#5000=EDGE_CURVE('',#3994,#3996,#1916,.T.);
#5001=EDGE_CURVE('',#3996,#3997,#3467,.T.);
#5002=EDGE_CURVE('',#3997,#3995,#1917,.T.);
#5003=EDGE_CURVE('',#3993,#3998,#1918,.T.);
#5004=EDGE_CURVE('',#3998,#3999,#3468,.F.);
#5005=EDGE_CURVE('',#3999,#3994,#1919,.T.);
#5006=EDGE_CURVE('',#3999,#4000,#1920,.T.);
#5007=EDGE_CURVE('',#4000,#4001,#1921,.T.);
#5008=EDGE_CURVE('',#4002,#4001,#3469,.T.);
#5009=EDGE_CURVE('',#4002,#4003,#1922,.T.);
#5010=EDGE_CURVE('',#4004,#4003,#3470,.T.);
#5011=EDGE_CURVE('',#4004,#4005,#1923,.T.);
#5012=EDGE_CURVE('',#4006,#4005,#3471,.T.);
#5013=EDGE_CURVE('',#4006,#4007,#1924,.T.);
#5014=EDGE_CURVE('',#4007,#4008,#1925,.T.);
#5015=EDGE_CURVE('',#4008,#4009,#1926,.T.);
#5016=EDGE_CURVE('',#4010,#4009,#3472,.T.);
#5017=EDGE_CURVE('',#4010,#4011,#1927,.T.);
#5018=EDGE_CURVE('',#4012,#4011,#3473,.T.);
#5019=EDGE_CURVE('',#4012,#4013,#1928,.T.);
#5020=EDGE_CURVE('',#4013,#4014,#1929,.T.);
#5021=EDGE_CURVE('',#4014,#4015,#1930,.T.);
#5022=EDGE_CURVE('',#4016,#4015,#3474,.T.);
#5023=EDGE_CURVE('',#4016,#4017,#1931,.T.);
#5024=EDGE_CURVE('',#4017,#4018,#1932,.T.);
#5025=EDGE_CURVE('',#4018,#4019,#1933,.T.);
#5026=EDGE_CURVE('',#4020,#4019,#3475,.T.);
#5027=EDGE_CURVE('',#4020,#4021,#1934,.T.);
#5028=EDGE_CURVE('',#4021,#3996,#1935,.T.);
#5029=EDGE_CURVE('',#4022,#4022,#3476,.T.);
#5030=EDGE_CURVE('',#4023,#4024,#3477,.T.);
#5031=EDGE_CURVE('',#4024,#4025,#1936,.T.);
#5032=EDGE_CURVE('',#4025,#4026,#3478,.T.);
#5033=EDGE_CURVE('',#4026,#4023,#1937,.T.);
#5034=EDGE_CURVE('',#4027,#4028,#3479,.T.);
#5035=EDGE_CURVE('',#4028,#4029,#1938,.T.);
#5036=EDGE_CURVE('',#4029,#4030,#3480,.T.);
#5037=EDGE_CURVE('',#4030,#4031,#1939,.T.);
#5038=EDGE_CURVE('',#4031,#4032,#3481,.T.);
#5039=EDGE_CURVE('',#4032,#4033,#1940,.T.);
#5040=EDGE_CURVE('',#4033,#4034,#3482,.T.);
#5041=EDGE_CURVE('',#4034,#4027,#1941,.T.);
#5042=EDGE_CURVE('',#4035,#4035,#3483,.T.);
#5043=EDGE_CURVE('',#4036,#4037,#3484,.T.);
#5044=EDGE_CURVE('',#4037,#4038,#1942,.T.);
#5045=EDGE_CURVE('',#4038,#4039,#3485,.T.);
#5046=EDGE_CURVE('',#4039,#4040,#1943,.T.);
#5047=EDGE_CURVE('',#4040,#4041,#3486,.T.);
#5048=EDGE_CURVE('',#4041,#4042,#1944,.T.);
#5049=EDGE_CURVE('',#4042,#4043,#3487,.T.);
#5050=EDGE_CURVE('',#4043,#4036,#1945,.T.);
#5051=EDGE_CURVE('',#3995,#4044,#1946,.T.);
#5052=EDGE_CURVE('',#4044,#4045,#3488,.T.);
#5053=EDGE_CURVE('',#4045,#3993,#1947,.T.);
#5054=EDGE_CURVE('',#4045,#4046,#1948,.T.);
#5055=EDGE_CURVE('',#4046,#3998,#1949,.T.);
#5056=EDGE_CURVE('',#4047,#4044,#1950,.T.);
#5057=EDGE_CURVE('',#4048,#4047,#1951,.T.);
#5058=EDGE_CURVE('',#4049,#4048,#1952,.T.);
#5059=EDGE_CURVE('',#4050,#4049,#3489,.T.);
#5060=EDGE_CURVE('',#4051,#4050,#1953,.T.);
#5061=EDGE_CURVE('',#4052,#4051,#1954,.T.);
#5062=EDGE_CURVE('',#4053,#4052,#1955,.T.);
#5063=EDGE_CURVE('',#4054,#4053,#3490,.T.);
#5064=EDGE_CURVE('',#4055,#4054,#1956,.T.);
#5065=EDGE_CURVE('',#4056,#4055,#1957,.T.);
#5066=EDGE_CURVE('',#4057,#4056,#1958,.T.);
#5067=EDGE_CURVE('',#4058,#4057,#3491,.T.);
#5068=EDGE_CURVE('',#4059,#4058,#1959,.T.);
#5069=EDGE_CURVE('',#4060,#4059,#3492,.T.);
#5070=EDGE_CURVE('',#4060,#4061,#1960,.T.);
#5071=EDGE_CURVE('',#4062,#4061,#1961,.T.);
#5072=EDGE_CURVE('',#4063,#4062,#1962,.T.);
#5073=EDGE_CURVE('',#4064,#4063,#3493,.T.);
#5074=EDGE_CURVE('',#4065,#4064,#1963,.T.);
#5075=EDGE_CURVE('',#4066,#4065,#3494,.T.);
#5076=EDGE_CURVE('',#4067,#4066,#1964,.T.);
#5077=EDGE_CURVE('',#4068,#4067,#3495,.T.);
#5078=EDGE_CURVE('',#4069,#4068,#1965,.T.);
#5079=EDGE_CURVE('',#4046,#4069,#1966,.T.);
#5080=EDGE_CURVE('',#4070,#4071,#3496,.T.);
#5081=EDGE_CURVE('',#4072,#4070,#1967,.T.);
#5082=EDGE_CURVE('',#4073,#4072,#3497,.T.);
#5083=EDGE_CURVE('',#4074,#4073,#1968,.T.);
#5084=EDGE_CURVE('',#4075,#4074,#3498,.T.);
#5085=EDGE_CURVE('',#4076,#4075,#1969,.T.);
#5086=EDGE_CURVE('',#4077,#4076,#3499,.T.);
#5087=EDGE_CURVE('',#4071,#4077,#1970,.T.);
#5088=EDGE_CURVE('',#4078,#4078,#3500,.T.);
#5089=EDGE_CURVE('',#4079,#4080,#3501,.T.);
#5090=EDGE_CURVE('',#4081,#4079,#1971,.T.);
#5091=EDGE_CURVE('',#4082,#4081,#3502,.T.);
#5092=EDGE_CURVE('',#4083,#4082,#1972,.T.);
#5093=EDGE_CURVE('',#4084,#4083,#3503,.T.);
#5094=EDGE_CURVE('',#4085,#4084,#1973,.T.);
#5095=EDGE_CURVE('',#4086,#4085,#3504,.T.);
#5096=EDGE_CURVE('',#4080,#4086,#1974,.T.);
#5097=EDGE_CURVE('',#4087,#4088,#3505,.T.);
#5098=EDGE_CURVE('',#4089,#4087,#1975,.T.);
#5099=EDGE_CURVE('',#4090,#4089,#3506,.T.);
#5100=EDGE_CURVE('',#4088,#4090,#1976,.T.);
#5101=EDGE_CURVE('',#4091,#4091,#3507,.T.);
#5102=EDGE_CURVE('',#4019,#4050,#1977,.T.);
#5103=EDGE_CURVE('',#4049,#4020,#1978,.T.);
#5104=EDGE_CURVE('',#4048,#4021,#1979,.T.);
#5105=EDGE_CURVE('',#4015,#4054,#1980,.T.);
#5106=EDGE_CURVE('',#4053,#4016,#1981,.T.);
#5107=EDGE_CURVE('',#4052,#4017,#1982,.T.);
#5108=EDGE_CURVE('',#4011,#4058,#1983,.T.);
#5109=EDGE_CURVE('',#4057,#4012,#1984,.T.);
#5110=EDGE_CURVE('',#4059,#4010,#1985,.T.);
#5111=EDGE_CURVE('',#4009,#4060,#1986,.T.);
#5112=EDGE_CURVE('',#4005,#4064,#1987,.T.);
#5113=EDGE_CURVE('',#4063,#4006,#1988,.T.);
#5114=EDGE_CURVE('',#4065,#4004,#1989,.T.);
#5115=EDGE_CURVE('',#4003,#4066,#1990,.T.);
#5116=EDGE_CURVE('',#4001,#4068,#1991,.T.);
#5117=EDGE_CURVE('',#4067,#4002,#1992,.T.);
#5118=EDGE_CURVE('',#4069,#4000,#1993,.T.);
#5119=EDGE_CURVE('',#4022,#4091,#1994,.T.);
#5120=EDGE_CURVE('',#4087,#4023,#1995,.T.);
#5121=EDGE_CURVE('',#4089,#4026,#1996,.T.);
#5122=EDGE_CURVE('',#4090,#4025,#1997,.T.);
#5123=EDGE_CURVE('',#4088,#4024,#1998,.T.);
#5124=EDGE_CURVE('',#4079,#4027,#1999,.T.);
#5125=EDGE_CURVE('',#4081,#4034,#2000,.T.);
#5126=EDGE_CURVE('',#4082,#4033,#2001,.T.);
#5127=EDGE_CURVE('',#4083,#4032,#2002,.T.);
#5128=EDGE_CURVE('',#4084,#4031,#2003,.T.);
#5129=EDGE_CURVE('',#4085,#4030,#2004,.T.);
#5130=EDGE_CURVE('',#4086,#4029,#2005,.T.);
#5131=EDGE_CURVE('',#4080,#4028,#2006,.T.);
#5132=EDGE_CURVE('',#4035,#4078,#2007,.T.);
#5133=EDGE_CURVE('',#4070,#4036,#2008,.T.);
#5134=EDGE_CURVE('',#4072,#4043,#2009,.T.);
#5135=EDGE_CURVE('',#4073,#4042,#2010,.T.);
#5136=EDGE_CURVE('',#4074,#4041,#2011,.T.);
#5137=EDGE_CURVE('',#4075,#4040,#2012,.T.);
#5138=EDGE_CURVE('',#4076,#4039,#2013,.T.);
#5139=EDGE_CURVE('',#4077,#4038,#2014,.T.);
#5140=EDGE_CURVE('',#4071,#4037,#2015,.T.);
#5141=EDGE_CURVE('',#4061,#4008,#2016,.T.);
#5142=EDGE_CURVE('',#4062,#4007,#2017,.T.);
#5143=EDGE_CURVE('',#4047,#3997,#2018,.T.);
#5144=EDGE_CURVE('',#4051,#4018,#2019,.T.);
#5145=EDGE_CURVE('',#4055,#4014,#2020,.T.);
#5146=EDGE_CURVE('',#4056,#4013,#2021,.T.);
#5147=EDGE_CURVE('',#4092,#4093,#180,.T.);
#5148=EDGE_CURVE('',#4092,#4094,#181,.T.);
#5149=EDGE_CURVE('',#4095,#4094,#182,.T.);
#5150=EDGE_CURVE('',#4096,#4095,#183,.T.);
#5151=EDGE_CURVE('',#4096,#4097,#184,.T.);
#5152=EDGE_CURVE('',#4098,#4097,#185,.T.);
#5153=EDGE_CURVE('',#4099,#4098,#186,.T.);
#5154=EDGE_CURVE('',#4099,#4100,#187,.T.);
#5155=EDGE_CURVE('',#4101,#4100,#188,.T.);
#5156=EDGE_CURVE('',#4102,#4101,#189,.T.);
#5157=EDGE_CURVE('',#4102,#4103,#190,.T.);
#5158=EDGE_CURVE('',#4104,#4103,#191,.T.);
#5159=EDGE_CURVE('',#4105,#4104,#192,.T.);
#5160=EDGE_CURVE('',#4105,#4106,#193,.T.);
#5161=EDGE_CURVE('',#4106,#4107,#3508,.T.);
#5162=EDGE_CURVE('',#4107,#4093,#3509,.T.);
#5163=EDGE_CURVE('',#4108,#4108,#3510,.T.);
#5164=EDGE_CURVE('',#4108,#4109,#2022,.T.);
#5165=EDGE_CURVE('',#4109,#4109,#3511,.T.);
#5166=EDGE_CURVE('',#4110,#4110,#3512,.T.);
#5167=EDGE_CURVE('',#4110,#4111,#2023,.T.);
#5168=EDGE_CURVE('',#4111,#4111,#3513,.T.);
#5169=EDGE_CURVE('',#4112,#4113,#2024,.T.);
#5170=EDGE_CURVE('',#4114,#4113,#2025,.T.);
#5171=EDGE_CURVE('',#4114,#4115,#2026,.T.);
#5172=EDGE_CURVE('',#4115,#4112,#2027,.T.);
#5173=EDGE_CURVE('',#4116,#4115,#2028,.T.);
#5174=EDGE_CURVE('',#4117,#4116,#2029,.T.);
#5175=EDGE_CURVE('',#4117,#4112,#2030,.T.);
#5176=EDGE_CURVE('',#4114,#4118,#2031,.T.);
#5177=EDGE_CURVE('',#4119,#4118,#2032,.T.);
#5178=EDGE_CURVE('',#4120,#4119,#2033,.T.);
#5179=EDGE_CURVE('',#4121,#4120,#2034,.T.);
#5180=EDGE_CURVE('',#4122,#4121,#2035,.T.);
#5181=EDGE_CURVE('',#4116,#4122,#3514,.T.);
#5182=EDGE_CURVE('',#4123,#4124,#2036,.T.);
#5183=EDGE_CURVE('',#4125,#4124,#2037,.T.);
#5184=EDGE_CURVE('',#4125,#4126,#2038,.T.);
#5185=EDGE_CURVE('',#4126,#4123,#2039,.T.);
#5186=EDGE_CURVE('',#4127,#4126,#2040,.T.);
#5187=EDGE_CURVE('',#4128,#4127,#2041,.T.);
#5188=EDGE_CURVE('',#4129,#4128,#194,.T.);
#5189=EDGE_CURVE('',#4130,#4129,#2042,.T.);
#5190=EDGE_CURVE('',#4131,#4130,#2043,.T.);
#5191=EDGE_CURVE('',#4131,#4123,#2044,.T.);
#5192=EDGE_CURVE('',#4132,#4125,#2045,.T.);
#5193=EDGE_CURVE('',#4133,#4132,#2046,.T.);
#5194=EDGE_CURVE('',#4127,#4133,#3515,.T.);
#5195=EDGE_CURVE('',#4134,#4135,#2047,.T.);
#5196=EDGE_CURVE('',#4136,#4135,#2048,.T.);
#5197=EDGE_CURVE('',#4136,#4137,#2049,.T.);
#5198=EDGE_CURVE('',#4137,#4138,#2050,.T.);
#5199=EDGE_CURVE('',#4134,#4138,#2051,.T.);
#5200=EDGE_CURVE('',#4139,#4134,#2052,.T.);
#5201=EDGE_CURVE('',#4135,#4139,#2053,.T.);
#5202=EDGE_CURVE('',#4140,#4120,#2054,.T.);
#5203=EDGE_CURVE('',#4140,#4141,#2055,.T.);
#5204=EDGE_CURVE('',#4121,#4141,#2056,.T.);
#5205=EDGE_CURVE('',#4142,#4140,#2057,.T.);
#5206=EDGE_CURVE('',#4141,#4142,#2058,.T.);
#5207=EDGE_CURVE('',#4132,#4143,#2059,.T.);
#5208=EDGE_CURVE('',#4143,#4144,#2060,.T.);
#5209=EDGE_CURVE('',#4133,#4144,#2061,.T.);
#5210=EDGE_CURVE('',#4124,#4145,#2062,.T.);
#5211=EDGE_CURVE('',#4118,#4145,#3516,.T.);
#5212=EDGE_CURVE('',#4113,#4143,#2063,.T.);
#5213=EDGE_CURVE('',#4142,#4139,#2064,.T.);
#5214=EDGE_CURVE('',#4146,#4138,#2065,.T.);
#5215=EDGE_CURVE('',#4147,#4146,#3517,.T.);
#5216=EDGE_CURVE('',#4148,#4147,#2066,.T.);
#5217=EDGE_CURVE('',#4149,#4148,#2067,.T.);
#5218=EDGE_CURVE('',#4150,#4149,#3518,.T.);
#5219=EDGE_CURVE('',#4151,#4150,#2068,.T.);
#5220=EDGE_CURVE('',#4152,#4151,#3519,.T.);
#5221=EDGE_CURVE('',#4153,#4152,#2069,.T.);
#5222=EDGE_CURVE('',#4154,#4153,#2070,.T.);
#5223=EDGE_CURVE('',#4154,#4155,#2071,.T.);
#5224=EDGE_CURVE('',#4156,#4155,#3520,.T.);
#5225=EDGE_CURVE('',#4122,#4156,#2072,.T.);
#5226=EDGE_CURVE('',#4157,#4119,#3521,.T.);
#5227=EDGE_CURVE('',#4136,#4157,#2073,.T.);
#5228=EDGE_CURVE('',#4145,#4157,#2074,.T.);
#5229=EDGE_CURVE('',#4158,#4159,#2075,.T.);
#5230=EDGE_CURVE('',#4159,#4160,#3522,.T.);
#5231=EDGE_CURVE('',#4160,#4161,#2076,.T.);
#5232=EDGE_CURVE('',#4146,#4161,#3523,.T.);
#5233=EDGE_CURVE('',#4138,#4158,#3524,.T.);
#5234=EDGE_CURVE('',#4162,#4131,#2077,.T.);
#5235=EDGE_CURVE('',#4163,#4162,#2078,.T.);
#5236=EDGE_CURVE('',#4159,#4163,#195,.T.);
#5237=EDGE_CURVE('',#4158,#4137,#2079,.T.);
#5238=EDGE_CURVE('',#4162,#4130,#3525,.T.);
#5239=EDGE_CURVE('',#4144,#4117,#3526,.T.);
#5240=EDGE_CURVE('',#4156,#4164,#3527,.T.);
#5241=EDGE_CURVE('',#4164,#4165,#2080,.T.);
#5242=EDGE_CURVE('',#4128,#4165,#3528,.T.);
#5243=EDGE_CURVE('',#4163,#4160,#3529,.T.);
#5244=EDGE_CURVE('',#4166,#4151,#3530,.T.);
#5245=EDGE_CURVE('',#4150,#4167,#3531,.T.);
#5246=EDGE_CURVE('',#4167,#4166,#2081,.T.);
#5247=EDGE_CURVE('',#4149,#4168,#3532,.T.);
#5248=EDGE_CURVE('',#4168,#4167,#3533,.T.);
#5249=EDGE_CURVE('',#4169,#4168,#2082,.T.);
#5250=EDGE_CURVE('',#4148,#4169,#39,.T.);
#5251=EDGE_CURVE('',#4147,#4170,#3534,.T.);
#5252=EDGE_CURVE('',#4170,#4169,#2083,.T.);
#5253=EDGE_CURVE('',#4161,#4170,#3535,.T.);
#5254=EDGE_CURVE('',#4165,#4129,#3536,.T.);
#5255=EDGE_CURVE('',#4155,#4164,#196,.F.);
#5256=EDGE_CURVE('',#4152,#4166,#197,.T.);
#5257=EDGE_CURVE('',#4171,#4164,#2084,.T.);
#5258=EDGE_CURVE('',#4172,#4171,#2085,.T.);
#5259=EDGE_CURVE('',#4173,#4172,#2086,.T.);
#5260=EDGE_CURVE('',#4174,#4173,#2087,.T.);
#5261=EDGE_CURVE('',#4174,#4175,#2088,.T.);
#5262=EDGE_CURVE('',#4176,#4175,#2089,.T.);
#5263=EDGE_CURVE('',#4176,#4177,#2090,.T.);
#5264=EDGE_CURVE('',#4178,#4177,#2091,.T.);
#5265=EDGE_CURVE('',#4178,#4179,#2092,.T.);
#5266=EDGE_CURVE('',#4180,#4179,#2093,.T.);
#5267=EDGE_CURVE('',#4181,#4180,#2094,.T.);
#5268=EDGE_CURVE('',#4182,#4181,#2095,.T.);
#5269=EDGE_CURVE('',#4183,#4182,#2096,.T.);
#5270=EDGE_CURVE('',#4184,#4183,#2097,.T.);
#5271=EDGE_CURVE('',#4185,#4184,#2098,.T.);
#5272=EDGE_CURVE('',#4186,#4185,#2099,.T.);
#5273=EDGE_CURVE('',#4187,#4186,#2100,.T.);
#5274=EDGE_CURVE('',#4165,#4187,#2101,.T.);
#5275=EDGE_CURVE('',#4188,#4189,#2102,.T.);
#5276=EDGE_CURVE('',#4154,#4188,#2103,.T.);
#5277=EDGE_CURVE('',#4189,#4153,#2104,.T.);
#5278=EDGE_CURVE('',#4190,#4191,#2105,.T.);
#5279=EDGE_CURVE('',#4188,#4191,#3537,.T.);
#5280=EDGE_CURVE('',#4189,#4190,#3538,.F.);
#5281=EDGE_CURVE('',#4192,#4193,#2106,.T.);
#5282=EDGE_CURVE('',#4191,#4192,#2107,.T.);
#5283=EDGE_CURVE('',#4193,#4190,#2108,.T.);
#5284=EDGE_CURVE('',#4194,#4195,#2109,.T.);
#5285=EDGE_CURVE('',#4192,#4195,#3539,.T.);
#5286=EDGE_CURVE('',#4193,#4194,#3540,.F.);
#5287=EDGE_CURVE('',#4161,#4196,#2110,.T.);
#5288=EDGE_CURVE('',#4197,#4196,#40,.T.);
#5289=EDGE_CURVE('',#4197,#4170,#2111,.T.);
#5290=EDGE_CURVE('',#4198,#4199,#3541,.F.);
#5291=EDGE_CURVE('',#4199,#4197,#2112,.T.);
#5292=EDGE_CURVE('',#4196,#4198,#2113,.T.);
#5293=EDGE_CURVE('',#4200,#4198,#3542,.F.);
#5294=EDGE_CURVE('',#4199,#4200,#3543,.F.);
#5295=EDGE_CURVE('',#4201,#4202,#2114,.T.);
#5296=EDGE_CURVE('',#4203,#4201,#2115,.T.);
#5297=EDGE_CURVE('',#4203,#4204,#2116,.T.);
#5298=EDGE_CURVE('',#4202,#4204,#2117,.T.);
#5299=EDGE_CURVE('',#4205,#4206,#2118,.T.);
#5300=EDGE_CURVE('',#4206,#4201,#3544,.F.);
#5301=EDGE_CURVE('',#4202,#4205,#3545,.T.);
#5302=EDGE_CURVE('',#4207,#4167,#2119,.T.);
#5303=EDGE_CURVE('',#4208,#4207,#3546,.T.);
#5304=EDGE_CURVE('',#4200,#4208,#2120,.T.);
#5305=EDGE_CURVE('',#4206,#4200,#2121,.T.);
#5306=EDGE_CURVE('',#4209,#4205,#3547,.T.);
#5307=EDGE_CURVE('',#4210,#4209,#2122,.T.);
#5308=EDGE_CURVE('',#4211,#4210,#2123,.T.);
#5309=EDGE_CURVE('',#4212,#4211,#2124,.T.);
#5310=EDGE_CURVE('',#4213,#4212,#2125,.T.);
#5311=EDGE_CURVE('',#4214,#4213,#2126,.T.);
#5312=EDGE_CURVE('',#4215,#4214,#2127,.T.);
#5313=EDGE_CURVE('',#4216,#4215,#2128,.T.);
#5314=EDGE_CURVE('',#4217,#4216,#2129,.T.);
#5315=EDGE_CURVE('',#4218,#4217,#3548,.T.);
#5316=EDGE_CURVE('',#4219,#4218,#2130,.T.);
#5317=EDGE_CURVE('',#4220,#4219,#3549,.T.);
#5318=EDGE_CURVE('',#4221,#4220,#2131,.T.);
#5319=EDGE_CURVE('',#4222,#4221,#2132,.T.);
#5320=EDGE_CURVE('',#4223,#4222,#2133,.T.);
#5321=EDGE_CURVE('',#4224,#4223,#2134,.T.);
#5322=EDGE_CURVE('',#4166,#4224,#2135,.T.);
#5323=EDGE_CURVE('',#4225,#4225,#3550,.T.);
#5324=EDGE_CURVE('',#4226,#4226,#3551,.T.);
#5325=EDGE_CURVE('',#4227,#4227,#3552,.T.);
#5326=EDGE_CURVE('',#4228,#4228,#3553,.T.);
#5327=EDGE_CURVE('',#4229,#4229,#3554,.T.);
#5328=EDGE_CURVE('',#4230,#4231,#198,.T.);
#5329=EDGE_CURVE('',#4231,#4232,#3555,.T.);
#5330=EDGE_CURVE('',#4232,#4233,#199,.T.);
#5331=EDGE_CURVE('',#4233,#4230,#200,.F.);
#5332=EDGE_CURVE('',#4230,#4234,#2136,.T.);
#5333=EDGE_CURVE('',#4231,#4234,#201,.T.);
#5334=EDGE_CURVE('',#4235,#4236,#202,.F.);
#5335=EDGE_CURVE('',#4236,#4237,#203,.T.);
#5336=EDGE_CURVE('',#4237,#4097,#3556,.T.);
#5337=EDGE_CURVE('',#4097,#4235,#204,.T.);
#5338=EDGE_CURVE('',#4238,#4098,#205,.F.);
#5339=EDGE_CURVE('',#4237,#4238,#206,.T.);
#5340=EDGE_CURVE('',#4236,#4238,#2137,.T.);
#5341=EDGE_CURVE('',#4232,#4239,#207,.T.);
#5342=EDGE_CURVE('',#4240,#4232,#208,.T.);
#5343=EDGE_CURVE('',#4240,#4241,#3557,.T.);
#5344=EDGE_CURVE('',#4242,#4241,#209,.T.);
#5345=EDGE_CURVE('',#4243,#4242,#210,.T.);
#5346=EDGE_CURVE('',#4244,#4243,#211,.T.);
#5347=EDGE_CURVE('',#4244,#4245,#3558,.T.);
#5348=EDGE_CURVE('',#4245,#4246,#3559,.T.);
#5349=EDGE_CURVE('',#4246,#4246,#3560,.T.);
#5350=EDGE_CURVE('',#4245,#4247,#3561,.T.);
#5351=EDGE_CURVE('',#4103,#4247,#212,.T.);
#5352=EDGE_CURVE('',#4248,#4102,#213,.T.);
#5353=EDGE_CURVE('',#4248,#4235,#3562,.T.);
#5354=EDGE_CURVE('',#4249,#4096,#214,.T.);
#5355=EDGE_CURVE('',#4249,#4250,#3563,.T.);
#5356=EDGE_CURVE('',#4239,#4250,#215,.T.);
#5357=EDGE_CURVE('',#4101,#4251,#216,.F.);
#5358=EDGE_CURVE('',#4251,#4252,#217,.T.);
#5359=EDGE_CURVE('',#4252,#4102,#3564,.T.);
#5360=EDGE_CURVE('',#4253,#4248,#218,.F.);
#5361=EDGE_CURVE('',#4252,#4253,#219,.T.);
#5362=EDGE_CURVE('',#4251,#4253,#2138,.T.);
#5363=EDGE_CURVE('',#4254,#4255,#220,.F.);
#5364=EDGE_CURVE('',#4255,#4256,#221,.T.);
#5365=EDGE_CURVE('',#4256,#4243,#3565,.T.);
#5366=EDGE_CURVE('',#4243,#4254,#222,.T.);
#5367=EDGE_CURVE('',#4257,#4244,#223,.F.);
#5368=EDGE_CURVE('',#4256,#4257,#224,.T.);
#5369=EDGE_CURVE('',#4255,#4257,#2139,.T.);
#5370=EDGE_CURVE('',#4247,#4258,#225,.F.);
#5371=EDGE_CURVE('',#4258,#4259,#226,.T.);
#5372=EDGE_CURVE('',#4259,#4103,#3566,.T.);
#5373=EDGE_CURVE('',#4260,#4104,#227,.F.);
#5374=EDGE_CURVE('',#4259,#4260,#228,.T.);
#5375=EDGE_CURVE('',#4258,#4260,#2140,.T.);
#5376=EDGE_CURVE('',#4234,#4240,#229,.F.);
#5377=EDGE_CURVE('',#4241,#4261,#230,.F.);
#5378=EDGE_CURVE('',#4261,#4262,#231,.T.);
#5379=EDGE_CURVE('',#4262,#4242,#3567,.T.);
#5380=EDGE_CURVE('',#4263,#4242,#232,.T.);
#5381=EDGE_CURVE('',#4262,#4264,#233,.T.);
#5382=EDGE_CURVE('',#4264,#4263,#234,.F.);
#5383=EDGE_CURVE('',#4261,#4264,#2141,.T.);
#5384=EDGE_CURVE('',#4250,#4265,#235,.F.);
#5385=EDGE_CURVE('',#4265,#4266,#236,.T.);
#5386=EDGE_CURVE('',#4266,#4239,#3568,.T.);
#5387=EDGE_CURVE('',#4267,#4268,#237,.F.);
#5388=EDGE_CURVE('',#4268,#4239,#238,.T.);
#5389=EDGE_CURVE('',#4266,#4267,#239,.T.);
#5390=EDGE_CURVE('',#4265,#4267,#2142,.T.);
#5391=EDGE_CURVE('',#4095,#4269,#240,.F.);
#5392=EDGE_CURVE('',#4269,#4270,#241,.T.);
#5393=EDGE_CURVE('',#4270,#4096,#3569,.T.);
#5394=EDGE_CURVE('',#4271,#4249,#242,.F.);
#5395=EDGE_CURVE('',#4270,#4271,#243,.T.);
#5396=EDGE_CURVE('',#4269,#4271,#2143,.T.);
#5397=EDGE_CURVE('',#4272,#4092,#244,.T.);
#5398=EDGE_CURVE('',#4272,#4268,#245,.T.);
#5399=EDGE_CURVE('',#4106,#4273,#246,.T.);
#5400=EDGE_CURVE('',#4254,#4273,#247,.T.);
#5401=EDGE_CURVE('',#4233,#4274,#248,.T.);
#5402=EDGE_CURVE('',#4275,#4274,#249,.T.);
#5403=EDGE_CURVE('',#4275,#4263,#250,.T.);
#5404=EDGE_CURVE('',#4093,#4107,#3570,.T.);
#5405=EDGE_CURVE('',#4187,#4276,#41,.T.);
#5406=EDGE_CURVE('',#4276,#4160,#2144,.T.);
#5407=EDGE_CURVE('',#4175,#4277,#2145,.T.);
#5408=EDGE_CURVE('',#4277,#4278,#2146,.T.);
#5409=EDGE_CURVE('',#4278,#4176,#2147,.T.);
#5410=EDGE_CURVE('',#4279,#4278,#2148,.T.);
#5411=EDGE_CURVE('',#4280,#4279,#2149,.T.);
#5412=EDGE_CURVE('',#4177,#4280,#3571,.T.);
#5413=EDGE_CURVE('',#4281,#4180,#2150,.T.);
#5414=EDGE_CURVE('',#4179,#4282,#2151,.T.);
#5415=EDGE_CURVE('',#4282,#4281,#2152,.T.);
#5416=EDGE_CURVE('',#4281,#4283,#2153,.T.);
#5417=EDGE_CURVE('',#4284,#4283,#2154,.T.);
#5418=EDGE_CURVE('',#4285,#4284,#2155,.T.);
#5419=EDGE_CURVE('',#4286,#4285,#2156,.T.);
#5420=EDGE_CURVE('',#4287,#4286,#2157,.T.);
#5421=EDGE_CURVE('',#4181,#4287,#3572,.T.);
#5422=EDGE_CURVE('',#4279,#4288,#2158,.T.);
#5423=EDGE_CURVE('',#4288,#4289,#2159,.T.);
#5424=EDGE_CURVE('',#4280,#4289,#2160,.T.);
#5425=EDGE_CURVE('',#4277,#4290,#2161,.T.);
#5426=EDGE_CURVE('',#4283,#4290,#3573,.T.);
#5427=EDGE_CURVE('',#4282,#4288,#2162,.T.);
#5428=EDGE_CURVE('',#4291,#4291,#3574,.T.);
#5429=EDGE_CURVE('',#4292,#4293,#2163,.T.);
#5430=EDGE_CURVE('',#4195,#4293,#2164,.T.);
#5431=EDGE_CURVE('',#4294,#4194,#2165,.T.);
#5432=EDGE_CURVE('',#4295,#4294,#2166,.T.);
#5433=EDGE_CURVE('',#4296,#4295,#2167,.T.);
#5434=EDGE_CURVE('',#4297,#4296,#2168,.T.);
#5435=EDGE_CURVE('',#4298,#4297,#2169,.T.);
#5436=EDGE_CURVE('',#4299,#4298,#2170,.T.);
#5437=EDGE_CURVE('',#4287,#4299,#2171,.T.);
#5438=EDGE_CURVE('',#4286,#4300,#2172,.T.);
#5439=EDGE_CURVE('',#4300,#4301,#2173,.T.);
#5440=EDGE_CURVE('',#4301,#4302,#2174,.T.);
#5441=EDGE_CURVE('',#4302,#4303,#2175,.T.);
#5442=EDGE_CURVE('',#4303,#4292,#2176,.T.);
#5443=EDGE_CURVE('',#4293,#4174,#3575,.T.);
#5444=EDGE_CURVE('',#4173,#4195,#3576,.T.);
#5445=EDGE_CURVE('',#4289,#4178,#3577,.T.);
#5446=EDGE_CURVE('',#4303,#4304,#2177,.T.);
#5447=EDGE_CURVE('',#4305,#4304,#2178,.T.);
#5448=EDGE_CURVE('',#4305,#4292,#2179,.T.);
#5449=EDGE_CURVE('',#4304,#4302,#2180,.T.);
#5450=EDGE_CURVE('',#4306,#4285,#2181,.T.);
#5451=EDGE_CURVE('',#4306,#4300,#2182,.T.);
#5452=EDGE_CURVE('',#4301,#4306,#2183,.T.);
#5453=EDGE_CURVE('',#4307,#4284,#3578,.T.);
#5454=EDGE_CURVE('',#4305,#4307,#2184,.T.);
#5455=EDGE_CURVE('',#4308,#4308,#3579,.T.);
#5456=EDGE_CURVE('',#4309,#4309,#3580,.T.);
#5457=EDGE_CURVE('',#4309,#4308,#2185,.T.);
#5458=EDGE_CURVE('',#4310,#4310,#3581,.T.);
#5459=EDGE_CURVE('',#4310,#4291,#2186,.T.);
#5460=EDGE_CURVE('',#4290,#4307,#2187,.T.);
#5461=EDGE_CURVE('',#4107,#4311,#251,.T.);
#5462=EDGE_CURVE('',#4246,#4228,#3582,.T.);
#5463=EDGE_CURVE('',#4229,#4312,#2188,.T.);
#5464=EDGE_CURVE('',#4312,#4312,#3583,.T.);
#5465=EDGE_CURVE('',#4313,#4313,#3584,.T.);
#5466=EDGE_CURVE('',#4314,#4315,#3585,.T.);
#5467=EDGE_CURVE('',#4315,#4316,#252,.T.);
#5468=EDGE_CURVE('',#4316,#4315,#253,.T.);
#5469=EDGE_CURVE('',#4314,#4317,#254,.T.);
#5470=EDGE_CURVE('',#4317,#4314,#255,.T.);
#5471=EDGE_CURVE('',#4316,#4318,#2189,.T.);
#5472=EDGE_CURVE('',#4319,#4318,#3586,.T.);
#5473=EDGE_CURVE('',#4318,#4319,#3587,.T.);
#5474=EDGE_CURVE('',#4317,#4320,#3588,.T.);
#5475=EDGE_CURVE('',#4320,#4320,#3589,.T.);
#5476=EDGE_CURVE('',#4321,#4322,#3590,.T.);
#5477=EDGE_CURVE('',#4322,#4319,#3591,.T.);
#5478=EDGE_CURVE('',#4322,#4321,#3592,.T.);
#5479=EDGE_CURVE('',#4321,#4323,#2190,.T.);
#5480=EDGE_CURVE('',#4323,#4323,#3593,.T.);
#5481=EDGE_CURVE('',#4323,#4313,#2191,.T.);
#5482=EDGE_CURVE('',#4324,#4324,#3594,.T.);
#5483=EDGE_CURVE('',#4324,#4227,#3595,.T.);
#5484=EDGE_CURVE('',#4188,#4172,#3596,.T.);
#5485=EDGE_CURVE('',#4171,#4154,#42,.T.);
#5486=EDGE_CURVE('',#4186,#4325,#3597,.T.);
#5487=EDGE_CURVE('',#4325,#4276,#2192,.T.);
#5488=EDGE_CURVE('',#4326,#4327,#2193,.T.);
#5489=EDGE_CURVE('',#4327,#4186,#3598,.T.);
#5490=EDGE_CURVE('',#4185,#4326,#43,.T.);
#5491=EDGE_CURVE('',#4328,#4326,#2194,.T.);
#5492=EDGE_CURVE('',#4184,#4328,#44,.T.);
#5493=EDGE_CURVE('',#4183,#4329,#3599,.T.);
#5494=EDGE_CURVE('',#4329,#4328,#2195,.T.);
#5495=EDGE_CURVE('',#4327,#4325,#3600,.T.);
#5496=EDGE_CURVE('',#4330,#4183,#3601,.T.);
#5497=EDGE_CURVE('',#4182,#4331,#3602,.T.);
#5498=EDGE_CURVE('',#4331,#4330,#2196,.T.);
#5499=EDGE_CURVE('',#4330,#4329,#3603,.T.);
#5500=EDGE_CURVE('',#4299,#4182,#3604,.T.);
#5501=EDGE_CURVE('',#4299,#4331,#3605,.T.);
#5502=EDGE_CURVE('',#4192,#4173,#3606,.T.);
#5503=EDGE_CURVE('',#4172,#4191,#3607,.T.);
#5504=EDGE_CURVE('',#4332,#4325,#2197,.T.);
#5505=EDGE_CURVE('',#4333,#4332,#2198,.T.);
#5506=EDGE_CURVE('',#4334,#4333,#2199,.T.);
#5507=EDGE_CURVE('',#4335,#4334,#2200,.T.);
#5508=EDGE_CURVE('',#4276,#4335,#2201,.T.);
#5509=EDGE_CURVE('',#4327,#4336,#2202,.T.);
#5510=EDGE_CURVE('',#4336,#4332,#3608,.F.);
#5511=EDGE_CURVE('',#4326,#4337,#2203,.T.);
#5512=EDGE_CURVE('',#4336,#4337,#2204,.T.);
#5513=EDGE_CURVE('',#4328,#4338,#2205,.T.);
#5514=EDGE_CURVE('',#4337,#4338,#2206,.T.);
#5515=EDGE_CURVE('',#4339,#4329,#2207,.T.);
#5516=EDGE_CURVE('',#4338,#4339,#2208,.T.);
#5517=EDGE_CURVE('',#4330,#4340,#2209,.T.);
#5518=EDGE_CURVE('',#4340,#4339,#3609,.F.);
#5519=EDGE_CURVE('',#4341,#4331,#2210,.T.);
#5520=EDGE_CURVE('',#4340,#4341,#2211,.T.);
#5521=EDGE_CURVE('',#4298,#4341,#3610,.F.);
#5522=EDGE_CURVE('',#4342,#4206,#3611,.F.);
#5523=EDGE_CURVE('',#4201,#4342,#3612,.F.);
#5524=EDGE_CURVE('',#4342,#4343,#2212,.T.);
#5525=EDGE_CURVE('',#4343,#4203,#45,.T.);
#5526=EDGE_CURVE('',#4333,#4344,#3613,.F.);
#5527=EDGE_CURVE('',#4210,#4333,#3614,.F.);
#5528=EDGE_CURVE('',#4344,#4210,#3615,.F.);
#5529=EDGE_CURVE('',#4224,#4153,#46,.T.);
#5530=EDGE_CURVE('',#4332,#4211,#3616,.F.);
#5531=EDGE_CURVE('',#4211,#4336,#3617,.F.);
#5532=EDGE_CURVE('',#4190,#4223,#3618,.F.);
#5533=EDGE_CURVE('',#4223,#4189,#3619,.F.);
#5534=EDGE_CURVE('',#4194,#4222,#3620,.F.);
#5535=EDGE_CURVE('',#4222,#4193,#3621,.F.);
#5536=EDGE_CURVE('',#4294,#4345,#3622,.F.);
#5537=EDGE_CURVE('',#4221,#4294,#3623,.F.);
#5538=EDGE_CURVE('',#4345,#4221,#3624,.F.);
#5539=EDGE_CURVE('',#4339,#4214,#3625,.F.);
#5540=EDGE_CURVE('',#4214,#4340,#3626,.F.);
#5541=EDGE_CURVE('',#4297,#4216,#3627,.F.);
#5542=EDGE_CURVE('',#4346,#4297,#3628,.F.);
#5543=EDGE_CURVE('',#4216,#4346,#3629,.F.);
#5544=EDGE_CURVE('',#4347,#4346,#2213,.T.);
#5545=EDGE_CURVE('',#4296,#4347,#47,.T.);
#5546=EDGE_CURVE('',#4348,#4217,#3630,.T.);
#5547=EDGE_CURVE('',#4346,#4348,#2214,.T.);
#5548=EDGE_CURVE('',#4349,#4218,#3631,.T.);
#5549=EDGE_CURVE('',#4348,#4349,#3632,.T.);
#5550=EDGE_CURVE('',#4350,#4219,#3633,.T.);
#5551=EDGE_CURVE('',#4349,#4350,#2215,.T.);
#5552=EDGE_CURVE('',#4351,#4220,#3634,.T.);
#5553=EDGE_CURVE('',#4350,#4351,#3635,.T.);
#5554=EDGE_CURVE('',#4351,#4345,#2216,.T.);
#5555=EDGE_CURVE('',#4341,#4215,#3636,.F.);
#5556=EDGE_CURVE('',#4215,#4298,#3637,.F.);
#5557=EDGE_CURVE('',#4213,#4338,#48,.T.);
#5558=EDGE_CURVE('',#4345,#4352,#2217,.T.);
#5559=EDGE_CURVE('',#4352,#4295,#49,.T.);
#5560=EDGE_CURVE('',#4352,#4347,#2218,.T.);
#5561=EDGE_CURVE('',#4212,#4337,#50,.T.);
#5562=EDGE_CURVE('',#4353,#4209,#3638,.T.);
#5563=EDGE_CURVE('',#4202,#4353,#3639,.T.);
#5564=EDGE_CURVE('',#4353,#4344,#2219,.T.);
#5565=EDGE_CURVE('',#4344,#4354,#2220,.T.);
#5566=EDGE_CURVE('',#4354,#4334,#51,.T.);
#5567=EDGE_CURVE('',#4198,#4342,#2221,.T.);
#5568=EDGE_CURVE('',#4354,#4355,#2222,.T.);
#5569=EDGE_CURVE('',#4355,#4335,#52,.T.);
#5570=EDGE_CURVE('',#4168,#4356,#2223,.T.);
#5571=EDGE_CURVE('',#4356,#4207,#3640,.T.);
#5572=EDGE_CURVE('',#4357,#4208,#3641,.T.);
#5573=EDGE_CURVE('',#4356,#4357,#3642,.T.);
#5574=EDGE_CURVE('',#4357,#4199,#2224,.T.);
#5575=EDGE_CURVE('',#4343,#4335,#2225,.T.);
#5576=EDGE_CURVE('',#4355,#4203,#2226,.T.);
#5577=EDGE_CURVE('',#4358,#4204,#3643,.T.);
#5578=EDGE_CURVE('',#4358,#4353,#2227,.T.);
#5579=EDGE_CURVE('',#4359,#4349,#2228,.T.);
#5580=EDGE_CURVE('',#4359,#4360,#2229,.T.);
#5581=EDGE_CURVE('',#4350,#4360,#2230,.T.);
#5582=EDGE_CURVE('',#4348,#4361,#2231,.T.);
#5583=EDGE_CURVE('',#4359,#4361,#3644,.T.);
#5584=EDGE_CURVE('',#4347,#4361,#2232,.T.);
#5585=EDGE_CURVE('',#4362,#4197,#2233,.T.);
#5586=EDGE_CURVE('',#4362,#4357,#2234,.T.);
#5587=EDGE_CURVE('',#4356,#4363,#2235,.T.);
#5588=EDGE_CURVE('',#4362,#4363,#3645,.T.);
#5589=EDGE_CURVE('',#4364,#4360,#3646,.T.);
#5590=EDGE_CURVE('',#4364,#4351,#2236,.T.);
#5591=EDGE_CURVE('',#4169,#4363,#2237,.T.);
#5592=EDGE_CURVE('',#4364,#4352,#2238,.T.);
#5593=EDGE_CURVE('',#4358,#4354,#2239,.T.);
#5594=EDGE_CURVE('',#4225,#4365,#3647,.T.);
#5595=EDGE_CURVE('',#4365,#4365,#3648,.T.);
#5596=EDGE_CURVE('',#4365,#4366,#2240,.T.);
#5597=EDGE_CURVE('',#4366,#4366,#3649,.T.);
#5598=EDGE_CURVE('',#4226,#4367,#3650,.T.);
#5599=EDGE_CURVE('',#4367,#4367,#3651,.T.);
#5600=EDGE_CURVE('',#4367,#4368,#2241,.T.);
#5601=EDGE_CURVE('',#4368,#4368,#3652,.T.);
#5602=EDGE_CURVE('',#4369,#4370,#3653,.T.);
#5603=EDGE_CURVE('',#4370,#4371,#2242,.T.);
#5604=EDGE_CURVE('',#4371,#4372,#3654,.T.);
#5605=EDGE_CURVE('',#4372,#4369,#2243,.T.);
#5606=EDGE_CURVE('',#4370,#4373,#2244,.T.);
#5607=EDGE_CURVE('',#4373,#4374,#2245,.T.);
#5608=EDGE_CURVE('',#4374,#4375,#2246,.T.);
#5609=EDGE_CURVE('',#4376,#4375,#2247,.T.);
#5610=EDGE_CURVE('',#4376,#4377,#2248,.T.);
#5611=EDGE_CURVE('',#4377,#4378,#2249,.T.);
#5612=EDGE_CURVE('',#4371,#4378,#2250,.T.);
#5613=EDGE_CURVE('',#4379,#4380,#3655,.T.);
#5614=EDGE_CURVE('',#4380,#4381,#2251,.T.);
#5615=EDGE_CURVE('',#4381,#4382,#3656,.T.);
#5616=EDGE_CURVE('',#4382,#4379,#2252,.T.);
#5617=EDGE_CURVE('',#4383,#4379,#2253,.T.);
#5618=EDGE_CURVE('',#4383,#4373,#2254,.T.);
#5619=EDGE_CURVE('',#4369,#4384,#2255,.T.);
#5620=EDGE_CURVE('',#4384,#4385,#2256,.T.);
#5621=EDGE_CURVE('',#4380,#4385,#2257,.T.);
#5622=EDGE_CURVE('',#4386,#4382,#2258,.T.);
#5623=EDGE_CURVE('',#4386,#4387,#2259,.T.);
#5624=EDGE_CURVE('',#4387,#4388,#2260,.T.);
#5625=EDGE_CURVE('',#4389,#4388,#2261,.T.);
#5626=EDGE_CURVE('',#4389,#4390,#2262,.T.);
#5627=EDGE_CURVE('',#4390,#4383,#2263,.T.);
#5628=EDGE_CURVE('',#4388,#4376,#2264,.T.);
#5629=EDGE_CURVE('',#4387,#4377,#2265,.T.);
#5630=EDGE_CURVE('',#4378,#4386,#2266,.T.);
#5631=EDGE_CURVE('',#4390,#4374,#2267,.T.);
#5632=EDGE_CURVE('',#4375,#4389,#2268,.T.);
#5633=EDGE_CURVE('',#4391,#4391,#3657,.T.);
#5634=EDGE_CURVE('',#4391,#4392,#2269,.T.);
#5635=EDGE_CURVE('',#4392,#4392,#3658,.T.);
#5636=EDGE_CURVE('',#4393,#4394,#2270,.T.);
#5637=EDGE_CURVE('',#4393,#4395,#2271,.T.);
#5638=EDGE_CURVE('',#4396,#4395,#2272,.T.);
#5639=EDGE_CURVE('',#4394,#4396,#2273,.T.);
#5640=EDGE_CURVE('',#4394,#4384,#2274,.T.);
#5641=EDGE_CURVE('',#4385,#4396,#2275,.T.);
#5642=EDGE_CURVE('',#4397,#4381,#2276,.T.);
#5643=EDGE_CURVE('',#4398,#4397,#2277,.T.);
#5644=EDGE_CURVE('',#4372,#4398,#2278,.T.);
#5645=EDGE_CURVE('',#4393,#4398,#2279,.T.);
#5646=EDGE_CURVE('',#4395,#4397,#2280,.T.);
#5647=EDGE_CURVE('',#4399,#4400,#3659,.T.);
#5648=EDGE_CURVE('',#4400,#4401,#2281,.T.);
#5649=EDGE_CURVE('',#4401,#4402,#3660,.T.);
#5650=EDGE_CURVE('',#4402,#4399,#2282,.T.);
#5651=EDGE_CURVE('',#4400,#4403,#2283,.T.);
#5652=EDGE_CURVE('',#4403,#4404,#2284,.T.);
#5653=EDGE_CURVE('',#4404,#4405,#2285,.T.);
#5654=EDGE_CURVE('',#4406,#4405,#2286,.T.);
#5655=EDGE_CURVE('',#4406,#4407,#2287,.T.);
#5656=EDGE_CURVE('',#4407,#4408,#2288,.T.);
#5657=EDGE_CURVE('',#4401,#4408,#2289,.T.);
#5658=EDGE_CURVE('',#4409,#4410,#3661,.T.);
#5659=EDGE_CURVE('',#4410,#4411,#2290,.T.);
#5660=EDGE_CURVE('',#4411,#4412,#3662,.T.);
#5661=EDGE_CURVE('',#4412,#4409,#2291,.T.);
#5662=EDGE_CURVE('',#4410,#4413,#2292,.T.);
#5663=EDGE_CURVE('',#4413,#4414,#2293,.T.);
#5664=EDGE_CURVE('',#4414,#4415,#2294,.T.);
#5665=EDGE_CURVE('',#4415,#4416,#2295,.T.);
#5666=EDGE_CURVE('',#4416,#4411,#2296,.T.);
#5667=EDGE_CURVE('',#4417,#4417,#3663,.T.);
#5668=EDGE_CURVE('',#4418,#4409,#2297,.T.);
#5669=EDGE_CURVE('',#4418,#4403,#2298,.T.);
#5670=EDGE_CURVE('',#4399,#4419,#2299,.T.);
#5671=EDGE_CURVE('',#4419,#4413,#2300,.T.);
#5672=EDGE_CURVE('',#4420,#4418,#2301,.T.);
#5673=EDGE_CURVE('',#4420,#4404,#2302,.T.);
#5674=EDGE_CURVE('',#4405,#4421,#2303,.T.);
#5675=EDGE_CURVE('',#4421,#4420,#2304,.T.);
#5676=EDGE_CURVE('',#4422,#4406,#2305,.T.);
#5677=EDGE_CURVE('',#4423,#4422,#2306,.T.);
#5678=EDGE_CURVE('',#4423,#4407,#2307,.T.);
#5679=EDGE_CURVE('',#4408,#4424,#2308,.T.);
#5680=EDGE_CURVE('',#4424,#4423,#2309,.T.);
#5681=EDGE_CURVE('',#4421,#4422,#2310,.T.);
#5682=EDGE_CURVE('',#4417,#4425,#2311,.T.);
#5683=EDGE_CURVE('',#4425,#4425,#3664,.T.);
#5684=EDGE_CURVE('',#4426,#4427,#2312,.T.);
#5685=EDGE_CURVE('',#4426,#4415,#2313,.T.);
#5686=EDGE_CURVE('',#4427,#4414,#2314,.T.);
#5687=EDGE_CURVE('',#4427,#4419,#2315,.T.);
#5688=EDGE_CURVE('',#4424,#4412,#2316,.T.);
#5689=EDGE_CURVE('',#4428,#4416,#2317,.T.);
#5690=EDGE_CURVE('',#4402,#4428,#2318,.T.);
#5691=EDGE_CURVE('',#4426,#4428,#2319,.T.);
#5692=EDGE_CURVE('',#4429,#4430,#3665,.T.);
#5693=EDGE_CURVE('',#4430,#4431,#2320,.T.);
#5694=EDGE_CURVE('',#4431,#4432,#3666,.T.);
#5695=EDGE_CURVE('',#4432,#4429,#2321,.T.);
#5696=EDGE_CURVE('',#4430,#4433,#2322,.T.);
#5697=EDGE_CURVE('',#4433,#4434,#2323,.T.);
#5698=EDGE_CURVE('',#4434,#4435,#2324,.T.);
#5699=EDGE_CURVE('',#4436,#4435,#2325,.T.);
#5700=EDGE_CURVE('',#4436,#4437,#2326,.T.);
#5701=EDGE_CURVE('',#4437,#4438,#2327,.T.);
#5702=EDGE_CURVE('',#4431,#4438,#2328,.T.);
#5703=EDGE_CURVE('',#4439,#4440,#3667,.T.);
#5704=EDGE_CURVE('',#4440,#4441,#2329,.T.);
#5705=EDGE_CURVE('',#4441,#4442,#3668,.T.);
#5706=EDGE_CURVE('',#4442,#4439,#2330,.T.);
#5707=EDGE_CURVE('',#4443,#4439,#2331,.T.);
#5708=EDGE_CURVE('',#4443,#4433,#2332,.T.);
#5709=EDGE_CURVE('',#4429,#4444,#2333,.T.);
#5710=EDGE_CURVE('',#4444,#4445,#2334,.T.);
#5711=EDGE_CURVE('',#4440,#4445,#2335,.T.);
#5712=EDGE_CURVE('',#4446,#4442,#2336,.T.);
#5713=EDGE_CURVE('',#4446,#4447,#2337,.T.);
#5714=EDGE_CURVE('',#4447,#4448,#2338,.T.);
#5715=EDGE_CURVE('',#4449,#4448,#2339,.T.);
#5716=EDGE_CURVE('',#4449,#4450,#2340,.T.);
#5717=EDGE_CURVE('',#4450,#4443,#2341,.T.);
#5718=EDGE_CURVE('',#4448,#4436,#2342,.T.);
#5719=EDGE_CURVE('',#4447,#4437,#2343,.T.);
#5720=EDGE_CURVE('',#4438,#4446,#2344,.T.);
#5721=EDGE_CURVE('',#4450,#4434,#2345,.T.);
#5722=EDGE_CURVE('',#4435,#4449,#2346,.T.);
#5723=EDGE_CURVE('',#4451,#4451,#3669,.T.);
#5724=EDGE_CURVE('',#4451,#4452,#2347,.T.);
#5725=EDGE_CURVE('',#4452,#4452,#3670,.T.);
#5726=EDGE_CURVE('',#4453,#4454,#2348,.T.);
#5727=EDGE_CURVE('',#4453,#4455,#2349,.T.);
#5728=EDGE_CURVE('',#4456,#4455,#2350,.T.);
#5729=EDGE_CURVE('',#4454,#4456,#2351,.T.);
#5730=EDGE_CURVE('',#4454,#4444,#2352,.T.);
#5731=EDGE_CURVE('',#4445,#4456,#2353,.T.);
#5732=EDGE_CURVE('',#4457,#4441,#2354,.T.);
#5733=EDGE_CURVE('',#4458,#4457,#2355,.T.);
#5734=EDGE_CURVE('',#4432,#4458,#2356,.T.);
#5735=EDGE_CURVE('',#4453,#4458,#2357,.T.);
#5736=EDGE_CURVE('',#4455,#4457,#2358,.T.);
#5737=EDGE_CURVE('',#4459,#4460,#3671,.T.);
#5738=EDGE_CURVE('',#4460,#4461,#2359,.T.);
#5739=EDGE_CURVE('',#4461,#4462,#3672,.T.);
#5740=EDGE_CURVE('',#4462,#4459,#2360,.T.);
#5741=EDGE_CURVE('',#4460,#4463,#2361,.T.);
#5742=EDGE_CURVE('',#4463,#4464,#2362,.T.);
#5743=EDGE_CURVE('',#4464,#4465,#2363,.T.);
#5744=EDGE_CURVE('',#4466,#4465,#2364,.T.);
#5745=EDGE_CURVE('',#4466,#4467,#2365,.T.);
#5746=EDGE_CURVE('',#4467,#4468,#2366,.T.);
#5747=EDGE_CURVE('',#4461,#4468,#2367,.T.);
#5748=EDGE_CURVE('',#4469,#4470,#3673,.T.);
#5749=EDGE_CURVE('',#4470,#4471,#2368,.T.);
#5750=EDGE_CURVE('',#4471,#4472,#3674,.T.);
#5751=EDGE_CURVE('',#4472,#4469,#2369,.T.);
#5752=EDGE_CURVE('',#4470,#4473,#2370,.T.);
#5753=EDGE_CURVE('',#4473,#4474,#2371,.T.);
#5754=EDGE_CURVE('',#4474,#4475,#2372,.T.);
#5755=EDGE_CURVE('',#4475,#4476,#2373,.T.);
#5756=EDGE_CURVE('',#4476,#4471,#2374,.T.);
#5757=EDGE_CURVE('',#4477,#4477,#3675,.T.);
#5758=EDGE_CURVE('',#4478,#4469,#2375,.T.);
#5759=EDGE_CURVE('',#4478,#4463,#2376,.T.);
#5760=EDGE_CURVE('',#4459,#4479,#2377,.T.);
#5761=EDGE_CURVE('',#4479,#4473,#2378,.T.);
#5762=EDGE_CURVE('',#4480,#4478,#2379,.T.);
#5763=EDGE_CURVE('',#4480,#4464,#2380,.T.);
#5764=EDGE_CURVE('',#4465,#4481,#2381,.T.);
#5765=EDGE_CURVE('',#4481,#4480,#2382,.T.);
#5766=EDGE_CURVE('',#4482,#4466,#2383,.T.);
#5767=EDGE_CURVE('',#4483,#4482,#2384,.T.);
#5768=EDGE_CURVE('',#4483,#4467,#2385,.T.);
#5769=EDGE_CURVE('',#4468,#4484,#2386,.T.);
#5770=EDGE_CURVE('',#4484,#4483,#2387,.T.);
#5771=EDGE_CURVE('',#4481,#4482,#2388,.T.);
#5772=EDGE_CURVE('',#4462,#4485,#2389,.T.);
#5773=EDGE_CURVE('',#4486,#4485,#2390,.T.);
#5774=EDGE_CURVE('',#4486,#4487,#2391,.T.);
#5775=EDGE_CURVE('',#4487,#4479,#2392,.T.);
#5776=EDGE_CURVE('',#4488,#4488,#3676,.T.);
#5777=EDGE_CURVE('',#4477,#4488,#2393,.T.);
#5778=EDGE_CURVE('',#4487,#4474,#2394,.T.);
#5779=EDGE_CURVE('',#4484,#4472,#2395,.T.);
#5780=EDGE_CURVE('',#4485,#4476,#2396,.T.);
#5781=EDGE_CURVE('',#4486,#4475,#2397,.T.);
#5782=EDGE_CURVE('',#4489,#4490,#3677,.T.);
#5783=EDGE_CURVE('',#4490,#4491,#2398,.T.);
#5784=EDGE_CURVE('',#4491,#4492,#3678,.T.);
#5785=EDGE_CURVE('',#4492,#4489,#2399,.T.);
#5786=EDGE_CURVE('',#4490,#4493,#2400,.T.);
#5787=EDGE_CURVE('',#4493,#4494,#2401,.T.);
#5788=EDGE_CURVE('',#4494,#4495,#2402,.T.);
#5789=EDGE_CURVE('',#4496,#4495,#2403,.T.);
#5790=EDGE_CURVE('',#4496,#4497,#2404,.T.);
#5791=EDGE_CURVE('',#4497,#4498,#2405,.T.);
#5792=EDGE_CURVE('',#4491,#4498,#2406,.T.);
#5793=EDGE_CURVE('',#4499,#4500,#3679,.T.);
#5794=EDGE_CURVE('',#4500,#4501,#2407,.T.);
#5795=EDGE_CURVE('',#4501,#4502,#3680,.T.);
#5796=EDGE_CURVE('',#4502,#4499,#2408,.T.);
#5797=EDGE_CURVE('',#4500,#4503,#2409,.T.);
#5798=EDGE_CURVE('',#4503,#4504,#2410,.T.);
#5799=EDGE_CURVE('',#4504,#4505,#2411,.T.);
#5800=EDGE_CURVE('',#4505,#4506,#2412,.T.);
#5801=EDGE_CURVE('',#4506,#4501,#2413,.T.);
#5802=EDGE_CURVE('',#4507,#4507,#3681,.T.);
#5803=EDGE_CURVE('',#4508,#4499,#2414,.T.);
#5804=EDGE_CURVE('',#4508,#4493,#2415,.T.);
#5805=EDGE_CURVE('',#4489,#4509,#2416,.T.);
#5806=EDGE_CURVE('',#4509,#4503,#2417,.T.);
#5807=EDGE_CURVE('',#4510,#4508,#2418,.T.);
#5808=EDGE_CURVE('',#4510,#4494,#2419,.T.);
#5809=EDGE_CURVE('',#4495,#4511,#2420,.T.);
#5810=EDGE_CURVE('',#4511,#4510,#2421,.T.);
#5811=EDGE_CURVE('',#4512,#4496,#2422,.T.);
#5812=EDGE_CURVE('',#4513,#4512,#2423,.T.);
#5813=EDGE_CURVE('',#4513,#4497,#2424,.T.);
#5814=EDGE_CURVE('',#4498,#4514,#2425,.T.);
#5815=EDGE_CURVE('',#4514,#4513,#2426,.T.);
#5816=EDGE_CURVE('',#4511,#4512,#2427,.T.);
#5817=EDGE_CURVE('',#4507,#4515,#2428,.T.);
#5818=EDGE_CURVE('',#4515,#4515,#3682,.T.);
#5819=EDGE_CURVE('',#4516,#4517,#2429,.T.);
#5820=EDGE_CURVE('',#4516,#4505,#2430,.T.);
#5821=EDGE_CURVE('',#4517,#4504,#2431,.T.);
#5822=EDGE_CURVE('',#4517,#4509,#2432,.T.);
#5823=EDGE_CURVE('',#4514,#4502,#2433,.T.);
#5824=EDGE_CURVE('',#4518,#4506,#2434,.T.);
#5825=EDGE_CURVE('',#4492,#4518,#2435,.T.);
#5826=EDGE_CURVE('',#4516,#4518,#2436,.T.);
#5827=EDGE_CURVE('',#4519,#4520,#3683,.T.);
#5828=EDGE_CURVE('',#4520,#4521,#2437,.T.);
#5829=EDGE_CURVE('',#4521,#4522,#3684,.T.);
#5830=EDGE_CURVE('',#4522,#4519,#2438,.T.);
#5831=EDGE_CURVE('',#4520,#4523,#2439,.T.);
#5832=EDGE_CURVE('',#4523,#4524,#2440,.T.);
#5833=EDGE_CURVE('',#4524,#4525,#2441,.T.);
#5834=EDGE_CURVE('',#4526,#4525,#2442,.T.);
#5835=EDGE_CURVE('',#4526,#4527,#2443,.T.);
#5836=EDGE_CURVE('',#4527,#4528,#2444,.T.);
#5837=EDGE_CURVE('',#4521,#4528,#2445,.T.);
#5838=EDGE_CURVE('',#4529,#4530,#3685,.T.);
#5839=EDGE_CURVE('',#4530,#4531,#2446,.T.);
#5840=EDGE_CURVE('',#4531,#4532,#3686,.T.);
#5841=EDGE_CURVE('',#4532,#4529,#2447,.T.);
#5842=EDGE_CURVE('',#4533,#4529,#2448,.T.);
#5843=EDGE_CURVE('',#4533,#4523,#2449,.T.);
#5844=EDGE_CURVE('',#4519,#4534,#2450,.T.);
#5845=EDGE_CURVE('',#4534,#4535,#2451,.T.);
#5846=EDGE_CURVE('',#4530,#4535,#2452,.T.);
#5847=EDGE_CURVE('',#4536,#4532,#2453,.T.);
#5848=EDGE_CURVE('',#4536,#4537,#2454,.T.);
#5849=EDGE_CURVE('',#4537,#4538,#2455,.T.);
#5850=EDGE_CURVE('',#4539,#4538,#2456,.T.);
#5851=EDGE_CURVE('',#4539,#4540,#2457,.T.);
#5852=EDGE_CURVE('',#4540,#4533,#2458,.T.);
#5853=EDGE_CURVE('',#4538,#4526,#2459,.T.);
#5854=EDGE_CURVE('',#4537,#4527,#2460,.T.);
#5855=EDGE_CURVE('',#4528,#4536,#2461,.T.);
#5856=EDGE_CURVE('',#4540,#4524,#2462,.T.);
#5857=EDGE_CURVE('',#4525,#4539,#2463,.T.);
#5858=EDGE_CURVE('',#4541,#4541,#3687,.T.);
#5859=EDGE_CURVE('',#4541,#4542,#2464,.T.);
#5860=EDGE_CURVE('',#4542,#4542,#3688,.T.);
#5861=EDGE_CURVE('',#4543,#4544,#2465,.T.);
#5862=EDGE_CURVE('',#4543,#4545,#2466,.T.);
#5863=EDGE_CURVE('',#4546,#4545,#2467,.T.);
#5864=EDGE_CURVE('',#4544,#4546,#2468,.T.);
#5865=EDGE_CURVE('',#4544,#4534,#2469,.T.);
#5866=EDGE_CURVE('',#4535,#4546,#2470,.T.);
#5867=EDGE_CURVE('',#4547,#4531,#2471,.T.);
#5868=EDGE_CURVE('',#4548,#4547,#2472,.T.);
#5869=EDGE_CURVE('',#4522,#4548,#2473,.T.);
#5870=EDGE_CURVE('',#4543,#4548,#2474,.T.);
#5871=EDGE_CURVE('',#4545,#4547,#2475,.T.);
#5872=EDGE_CURVE('',#4549,#4549,#3689,.T.);
#5873=EDGE_CURVE('',#4549,#4550,#3690,.T.);
#5874=EDGE_CURVE('',#4550,#4550,#3691,.T.);
#5875=EDGE_CURVE('',#4551,#4551,#3692,.T.);
#5876=EDGE_CURVE('',#4551,#4552,#3693,.T.);
#5877=EDGE_CURVE('',#4552,#4552,#3694,.T.);
#5878=EDGE_CURVE('',#4553,#4553,#3695,.T.);
#5879=EDGE_CURVE('',#4553,#4554,#3696,.T.);
#5880=EDGE_CURVE('',#4554,#4554,#3697,.T.);
#5881=EDGE_CURVE('',#4555,#4555,#3698,.T.);
#5882=EDGE_CURVE('',#4555,#4556,#3699,.T.);
#5883=EDGE_CURVE('',#4556,#4556,#3700,.T.);
#5884=EDGE_CURVE('',#4557,#4557,#3701,.T.);
#5885=EDGE_CURVE('',#4557,#4558,#3702,.T.);
#5886=EDGE_CURVE('',#4558,#4558,#3703,.T.);
#5887=EDGE_CURVE('',#4559,#4559,#3704,.T.);
#5888=EDGE_CURVE('',#4559,#4560,#3705,.T.);
#5889=EDGE_CURVE('',#4560,#4560,#3706,.T.);
#5890=ORIENTED_EDGE('',*,*,#4561,.T.);
#5891=ORIENTED_EDGE('',*,*,#4562,.T.);
#5892=ORIENTED_EDGE('',*,*,#4563,.T.);
#5893=ORIENTED_EDGE('',*,*,#4564,.T.);
#5894=ORIENTED_EDGE('',*,*,#4562,.F.);
#5895=ORIENTED_EDGE('',*,*,#4565,.T.);
#5896=ORIENTED_EDGE('',*,*,#4566,.F.);
#5897=ORIENTED_EDGE('',*,*,#4567,.T.);
#5898=ORIENTED_EDGE('',*,*,#4561,.F.);
#5899=ORIENTED_EDGE('',*,*,#4568,.F.);
#5900=ORIENTED_EDGE('',*,*,#4569,.F.);
#5901=ORIENTED_EDGE('',*,*,#4570,.T.);
#5902=ORIENTED_EDGE('',*,*,#4571,.F.);
#5903=ORIENTED_EDGE('',*,*,#4565,.F.);
#5904=ORIENTED_EDGE('',*,*,#4572,.T.);
#5905=ORIENTED_EDGE('',*,*,#4566,.T.);
#5906=ORIENTED_EDGE('',*,*,#4571,.T.);
#5907=ORIENTED_EDGE('',*,*,#4573,.T.);
#5908=ORIENTED_EDGE('',*,*,#4573,.F.);
#5909=ORIENTED_EDGE('',*,*,#4570,.F.);
#5910=ORIENTED_EDGE('',*,*,#4574,.F.);
#5911=ORIENTED_EDGE('',*,*,#4575,.F.);
#5912=ORIENTED_EDGE('',*,*,#4576,.F.);
#5913=ORIENTED_EDGE('',*,*,#4577,.T.);
#5914=ORIENTED_EDGE('',*,*,#4578,.T.);
#5915=ORIENTED_EDGE('',*,*,#4579,.T.);
#5916=ORIENTED_EDGE('',*,*,#4580,.T.);
#5917=ORIENTED_EDGE('',*,*,#4581,.T.);
#5918=ORIENTED_EDGE('',*,*,#4579,.F.);
#5919=ORIENTED_EDGE('',*,*,#4582,.T.);
#5920=ORIENTED_EDGE('',*,*,#4583,.F.);
#5921=ORIENTED_EDGE('',*,*,#4584,.T.);
#5922=ORIENTED_EDGE('',*,*,#4578,.F.);
#5923=ORIENTED_EDGE('',*,*,#4585,.T.);
#5924=ORIENTED_EDGE('',*,*,#4586,.F.);
#5925=ORIENTED_EDGE('',*,*,#4587,.F.);
#5926=ORIENTED_EDGE('',*,*,#4588,.T.);
#5927=ORIENTED_EDGE('',*,*,#4589,.F.);
#5928=ORIENTED_EDGE('',*,*,#4582,.F.);
#5929=ORIENTED_EDGE('',*,*,#4590,.T.);
#5930=ORIENTED_EDGE('',*,*,#4583,.T.);
#5931=ORIENTED_EDGE('',*,*,#4589,.T.);
#5932=ORIENTED_EDGE('',*,*,#4591,.T.);
#5933=ORIENTED_EDGE('',*,*,#4591,.F.);
#5934=ORIENTED_EDGE('',*,*,#4588,.F.);
#5935=ORIENTED_EDGE('',*,*,#4592,.F.);
#5936=ORIENTED_EDGE('',*,*,#4593,.F.);
#5937=ORIENTED_EDGE('',*,*,#4594,.F.);
#5938=ORIENTED_EDGE('',*,*,#4595,.T.);
#5939=ORIENTED_EDGE('',*,*,#4596,.T.);
#5940=ORIENTED_EDGE('',*,*,#4597,.T.);
#5941=ORIENTED_EDGE('',*,*,#4598,.T.);
#5942=ORIENTED_EDGE('',*,*,#4599,.T.);
#5943=ORIENTED_EDGE('',*,*,#4599,.F.);
#5944=ORIENTED_EDGE('',*,*,#4600,.F.);
#5945=ORIENTED_EDGE('',*,*,#4601,.F.);
#5946=ORIENTED_EDGE('',*,*,#4602,.F.);
#5947=ORIENTED_EDGE('',*,*,#4603,.F.);
#5948=ORIENTED_EDGE('',*,*,#4604,.T.);
#5949=ORIENTED_EDGE('',*,*,#4605,.T.);
#5950=ORIENTED_EDGE('',*,*,#4598,.F.);
#5951=ORIENTED_EDGE('',*,*,#4606,.F.);
#5952=ORIENTED_EDGE('',*,*,#4607,.F.);
#5953=ORIENTED_EDGE('',*,*,#4608,.F.);
#5954=ORIENTED_EDGE('',*,*,#4609,.F.);
#5955=ORIENTED_EDGE('',*,*,#4600,.T.);
#5956=ORIENTED_EDGE('',*,*,#4607,.T.);
#5957=ORIENTED_EDGE('',*,*,#4610,.T.);
#5958=ORIENTED_EDGE('',*,*,#4611,.T.);
#5959=ORIENTED_EDGE('',*,*,#4612,.T.);
#5960=ORIENTED_EDGE('',*,*,#4612,.F.);
#5961=ORIENTED_EDGE('',*,*,#4613,.F.);
#5962=ORIENTED_EDGE('',*,*,#4614,.F.);
#5963=ORIENTED_EDGE('',*,*,#4615,.F.);
#5964=ORIENTED_EDGE('',*,*,#4616,.T.);
#5965=ORIENTED_EDGE('',*,*,#4617,.F.);
#5966=ORIENTED_EDGE('',*,*,#4608,.T.);
#5967=ORIENTED_EDGE('',*,*,#4596,.F.);
#5968=ORIENTED_EDGE('',*,*,#4605,.F.);
#5969=ORIENTED_EDGE('',*,*,#4618,.F.);
#5970=ORIENTED_EDGE('',*,*,#4613,.T.);
#5971=ORIENTED_EDGE('',*,*,#4611,.F.);
#5972=ORIENTED_EDGE('',*,*,#4619,.F.);
#5973=ORIENTED_EDGE('',*,*,#4601,.T.);
#5974=ORIENTED_EDGE('',*,*,#4609,.T.);
#5975=ORIENTED_EDGE('',*,*,#4617,.T.);
#5976=ORIENTED_EDGE('',*,*,#4620,.T.);
#5977=ORIENTED_EDGE('',*,*,#4597,.F.);
#5978=ORIENTED_EDGE('',*,*,#4619,.T.);
#5979=ORIENTED_EDGE('',*,*,#4610,.F.);
#5980=ORIENTED_EDGE('',*,*,#4606,.T.);
#5981=ORIENTED_EDGE('',*,*,#4615,.T.);
#5982=ORIENTED_EDGE('',*,*,#4621,.T.);
#5983=ORIENTED_EDGE('',*,*,#4622,.F.);
#5984=ORIENTED_EDGE('',*,*,#4623,.T.);
#5985=ORIENTED_EDGE('',*,*,#4624,.F.);
#5986=ORIENTED_EDGE('',*,*,#4625,.T.);
#5987=ORIENTED_EDGE('',*,*,#4576,.T.);
#5988=ORIENTED_EDGE('',*,*,#4626,.T.);
#5989=ORIENTED_EDGE('',*,*,#4592,.T.);
#5990=ORIENTED_EDGE('',*,*,#4587,.T.);
#5991=ORIENTED_EDGE('',*,*,#4627,.T.);
#5992=ORIENTED_EDGE('',*,*,#4628,.T.);
#5993=ORIENTED_EDGE('',*,*,#4629,.T.);
#5994=ORIENTED_EDGE('',*,*,#4630,.F.);
#5995=ORIENTED_EDGE('',*,*,#4631,.T.);
#5996=ORIENTED_EDGE('',*,*,#4632,.T.);
#5997=ORIENTED_EDGE('',*,*,#4627,.F.);
#5998=ORIENTED_EDGE('',*,*,#4586,.T.);
#5999=ORIENTED_EDGE('',*,*,#4574,.T.);
#6000=ORIENTED_EDGE('',*,*,#4569,.T.);
#6001=ORIENTED_EDGE('',*,*,#4633,.T.);
#6002=ORIENTED_EDGE('',*,*,#4634,.T.);
#6003=ORIENTED_EDGE('',*,*,#4635,.T.);
#6004=ORIENTED_EDGE('',*,*,#4636,.T.);
#6005=ORIENTED_EDGE('',*,*,#4637,.T.);
#6006=ORIENTED_EDGE('',*,*,#4638,.F.);
#6007=ORIENTED_EDGE('',*,*,#4594,.T.);
#6008=ORIENTED_EDGE('',*,*,#4639,.T.);
#6009=ORIENTED_EDGE('',*,*,#4640,.T.);
#6010=ORIENTED_EDGE('',*,*,#4636,.F.);
#6011=ORIENTED_EDGE('',*,*,#4641,.T.);
#6012=ORIENTED_EDGE('',*,*,#4642,.T.);
#6013=ORIENTED_EDGE('',*,*,#4643,.T.);
#6014=ORIENTED_EDGE('',*,*,#4632,.F.);
#6015=ORIENTED_EDGE('',*,*,#4635,.F.);
#6016=ORIENTED_EDGE('',*,*,#4644,.F.);
#6017=ORIENTED_EDGE('',*,*,#4645,.F.);
#6018=ORIENTED_EDGE('',*,*,#4646,.T.);
#6019=ORIENTED_EDGE('',*,*,#4647,.T.);
#6020=ORIENTED_EDGE('',*,*,#4648,.F.);
#6021=ORIENTED_EDGE('',*,*,#4641,.F.);
#6022=ORIENTED_EDGE('',*,*,#4634,.F.);
#6023=ORIENTED_EDGE('',*,*,#4649,.F.);
#6024=ORIENTED_EDGE('',*,*,#4650,.F.);
#6025=ORIENTED_EDGE('',*,*,#4644,.T.);
#6026=ORIENTED_EDGE('',*,*,#4564,.F.);
#6027=ORIENTED_EDGE('',*,*,#4651,.F.);
#6028=ORIENTED_EDGE('',*,*,#4624,.T.);
#6029=ORIENTED_EDGE('',*,*,#4652,.F.);
#6030=ORIENTED_EDGE('',*,*,#4629,.F.);
#6031=ORIENTED_EDGE('',*,*,#4653,.F.);
#6032=ORIENTED_EDGE('',*,*,#4654,.F.);
#6033=ORIENTED_EDGE('',*,*,#4655,.F.);
#6034=ORIENTED_EDGE('',*,*,#4656,.T.);
#6035=ORIENTED_EDGE('',*,*,#4657,.F.);
#6036=ORIENTED_EDGE('',*,*,#4649,.T.);
#6037=ORIENTED_EDGE('',*,*,#4633,.F.);
#6038=ORIENTED_EDGE('',*,*,#4568,.T.);
#6039=ORIENTED_EDGE('',*,*,#4581,.F.);
#6040=ORIENTED_EDGE('',*,*,#4658,.F.);
#6041=ORIENTED_EDGE('',*,*,#4637,.F.);
#6042=ORIENTED_EDGE('',*,*,#4640,.F.);
#6043=ORIENTED_EDGE('',*,*,#4631,.F.);
#6044=ORIENTED_EDGE('',*,*,#4585,.F.);
#6045=ORIENTED_EDGE('',*,*,#4580,.F.);
#6046=ORIENTED_EDGE('',*,*,#4584,.F.);
#6047=ORIENTED_EDGE('',*,*,#4590,.F.);
#6048=ORIENTED_EDGE('',*,*,#4595,.F.);
#6049=ORIENTED_EDGE('',*,*,#4638,.T.);
#6050=ORIENTED_EDGE('',*,*,#4658,.T.);
#6051=ORIENTED_EDGE('',*,*,#4563,.F.);
#6052=ORIENTED_EDGE('',*,*,#4567,.F.);
#6053=ORIENTED_EDGE('',*,*,#4572,.F.);
#6054=ORIENTED_EDGE('',*,*,#4577,.F.);
#6055=ORIENTED_EDGE('',*,*,#4625,.F.);
#6056=ORIENTED_EDGE('',*,*,#4651,.T.);
#6057=ORIENTED_EDGE('',*,*,#4639,.F.);
#6058=ORIENTED_EDGE('',*,*,#4593,.T.);
#6059=ORIENTED_EDGE('',*,*,#4630,.T.);
#6060=ORIENTED_EDGE('',*,*,#4652,.T.);
#6061=ORIENTED_EDGE('',*,*,#4626,.F.);
#6062=ORIENTED_EDGE('',*,*,#4575,.T.);
#6063=ORIENTED_EDGE('',*,*,#4659,.T.);
#6064=ORIENTED_EDGE('',*,*,#4660,.T.);
#6065=ORIENTED_EDGE('',*,*,#4661,.T.);
#6066=ORIENTED_EDGE('',*,*,#4662,.T.);
#6067=ORIENTED_EDGE('',*,*,#4660,.F.);
#6068=ORIENTED_EDGE('',*,*,#4663,.F.);
#6069=ORIENTED_EDGE('',*,*,#4664,.F.);
#6070=ORIENTED_EDGE('',*,*,#4665,.F.);
#6071=ORIENTED_EDGE('',*,*,#4666,.F.);
#6072=ORIENTED_EDGE('',*,*,#4667,.T.);
#6073=ORIENTED_EDGE('',*,*,#4659,.F.);
#6074=ORIENTED_EDGE('',*,*,#4668,.T.);
#6075=ORIENTED_EDGE('',*,*,#4669,.F.);
#6076=ORIENTED_EDGE('',*,*,#4670,.T.);
#6077=ORIENTED_EDGE('',*,*,#4671,.F.);
#6078=ORIENTED_EDGE('',*,*,#4672,.T.);
#6079=ORIENTED_EDGE('',*,*,#4673,.F.);
#6080=ORIENTED_EDGE('',*,*,#4674,.F.);
#6081=ORIENTED_EDGE('',*,*,#4675,.F.);
#6082=ORIENTED_EDGE('',*,*,#4676,.F.);
#6083=ORIENTED_EDGE('',*,*,#4677,.F.);
#6084=ORIENTED_EDGE('',*,*,#4678,.F.);
#6085=ORIENTED_EDGE('',*,*,#4679,.F.);
#6086=ORIENTED_EDGE('',*,*,#4680,.F.);
#6087=ORIENTED_EDGE('',*,*,#4681,.F.);
#6088=ORIENTED_EDGE('',*,*,#4682,.T.);
#6089=ORIENTED_EDGE('',*,*,#4683,.F.);
#6090=ORIENTED_EDGE('',*,*,#4684,.F.);
#6091=ORIENTED_EDGE('',*,*,#4663,.T.);
#6092=ORIENTED_EDGE('',*,*,#4685,.T.);
#6093=ORIENTED_EDGE('',*,*,#4686,.F.);
#6094=ORIENTED_EDGE('',*,*,#4687,.T.);
#6095=ORIENTED_EDGE('',*,*,#4688,.F.);
#6096=ORIENTED_EDGE('',*,*,#4689,.T.);
#6097=ORIENTED_EDGE('',*,*,#4690,.F.);
#6098=ORIENTED_EDGE('',*,*,#4691,.T.);
#6099=ORIENTED_EDGE('',*,*,#4692,.F.);
#6100=ORIENTED_EDGE('',*,*,#4693,.T.);
#6101=ORIENTED_EDGE('',*,*,#4694,.F.);
#6102=ORIENTED_EDGE('',*,*,#4695,.T.);
#6103=ORIENTED_EDGE('',*,*,#4696,.F.);
#6104=ORIENTED_EDGE('',*,*,#4697,.T.);
#6105=ORIENTED_EDGE('',*,*,#4698,.F.);
#6106=ORIENTED_EDGE('',*,*,#4699,.T.);
#6107=ORIENTED_EDGE('',*,*,#4700,.F.);
#6108=ORIENTED_EDGE('',*,*,#4701,.T.);
#6109=ORIENTED_EDGE('',*,*,#4702,.F.);
#6110=ORIENTED_EDGE('',*,*,#4673,.T.);
#6111=ORIENTED_EDGE('',*,*,#4703,.T.);
#6112=ORIENTED_EDGE('',*,*,#4704,.T.);
#6113=ORIENTED_EDGE('',*,*,#4705,.T.);
#6114=ORIENTED_EDGE('',*,*,#4706,.T.);
#6115=ORIENTED_EDGE('',*,*,#4707,.T.);
#6116=ORIENTED_EDGE('',*,*,#4705,.F.);
#6117=ORIENTED_EDGE('',*,*,#4708,.F.);
#6118=ORIENTED_EDGE('',*,*,#4709,.T.);
#6119=ORIENTED_EDGE('',*,*,#4710,.F.);
#6120=ORIENTED_EDGE('',*,*,#4711,.T.);
#6121=ORIENTED_EDGE('',*,*,#4712,.T.);
#6122=ORIENTED_EDGE('',*,*,#4713,.T.);
#6123=ORIENTED_EDGE('',*,*,#4714,.T.);
#6124=ORIENTED_EDGE('',*,*,#4707,.F.);
#6125=ORIENTED_EDGE('',*,*,#4715,.F.);
#6126=ORIENTED_EDGE('',*,*,#4712,.F.);
#6127=ORIENTED_EDGE('',*,*,#4716,.F.);
#6128=ORIENTED_EDGE('',*,*,#4717,.T.);
#6129=ORIENTED_EDGE('',*,*,#4718,.T.);
#6130=ORIENTED_EDGE('',*,*,#4719,.T.);
#6131=ORIENTED_EDGE('',*,*,#4720,.T.);
#6132=ORIENTED_EDGE('',*,*,#4714,.F.);
#6133=ORIENTED_EDGE('',*,*,#4721,.F.);
#6134=ORIENTED_EDGE('',*,*,#4718,.F.);
#6135=ORIENTED_EDGE('',*,*,#4722,.F.);
#6136=ORIENTED_EDGE('',*,*,#4723,.T.);
#6137=ORIENTED_EDGE('',*,*,#4724,.T.);
#6138=ORIENTED_EDGE('',*,*,#4725,.T.);
#6139=ORIENTED_EDGE('',*,*,#4726,.T.);
#6140=ORIENTED_EDGE('',*,*,#4720,.F.);
#6141=ORIENTED_EDGE('',*,*,#4727,.F.);
#6142=ORIENTED_EDGE('',*,*,#4724,.F.);
#6143=ORIENTED_EDGE('',*,*,#4728,.F.);
#6144=ORIENTED_EDGE('',*,*,#4726,.F.);
#6145=ORIENTED_EDGE('',*,*,#4729,.F.);
#6146=ORIENTED_EDGE('',*,*,#4709,.F.);
#6147=ORIENTED_EDGE('',*,*,#4730,.F.);
#6148=ORIENTED_EDGE('',*,*,#4731,.T.);
#6149=ORIENTED_EDGE('',*,*,#4732,.T.);
#6150=ORIENTED_EDGE('',*,*,#4698,.T.);
#6151=ORIENTED_EDGE('',*,*,#4733,.T.);
#6152=ORIENTED_EDGE('',*,*,#4732,.F.);
#6153=ORIENTED_EDGE('',*,*,#4734,.F.);
#6154=ORIENTED_EDGE('',*,*,#4735,.F.);
#6155=ORIENTED_EDGE('',*,*,#4699,.F.);
#6156=ORIENTED_EDGE('',*,*,#4736,.T.);
#6157=ORIENTED_EDGE('',*,*,#4737,.T.);
#6158=ORIENTED_EDGE('',*,*,#4690,.T.);
#6159=ORIENTED_EDGE('',*,*,#4738,.T.);
#6160=ORIENTED_EDGE('',*,*,#4737,.F.);
#6161=ORIENTED_EDGE('',*,*,#4739,.F.);
#6162=ORIENTED_EDGE('',*,*,#4740,.F.);
#6163=ORIENTED_EDGE('',*,*,#4691,.F.);
#6164=ORIENTED_EDGE('',*,*,#4741,.T.);
#6165=ORIENTED_EDGE('',*,*,#4742,.T.);
#6166=ORIENTED_EDGE('',*,*,#4688,.T.);
#6167=ORIENTED_EDGE('',*,*,#4743,.T.);
#6168=ORIENTED_EDGE('',*,*,#4738,.F.);
#6169=ORIENTED_EDGE('',*,*,#4689,.F.);
#6170=ORIENTED_EDGE('',*,*,#4742,.F.);
#6171=ORIENTED_EDGE('',*,*,#4744,.F.);
#6172=ORIENTED_EDGE('',*,*,#4745,.T.);
#6173=ORIENTED_EDGE('',*,*,#4746,.T.);
#6174=ORIENTED_EDGE('',*,*,#4696,.T.);
#6175=ORIENTED_EDGE('',*,*,#4747,.T.);
#6176=ORIENTED_EDGE('',*,*,#4733,.F.);
#6177=ORIENTED_EDGE('',*,*,#4697,.F.);
#6178=ORIENTED_EDGE('',*,*,#4746,.F.);
#6179=ORIENTED_EDGE('',*,*,#4748,.F.);
#6180=ORIENTED_EDGE('',*,*,#4749,.T.);
#6181=ORIENTED_EDGE('',*,*,#4750,.T.);
#6182=ORIENTED_EDGE('',*,*,#4686,.T.);
#6183=ORIENTED_EDGE('',*,*,#4751,.T.);
#6184=ORIENTED_EDGE('',*,*,#4743,.F.);
#6185=ORIENTED_EDGE('',*,*,#4687,.F.);
#6186=ORIENTED_EDGE('',*,*,#4750,.F.);
#6187=ORIENTED_EDGE('',*,*,#4752,.F.);
#6188=ORIENTED_EDGE('',*,*,#4753,.T.);
#6189=ORIENTED_EDGE('',*,*,#4754,.T.);
#6190=ORIENTED_EDGE('',*,*,#4694,.T.);
#6191=ORIENTED_EDGE('',*,*,#4755,.T.);
#6192=ORIENTED_EDGE('',*,*,#4747,.F.);
#6193=ORIENTED_EDGE('',*,*,#4695,.F.);
#6194=ORIENTED_EDGE('',*,*,#4754,.F.);
#6195=ORIENTED_EDGE('',*,*,#4756,.F.);
#6196=ORIENTED_EDGE('',*,*,#4757,.T.);
#6197=ORIENTED_EDGE('',*,*,#4758,.T.);
#6198=ORIENTED_EDGE('',*,*,#4692,.T.);
#6199=ORIENTED_EDGE('',*,*,#4740,.T.);
#6200=ORIENTED_EDGE('',*,*,#4751,.F.);
#6201=ORIENTED_EDGE('',*,*,#4685,.F.);
#6202=ORIENTED_EDGE('',*,*,#4758,.F.);
#6203=ORIENTED_EDGE('',*,*,#4759,.F.);
#6204=ORIENTED_EDGE('',*,*,#4760,.T.);
#6205=ORIENTED_EDGE('',*,*,#4761,.T.);
#6206=ORIENTED_EDGE('',*,*,#4700,.T.);
#6207=ORIENTED_EDGE('',*,*,#4735,.T.);
#6208=ORIENTED_EDGE('',*,*,#4755,.F.);
#6209=ORIENTED_EDGE('',*,*,#4693,.F.);
#6210=ORIENTED_EDGE('',*,*,#4761,.F.);
#6211=ORIENTED_EDGE('',*,*,#4762,.F.);
#6212=ORIENTED_EDGE('',*,*,#4763,.T.);
#6213=ORIENTED_EDGE('',*,*,#4764,.T.);
#6214=ORIENTED_EDGE('',*,*,#4671,.T.);
#6215=ORIENTED_EDGE('',*,*,#4765,.T.);
#6216=ORIENTED_EDGE('',*,*,#4703,.F.);
#6217=ORIENTED_EDGE('',*,*,#4672,.F.);
#6218=ORIENTED_EDGE('',*,*,#4764,.F.);
#6219=ORIENTED_EDGE('',*,*,#4766,.F.);
#6220=ORIENTED_EDGE('',*,*,#4767,.T.);
#6221=ORIENTED_EDGE('',*,*,#4768,.T.);
#6222=ORIENTED_EDGE('',*,*,#4669,.T.);
#6223=ORIENTED_EDGE('',*,*,#4769,.T.);
#6224=ORIENTED_EDGE('',*,*,#4765,.F.);
#6225=ORIENTED_EDGE('',*,*,#4670,.F.);
#6226=ORIENTED_EDGE('',*,*,#4768,.F.);
#6227=ORIENTED_EDGE('',*,*,#4770,.F.);
#6228=ORIENTED_EDGE('',*,*,#4662,.F.);
#6229=ORIENTED_EDGE('',*,*,#4771,.F.);
#6230=ORIENTED_EDGE('',*,*,#4769,.F.);
#6231=ORIENTED_EDGE('',*,*,#4668,.F.);
#6232=ORIENTED_EDGE('',*,*,#4661,.F.);
#6233=ORIENTED_EDGE('',*,*,#4667,.F.);
#6234=ORIENTED_EDGE('',*,*,#4772,.T.);
#6235=ORIENTED_EDGE('',*,*,#4773,.T.);
#6236=ORIENTED_EDGE('',*,*,#4774,.T.);
#6237=ORIENTED_EDGE('',*,*,#4775,.F.);
#6238=ORIENTED_EDGE('',*,*,#4776,.F.);
#6239=ORIENTED_EDGE('',*,*,#4777,.T.);
#6240=ORIENTED_EDGE('',*,*,#4778,.T.);
#6241=ORIENTED_EDGE('',*,*,#4779,.F.);
#6242=ORIENTED_EDGE('',*,*,#4780,.T.);
#6243=ORIENTED_EDGE('',*,*,#4781,.T.);
#6244=ORIENTED_EDGE('',*,*,#4782,.F.);
#6245=ORIENTED_EDGE('',*,*,#4783,.F.);
#6246=ORIENTED_EDGE('',*,*,#4784,.F.);
#6247=ORIENTED_EDGE('',*,*,#4701,.F.);
#6248=ORIENTED_EDGE('',*,*,#4766,.T.);
#6249=ORIENTED_EDGE('',*,*,#4763,.F.);
#6250=ORIENTED_EDGE('',*,*,#4770,.T.);
#6251=ORIENTED_EDGE('',*,*,#4767,.F.);
#6252=ORIENTED_EDGE('',*,*,#4771,.T.);
#6253=ORIENTED_EDGE('',*,*,#4759,.T.);
#6254=ORIENTED_EDGE('',*,*,#4757,.F.);
#6255=ORIENTED_EDGE('',*,*,#4739,.T.);
#6256=ORIENTED_EDGE('',*,*,#4736,.F.);
#6257=ORIENTED_EDGE('',*,*,#4744,.T.);
#6258=ORIENTED_EDGE('',*,*,#4741,.F.);
#6259=ORIENTED_EDGE('',*,*,#4752,.T.);
#6260=ORIENTED_EDGE('',*,*,#4749,.F.);
#6261=ORIENTED_EDGE('',*,*,#4762,.T.);
#6262=ORIENTED_EDGE('',*,*,#4760,.F.);
#6263=ORIENTED_EDGE('',*,*,#4734,.T.);
#6264=ORIENTED_EDGE('',*,*,#4731,.F.);
#6265=ORIENTED_EDGE('',*,*,#4748,.T.);
#6266=ORIENTED_EDGE('',*,*,#4745,.F.);
#6267=ORIENTED_EDGE('',*,*,#4756,.T.);
#6268=ORIENTED_EDGE('',*,*,#4753,.F.);
#6269=ORIENTED_EDGE('',*,*,#4784,.T.);
#6270=ORIENTED_EDGE('',*,*,#4785,.T.);
#6271=ORIENTED_EDGE('',*,*,#4674,.T.);
#6272=ORIENTED_EDGE('',*,*,#4702,.T.);
#6273=ORIENTED_EDGE('',*,*,#4676,.T.);
#6274=ORIENTED_EDGE('',*,*,#4786,.T.);
#6275=ORIENTED_EDGE('',*,*,#4782,.T.);
#6276=ORIENTED_EDGE('',*,*,#4787,.T.);
#6277=ORIENTED_EDGE('',*,*,#4787,.F.);
#6278=ORIENTED_EDGE('',*,*,#4781,.F.);
#6279=ORIENTED_EDGE('',*,*,#4788,.F.);
#6280=ORIENTED_EDGE('',*,*,#4789,.T.);
#6281=ORIENTED_EDGE('',*,*,#4790,.F.);
#6282=ORIENTED_EDGE('',*,*,#4677,.T.);
#6283=ORIENTED_EDGE('',*,*,#4681,.T.);
#6284=ORIENTED_EDGE('',*,*,#4791,.T.);
#6285=ORIENTED_EDGE('',*,*,#4776,.T.);
#6286=ORIENTED_EDGE('',*,*,#4792,.T.);
#6287=ORIENTED_EDGE('',*,*,#4792,.F.);
#6288=ORIENTED_EDGE('',*,*,#4775,.T.);
#6289=ORIENTED_EDGE('',*,*,#4793,.F.);
#6290=ORIENTED_EDGE('',*,*,#4682,.F.);
#6291=ORIENTED_EDGE('',*,*,#4791,.F.);
#6292=ORIENTED_EDGE('',*,*,#4680,.T.);
#6293=ORIENTED_EDGE('',*,*,#4794,.F.);
#6294=ORIENTED_EDGE('',*,*,#4777,.F.);
#6295=ORIENTED_EDGE('',*,*,#4793,.T.);
#6296=ORIENTED_EDGE('',*,*,#4774,.F.);
#6297=ORIENTED_EDGE('',*,*,#4795,.F.);
#6298=ORIENTED_EDGE('',*,*,#4683,.T.);
#6299=ORIENTED_EDGE('',*,*,#4794,.T.);
#6300=ORIENTED_EDGE('',*,*,#4679,.T.);
#6301=ORIENTED_EDGE('',*,*,#4796,.F.);
#6302=ORIENTED_EDGE('',*,*,#4778,.F.);
#6303=ORIENTED_EDGE('',*,*,#4796,.T.);
#6304=ORIENTED_EDGE('',*,*,#4797,.F.);
#6305=ORIENTED_EDGE('',*,*,#4798,.F.);
#6306=ORIENTED_EDGE('',*,*,#4799,.F.);
#6307=ORIENTED_EDGE('',*,*,#4779,.T.);
#6308=ORIENTED_EDGE('',*,*,#4785,.F.);
#6309=ORIENTED_EDGE('',*,*,#4783,.T.);
#6310=ORIENTED_EDGE('',*,*,#4786,.F.);
#6311=ORIENTED_EDGE('',*,*,#4675,.T.);
#6312=ORIENTED_EDGE('',*,*,#4800,.T.);
#6313=ORIENTED_EDGE('',*,*,#4801,.T.);
#6314=ORIENTED_EDGE('',*,*,#4802,.T.);
#6315=ORIENTED_EDGE('',*,*,#4803,.T.);
#6316=ORIENTED_EDGE('',*,*,#4801,.F.);
#6317=ORIENTED_EDGE('',*,*,#4804,.T.);
#6318=ORIENTED_EDGE('',*,*,#4805,.F.);
#6319=ORIENTED_EDGE('',*,*,#4806,.F.);
#6320=ORIENTED_EDGE('',*,*,#4807,.T.);
#6321=ORIENTED_EDGE('',*,*,#4805,.T.);
#6322=ORIENTED_EDGE('',*,*,#4808,.T.);
#6323=ORIENTED_EDGE('',*,*,#4809,.T.);
#6324=ORIENTED_EDGE('',*,*,#4803,.F.);
#6325=ORIENTED_EDGE('',*,*,#4810,.F.);
#6326=ORIENTED_EDGE('',*,*,#4811,.T.);
#6327=ORIENTED_EDGE('',*,*,#4812,.T.);
#6328=ORIENTED_EDGE('',*,*,#4645,.T.);
#6329=ORIENTED_EDGE('',*,*,#4650,.T.);
#6330=ORIENTED_EDGE('',*,*,#4657,.T.);
#6331=ORIENTED_EDGE('',*,*,#4813,.T.);
#6332=ORIENTED_EDGE('',*,*,#4813,.F.);
#6333=ORIENTED_EDGE('',*,*,#4656,.F.);
#6334=ORIENTED_EDGE('',*,*,#4814,.T.);
#6335=ORIENTED_EDGE('',*,*,#4815,.T.);
#6336=ORIENTED_EDGE('',*,*,#4788,.T.);
#6337=ORIENTED_EDGE('',*,*,#4780,.F.);
#6338=ORIENTED_EDGE('',*,*,#4799,.T.);
#6339=ORIENTED_EDGE('',*,*,#4816,.T.);
#6340=ORIENTED_EDGE('',*,*,#4817,.F.);
#6341=ORIENTED_EDGE('',*,*,#4772,.F.);
#6342=ORIENTED_EDGE('',*,*,#4666,.T.);
#6343=ORIENTED_EDGE('',*,*,#4818,.T.);
#6344=ORIENTED_EDGE('',*,*,#4819,.T.);
#6345=ORIENTED_EDGE('',*,*,#4820,.F.);
#6346=ORIENTED_EDGE('',*,*,#4821,.F.);
#6347=ORIENTED_EDGE('',*,*,#4822,.T.);
#6348=ORIENTED_EDGE('',*,*,#4823,.F.);
#6349=ORIENTED_EDGE('',*,*,#4824,.F.);
#6350=ORIENTED_EDGE('',*,*,#4825,.F.);
#6351=ORIENTED_EDGE('',*,*,#4826,.T.);
#6352=ORIENTED_EDGE('',*,*,#4827,.F.);
#6353=ORIENTED_EDGE('',*,*,#4828,.F.);
#6354=ORIENTED_EDGE('',*,*,#4829,.T.);
#6355=ORIENTED_EDGE('',*,*,#4830,.T.);
#6356=ORIENTED_EDGE('',*,*,#4831,.F.);
#6357=ORIENTED_EDGE('',*,*,#4832,.T.);
#6358=ORIENTED_EDGE('',*,*,#4833,.T.);
#6359=ORIENTED_EDGE('',*,*,#4646,.F.);
#6360=ORIENTED_EDGE('',*,*,#4834,.F.);
#6361=ORIENTED_EDGE('',*,*,#4835,.F.);
#6362=ORIENTED_EDGE('',*,*,#4836,.F.);
#6363=ORIENTED_EDGE('',*,*,#4837,.F.);
#6364=ORIENTED_EDGE('',*,*,#4838,.F.);
#6365=ORIENTED_EDGE('',*,*,#4839,.F.);
#6366=ORIENTED_EDGE('',*,*,#4840,.F.);
#6367=ORIENTED_EDGE('',*,*,#4841,.F.);
#6368=ORIENTED_EDGE('',*,*,#4842,.F.);
#6369=ORIENTED_EDGE('',*,*,#4843,.F.);
#6370=ORIENTED_EDGE('',*,*,#4844,.F.);
#6371=ORIENTED_EDGE('',*,*,#4845,.F.);
#6372=ORIENTED_EDGE('',*,*,#4846,.F.);
#6373=ORIENTED_EDGE('',*,*,#4847,.F.);
#6374=ORIENTED_EDGE('',*,*,#4848,.F.);
#6375=ORIENTED_EDGE('',*,*,#4849,.F.);
#6376=ORIENTED_EDGE('',*,*,#4850,.F.);
#6377=ORIENTED_EDGE('',*,*,#4851,.F.);
#6378=ORIENTED_EDGE('',*,*,#4852,.F.);
#6379=ORIENTED_EDGE('',*,*,#4853,.F.);
#6380=ORIENTED_EDGE('',*,*,#4854,.F.);
#6381=ORIENTED_EDGE('',*,*,#4855,.F.);
#6382=ORIENTED_EDGE('',*,*,#4856,.T.);
#6383=ORIENTED_EDGE('',*,*,#4857,.T.);
#6384=ORIENTED_EDGE('',*,*,#4858,.T.);
#6385=ORIENTED_EDGE('',*,*,#4859,.T.);
#6386=ORIENTED_EDGE('',*,*,#4831,.T.);
#6387=ORIENTED_EDGE('',*,*,#4860,.T.);
#6388=ORIENTED_EDGE('',*,*,#4858,.F.);
#6389=ORIENTED_EDGE('',*,*,#4861,.T.);
#6390=ORIENTED_EDGE('',*,*,#4862,.F.);
#6391=ORIENTED_EDGE('',*,*,#4863,.F.);
#6392=ORIENTED_EDGE('',*,*,#4857,.F.);
#6393=ORIENTED_EDGE('',*,*,#4864,.T.);
#6394=ORIENTED_EDGE('',*,*,#4865,.F.);
#6395=ORIENTED_EDGE('',*,*,#4866,.F.);
#6396=ORIENTED_EDGE('',*,*,#4867,.F.);
#6397=ORIENTED_EDGE('',*,*,#4861,.F.);
#6398=ORIENTED_EDGE('',*,*,#4716,.T.);
#6399=ORIENTED_EDGE('',*,*,#4711,.F.);
#6400=ORIENTED_EDGE('',*,*,#4722,.T.);
#6401=ORIENTED_EDGE('',*,*,#4717,.F.);
#6402=ORIENTED_EDGE('',*,*,#4728,.T.);
#6403=ORIENTED_EDGE('',*,*,#4723,.F.);
#6404=ORIENTED_EDGE('',*,*,#4730,.T.);
#6405=ORIENTED_EDGE('',*,*,#4708,.T.);
#6406=ORIENTED_EDGE('',*,*,#4704,.F.);
#6407=ORIENTED_EDGE('',*,*,#4856,.F.);
#6408=ORIENTED_EDGE('',*,*,#4868,.T.);
#6409=ORIENTED_EDGE('',*,*,#4869,.F.);
#6410=ORIENTED_EDGE('',*,*,#4864,.F.);
#6411=ORIENTED_EDGE('',*,*,#4870,.F.);
#6412=ORIENTED_EDGE('',*,*,#4871,.T.);
#6413=ORIENTED_EDGE('',*,*,#4872,.F.);
#6414=ORIENTED_EDGE('',*,*,#4873,.F.);
#6415=ORIENTED_EDGE('',*,*,#4874,.F.);
#6416=ORIENTED_EDGE('',*,*,#4875,.T.);
#6417=ORIENTED_EDGE('',*,*,#4876,.F.);
#6418=ORIENTED_EDGE('',*,*,#4825,.T.);
#6419=ORIENTED_EDGE('',*,*,#4620,.F.);
#6420=ORIENTED_EDGE('',*,*,#4616,.F.);
#6421=ORIENTED_EDGE('',*,*,#4623,.F.);
#6422=ORIENTED_EDGE('',*,*,#4877,.F.);
#6423=ORIENTED_EDGE('',*,*,#4871,.F.);
#6424=ORIENTED_EDGE('',*,*,#4875,.F.);
#6425=ORIENTED_EDGE('',*,*,#4810,.T.);
#6426=ORIENTED_EDGE('',*,*,#4802,.F.);
#6427=ORIENTED_EDGE('',*,*,#4806,.T.);
#6428=ORIENTED_EDGE('',*,*,#4807,.F.);
#6429=ORIENTED_EDGE('',*,*,#4878,.F.);
#6430=ORIENTED_EDGE('',*,*,#4879,.F.);
#6431=ORIENTED_EDGE('',*,*,#4880,.T.);
#6432=ORIENTED_EDGE('',*,*,#4881,.F.);
#6433=ORIENTED_EDGE('',*,*,#4882,.F.);
#6434=ORIENTED_EDGE('',*,*,#4602,.T.);
#6435=ORIENTED_EDGE('',*,*,#4838,.T.);
#6436=ORIENTED_EDGE('',*,*,#4883,.T.);
#6437=ORIENTED_EDGE('',*,*,#4884,.F.);
#6438=ORIENTED_EDGE('',*,*,#4885,.F.);
#6439=ORIENTED_EDGE('',*,*,#4837,.T.);
#6440=ORIENTED_EDGE('',*,*,#4886,.T.);
#6441=ORIENTED_EDGE('',*,*,#4887,.F.);
#6442=ORIENTED_EDGE('',*,*,#4883,.F.);
#6443=ORIENTED_EDGE('',*,*,#4836,.T.);
#6444=ORIENTED_EDGE('',*,*,#4888,.T.);
#6445=ORIENTED_EDGE('',*,*,#4889,.F.);
#6446=ORIENTED_EDGE('',*,*,#4886,.F.);
#6447=ORIENTED_EDGE('',*,*,#4603,.T.);
#6448=ORIENTED_EDGE('',*,*,#4882,.T.);
#6449=ORIENTED_EDGE('',*,*,#4890,.F.);
#6450=ORIENTED_EDGE('',*,*,#4891,.T.);
#6451=ORIENTED_EDGE('',*,*,#4892,.F.);
#6452=ORIENTED_EDGE('',*,*,#4621,.F.);
#6453=ORIENTED_EDGE('',*,*,#4614,.T.);
#6454=ORIENTED_EDGE('',*,*,#4618,.T.);
#6455=ORIENTED_EDGE('',*,*,#4604,.F.);
#6456=ORIENTED_EDGE('',*,*,#4891,.F.);
#6457=ORIENTED_EDGE('',*,*,#4893,.F.);
#6458=ORIENTED_EDGE('',*,*,#4894,.F.);
#6459=ORIENTED_EDGE('',*,*,#4895,.F.);
#6460=ORIENTED_EDGE('',*,*,#4896,.T.);
#6461=ORIENTED_EDGE('',*,*,#4808,.F.);
#6462=ORIENTED_EDGE('',*,*,#4804,.F.);
#6463=ORIENTED_EDGE('',*,*,#4800,.F.);
#6464=ORIENTED_EDGE('',*,*,#4812,.F.);
#6465=ORIENTED_EDGE('',*,*,#4897,.F.);
#6466=ORIENTED_EDGE('',*,*,#4873,.T.);
#6467=ORIENTED_EDGE('',*,*,#4877,.T.);
#6468=ORIENTED_EDGE('',*,*,#4622,.T.);
#6469=ORIENTED_EDGE('',*,*,#4892,.T.);
#6470=ORIENTED_EDGE('',*,*,#4872,.T.);
#6471=ORIENTED_EDGE('',*,*,#4874,.T.);
#6472=ORIENTED_EDGE('',*,*,#4824,.T.);
#6473=ORIENTED_EDGE('',*,*,#4898,.T.);
#6474=ORIENTED_EDGE('',*,*,#4848,.T.);
#6475=ORIENTED_EDGE('',*,*,#4899,.T.);
#6476=ORIENTED_EDGE('',*,*,#4900,.F.);
#6477=ORIENTED_EDGE('',*,*,#4901,.F.);
#6478=ORIENTED_EDGE('',*,*,#4849,.T.);
#6479=ORIENTED_EDGE('',*,*,#4901,.T.);
#6480=ORIENTED_EDGE('',*,*,#4902,.F.);
#6481=ORIENTED_EDGE('',*,*,#4903,.F.);
#6482=ORIENTED_EDGE('',*,*,#4904,.F.);
#6483=ORIENTED_EDGE('',*,*,#4905,.F.);
#6484=ORIENTED_EDGE('',*,*,#4839,.T.);
#6485=ORIENTED_EDGE('',*,*,#4885,.T.);
#6486=ORIENTED_EDGE('',*,*,#4840,.T.);
#6487=ORIENTED_EDGE('',*,*,#4905,.T.);
#6488=ORIENTED_EDGE('',*,*,#4906,.F.);
#6489=ORIENTED_EDGE('',*,*,#4907,.F.);
#6490=ORIENTED_EDGE('',*,*,#4841,.T.);
#6491=ORIENTED_EDGE('',*,*,#4907,.T.);
#6492=ORIENTED_EDGE('',*,*,#4908,.F.);
#6493=ORIENTED_EDGE('',*,*,#4909,.F.);
#6494=ORIENTED_EDGE('',*,*,#4842,.T.);
#6495=ORIENTED_EDGE('',*,*,#4909,.T.);
#6496=ORIENTED_EDGE('',*,*,#4910,.F.);
#6497=ORIENTED_EDGE('',*,*,#4911,.F.);
#6498=ORIENTED_EDGE('',*,*,#4844,.T.);
#6499=ORIENTED_EDGE('',*,*,#4912,.T.);
#6500=ORIENTED_EDGE('',*,*,#4913,.F.);
#6501=ORIENTED_EDGE('',*,*,#4914,.F.);
#6502=ORIENTED_EDGE('',*,*,#4845,.T.);
#6503=ORIENTED_EDGE('',*,*,#4914,.T.);
#6504=ORIENTED_EDGE('',*,*,#4915,.F.);
#6505=ORIENTED_EDGE('',*,*,#4916,.F.);
#6506=ORIENTED_EDGE('',*,*,#4846,.T.);
#6507=ORIENTED_EDGE('',*,*,#4916,.T.);
#6508=ORIENTED_EDGE('',*,*,#4917,.F.);
#6509=ORIENTED_EDGE('',*,*,#4918,.F.);
#6510=ORIENTED_EDGE('',*,*,#4843,.T.);
#6511=ORIENTED_EDGE('',*,*,#4918,.T.);
#6512=ORIENTED_EDGE('',*,*,#4919,.F.);
#6513=ORIENTED_EDGE('',*,*,#4912,.F.);
#6514=ORIENTED_EDGE('',*,*,#4920,.F.);
#6515=ORIENTED_EDGE('',*,*,#4921,.F.);
#6516=ORIENTED_EDGE('',*,*,#4822,.F.);
#6517=ORIENTED_EDGE('',*,*,#4835,.T.);
#6518=ORIENTED_EDGE('',*,*,#4911,.T.);
#6519=ORIENTED_EDGE('',*,*,#4922,.F.);
#6520=ORIENTED_EDGE('',*,*,#4888,.F.);
#6521=ORIENTED_EDGE('',*,*,#4898,.F.);
#6522=ORIENTED_EDGE('',*,*,#4823,.T.);
#6523=ORIENTED_EDGE('',*,*,#4921,.T.);
#6524=ORIENTED_EDGE('',*,*,#4923,.F.);
#6525=ORIENTED_EDGE('',*,*,#4924,.T.);
#6526=ORIENTED_EDGE('',*,*,#4879,.T.);
#6527=ORIENTED_EDGE('',*,*,#4920,.T.);
#6528=ORIENTED_EDGE('',*,*,#4821,.T.);
#6529=ORIENTED_EDGE('',*,*,#4809,.F.);
#6530=ORIENTED_EDGE('',*,*,#4896,.F.);
#6531=ORIENTED_EDGE('',*,*,#4925,.T.);
#6532=ORIENTED_EDGE('',*,*,#4878,.T.);
#6533=ORIENTED_EDGE('',*,*,#4893,.T.);
#6534=ORIENTED_EDGE('',*,*,#4890,.T.);
#6535=ORIENTED_EDGE('',*,*,#4881,.T.);
#6536=ORIENTED_EDGE('',*,*,#4926,.T.);
#6537=ORIENTED_EDGE('',*,*,#4927,.F.);
#6538=ORIENTED_EDGE('',*,*,#4928,.T.);
#6539=ORIENTED_EDGE('',*,*,#4855,.T.);
#6540=ORIENTED_EDGE('',*,*,#4928,.F.);
#6541=ORIENTED_EDGE('',*,*,#4854,.T.);
#6542=ORIENTED_EDGE('',*,*,#4929,.T.);
#6543=ORIENTED_EDGE('',*,*,#4930,.F.);
#6544=ORIENTED_EDGE('',*,*,#4931,.F.);
#6545=ORIENTED_EDGE('',*,*,#4847,.T.);
#6546=ORIENTED_EDGE('',*,*,#4931,.T.);
#6547=ORIENTED_EDGE('',*,*,#4932,.F.);
#6548=ORIENTED_EDGE('',*,*,#4899,.F.);
#6549=ORIENTED_EDGE('',*,*,#4851,.T.);
#6550=ORIENTED_EDGE('',*,*,#4933,.T.);
#6551=ORIENTED_EDGE('',*,*,#4934,.F.);
#6552=ORIENTED_EDGE('',*,*,#4935,.F.);
#6553=ORIENTED_EDGE('',*,*,#4852,.T.);
#6554=ORIENTED_EDGE('',*,*,#4935,.T.);
#6555=ORIENTED_EDGE('',*,*,#4936,.F.);
#6556=ORIENTED_EDGE('',*,*,#4937,.F.);
#6557=ORIENTED_EDGE('',*,*,#4853,.T.);
#6558=ORIENTED_EDGE('',*,*,#4937,.T.);
#6559=ORIENTED_EDGE('',*,*,#4938,.F.);
#6560=ORIENTED_EDGE('',*,*,#4929,.F.);
#6561=ORIENTED_EDGE('',*,*,#4814,.F.);
#6562=ORIENTED_EDGE('',*,*,#4655,.T.);
#6563=ORIENTED_EDGE('',*,*,#4939,.F.);
#6564=ORIENTED_EDGE('',*,*,#4940,.F.);
#6565=ORIENTED_EDGE('',*,*,#4815,.F.);
#6566=ORIENTED_EDGE('',*,*,#4940,.T.);
#6567=ORIENTED_EDGE('',*,*,#4941,.F.);
#6568=ORIENTED_EDGE('',*,*,#4789,.F.);
#6569=ORIENTED_EDGE('',*,*,#4816,.F.);
#6570=ORIENTED_EDGE('',*,*,#4798,.T.);
#6571=ORIENTED_EDGE('',*,*,#4942,.F.);
#6572=ORIENTED_EDGE('',*,*,#4943,.F.);
#6573=ORIENTED_EDGE('',*,*,#4795,.T.);
#6574=ORIENTED_EDGE('',*,*,#4773,.F.);
#6575=ORIENTED_EDGE('',*,*,#4817,.T.);
#6576=ORIENTED_EDGE('',*,*,#4943,.T.);
#6577=ORIENTED_EDGE('',*,*,#4944,.F.);
#6578=ORIENTED_EDGE('',*,*,#4818,.F.);
#6579=ORIENTED_EDGE('',*,*,#4665,.T.);
#6580=ORIENTED_EDGE('',*,*,#4945,.F.);
#6581=ORIENTED_EDGE('',*,*,#4946,.F.);
#6582=ORIENTED_EDGE('',*,*,#4819,.F.);
#6583=ORIENTED_EDGE('',*,*,#4946,.T.);
#6584=ORIENTED_EDGE('',*,*,#4947,.F.);
#6585=ORIENTED_EDGE('',*,*,#4948,.F.);
#6586=ORIENTED_EDGE('',*,*,#4924,.F.);
#6587=ORIENTED_EDGE('',*,*,#4820,.T.);
#6588=ORIENTED_EDGE('',*,*,#4948,.T.);
#6589=ORIENTED_EDGE('',*,*,#4949,.F.);
#6590=ORIENTED_EDGE('',*,*,#4894,.T.);
#6591=ORIENTED_EDGE('',*,*,#4926,.F.);
#6592=ORIENTED_EDGE('',*,*,#4880,.F.);
#6593=ORIENTED_EDGE('',*,*,#4950,.F.);
#6594=ORIENTED_EDGE('',*,*,#4933,.F.);
#6595=ORIENTED_EDGE('',*,*,#4850,.T.);
#6596=ORIENTED_EDGE('',*,*,#4903,.T.);
#6597=ORIENTED_EDGE('',*,*,#4876,.T.);
#6598=ORIENTED_EDGE('',*,*,#4951,.F.);
#6599=ORIENTED_EDGE('',*,*,#4826,.F.);
#6600=ORIENTED_EDGE('',*,*,#4628,.F.);
#6601=ORIENTED_EDGE('',*,*,#4643,.F.);
#6602=ORIENTED_EDGE('',*,*,#4952,.F.);
#6603=ORIENTED_EDGE('',*,*,#4653,.T.);
#6604=ORIENTED_EDGE('',*,*,#4865,.T.);
#6605=ORIENTED_EDGE('',*,*,#4869,.T.);
#6606=ORIENTED_EDGE('',*,*,#4953,.T.);
#6607=ORIENTED_EDGE('',*,*,#4954,.T.);
#6608=ORIENTED_EDGE('',*,*,#4955,.T.);
#6609=ORIENTED_EDGE('',*,*,#4956,.T.);
#6610=ORIENTED_EDGE('',*,*,#4953,.F.);
#6611=ORIENTED_EDGE('',*,*,#4957,.T.);
#6612=ORIENTED_EDGE('',*,*,#4958,.T.);
#6613=ORIENTED_EDGE('',*,*,#4959,.T.);
#6614=ORIENTED_EDGE('',*,*,#4960,.T.);
#6615=ORIENTED_EDGE('',*,*,#4961,.T.);
#6616=ORIENTED_EDGE('',*,*,#4867,.T.);
#6617=ORIENTED_EDGE('',*,*,#4962,.T.);
#6618=ORIENTED_EDGE('',*,*,#4960,.F.);
#6619=ORIENTED_EDGE('',*,*,#4862,.T.);
#6620=ORIENTED_EDGE('',*,*,#4956,.F.);
#6621=ORIENTED_EDGE('',*,*,#4963,.T.);
#6622=ORIENTED_EDGE('',*,*,#4961,.F.);
#6623=ORIENTED_EDGE('',*,*,#4962,.F.);
#6624=ORIENTED_EDGE('',*,*,#4866,.T.);
#6625=ORIENTED_EDGE('',*,*,#4954,.F.);
#6626=ORIENTED_EDGE('',*,*,#4964,.F.);
#6627=ORIENTED_EDGE('',*,*,#4965,.T.);
#6628=ORIENTED_EDGE('',*,*,#4834,.T.);
#6629=ORIENTED_EDGE('',*,*,#4965,.F.);
#6630=ORIENTED_EDGE('',*,*,#4828,.T.);
#6631=ORIENTED_EDGE('',*,*,#4966,.T.);
#6632=ORIENTED_EDGE('',*,*,#4967,.F.);
#6633=ORIENTED_EDGE('',*,*,#4968,.F.);
#6634=ORIENTED_EDGE('',*,*,#4829,.F.);
#6635=ORIENTED_EDGE('',*,*,#4968,.T.);
#6636=ORIENTED_EDGE('',*,*,#4969,.F.);
#6637=ORIENTED_EDGE('',*,*,#4970,.F.);
#6638=ORIENTED_EDGE('',*,*,#4833,.F.);
#6639=ORIENTED_EDGE('',*,*,#4971,.T.);
#6640=ORIENTED_EDGE('',*,*,#4972,.F.);
#6641=ORIENTED_EDGE('',*,*,#4647,.F.);
#6642=ORIENTED_EDGE('',*,*,#4951,.T.);
#6643=ORIENTED_EDGE('',*,*,#4973,.F.);
#6644=ORIENTED_EDGE('',*,*,#4966,.F.);
#6645=ORIENTED_EDGE('',*,*,#4827,.T.);
#6646=ORIENTED_EDGE('',*,*,#4897,.T.);
#6647=ORIENTED_EDGE('',*,*,#4811,.F.);
#6648=ORIENTED_EDGE('',*,*,#4923,.T.);
#6649=ORIENTED_EDGE('',*,*,#4925,.F.);
#6650=ORIENTED_EDGE('',*,*,#4895,.T.);
#6651=ORIENTED_EDGE('',*,*,#4949,.T.);
#6652=ORIENTED_EDGE('',*,*,#4947,.T.);
#6653=ORIENTED_EDGE('',*,*,#4945,.T.);
#6654=ORIENTED_EDGE('',*,*,#4664,.T.);
#6655=ORIENTED_EDGE('',*,*,#4684,.T.);
#6656=ORIENTED_EDGE('',*,*,#4944,.T.);
#6657=ORIENTED_EDGE('',*,*,#4942,.T.);
#6658=ORIENTED_EDGE('',*,*,#4797,.T.);
#6659=ORIENTED_EDGE('',*,*,#4678,.T.);
#6660=ORIENTED_EDGE('',*,*,#4790,.T.);
#6661=ORIENTED_EDGE('',*,*,#4941,.T.);
#6662=ORIENTED_EDGE('',*,*,#4939,.T.);
#6663=ORIENTED_EDGE('',*,*,#4654,.T.);
#6664=ORIENTED_EDGE('',*,*,#4952,.T.);
#6665=ORIENTED_EDGE('',*,*,#4642,.F.);
#6666=ORIENTED_EDGE('',*,*,#4648,.T.);
#6667=ORIENTED_EDGE('',*,*,#4972,.T.);
#6668=ORIENTED_EDGE('',*,*,#4974,.T.);
#6669=ORIENTED_EDGE('',*,*,#4975,.F.);
#6670=ORIENTED_EDGE('',*,*,#4976,.T.);
#6671=ORIENTED_EDGE('',*,*,#4969,.T.);
#6672=ORIENTED_EDGE('',*,*,#4967,.T.);
#6673=ORIENTED_EDGE('',*,*,#4973,.T.);
#6674=ORIENTED_EDGE('',*,*,#4870,.T.);
#6675=ORIENTED_EDGE('',*,*,#4964,.T.);
#6676=ORIENTED_EDGE('',*,*,#4927,.T.);
#6677=ORIENTED_EDGE('',*,*,#4919,.T.);
#6678=ORIENTED_EDGE('',*,*,#4917,.T.);
#6679=ORIENTED_EDGE('',*,*,#4915,.T.);
#6680=ORIENTED_EDGE('',*,*,#4913,.T.);
#6681=ORIENTED_EDGE('',*,*,#4932,.T.);
#6682=ORIENTED_EDGE('',*,*,#4930,.T.);
#6683=ORIENTED_EDGE('',*,*,#4938,.T.);
#6684=ORIENTED_EDGE('',*,*,#4936,.T.);
#6685=ORIENTED_EDGE('',*,*,#4934,.T.);
#6686=ORIENTED_EDGE('',*,*,#4950,.T.);
#6687=ORIENTED_EDGE('',*,*,#4902,.T.);
#6688=ORIENTED_EDGE('',*,*,#4900,.T.);
#6689=ORIENTED_EDGE('',*,*,#4922,.T.);
#6690=ORIENTED_EDGE('',*,*,#4910,.T.);
#6691=ORIENTED_EDGE('',*,*,#4908,.T.);
#6692=ORIENTED_EDGE('',*,*,#4906,.T.);
#6693=ORIENTED_EDGE('',*,*,#4904,.T.);
#6694=ORIENTED_EDGE('',*,*,#4884,.T.);
#6695=ORIENTED_EDGE('',*,*,#4887,.T.);
#6696=ORIENTED_EDGE('',*,*,#4889,.T.);
#6697=ORIENTED_EDGE('',*,*,#4955,.F.);
#6698=ORIENTED_EDGE('',*,*,#4977,.F.);
#6699=ORIENTED_EDGE('',*,*,#4975,.T.);
#6700=ORIENTED_EDGE('',*,*,#4978,.T.);
#6701=ORIENTED_EDGE('',*,*,#4958,.F.);
#6702=ORIENTED_EDGE('',*,*,#4963,.F.);
#6703=ORIENTED_EDGE('',*,*,#4715,.T.);
#6704=ORIENTED_EDGE('',*,*,#4706,.F.);
#6705=ORIENTED_EDGE('',*,*,#4710,.T.);
#6706=ORIENTED_EDGE('',*,*,#4729,.T.);
#6707=ORIENTED_EDGE('',*,*,#4725,.F.);
#6708=ORIENTED_EDGE('',*,*,#4727,.T.);
#6709=ORIENTED_EDGE('',*,*,#4719,.F.);
#6710=ORIENTED_EDGE('',*,*,#4721,.T.);
#6711=ORIENTED_EDGE('',*,*,#4713,.F.);
#6712=ORIENTED_EDGE('',*,*,#4859,.F.);
#6713=ORIENTED_EDGE('',*,*,#4863,.T.);
#6714=ORIENTED_EDGE('',*,*,#4959,.F.);
#6715=ORIENTED_EDGE('',*,*,#4978,.F.);
#6716=ORIENTED_EDGE('',*,*,#4974,.F.);
#6717=ORIENTED_EDGE('',*,*,#4971,.F.);
#6718=ORIENTED_EDGE('',*,*,#4832,.F.);
#6719=ORIENTED_EDGE('',*,*,#4860,.F.);
#6720=ORIENTED_EDGE('',*,*,#4830,.F.);
#6721=ORIENTED_EDGE('',*,*,#4970,.T.);
#6722=ORIENTED_EDGE('',*,*,#4976,.F.);
#6723=ORIENTED_EDGE('',*,*,#4977,.T.);
#6724=ORIENTED_EDGE('',*,*,#4957,.F.);
#6725=ORIENTED_EDGE('',*,*,#4868,.F.);
#6726=ORIENTED_EDGE('',*,*,#4979,.F.);
#6727=ORIENTED_EDGE('',*,*,#4980,.T.);
#6728=ORIENTED_EDGE('',*,*,#4981,.F.);
#6729=ORIENTED_EDGE('',*,*,#4980,.F.);
#6730=ORIENTED_EDGE('',*,*,#4982,.F.);
#6731=ORIENTED_EDGE('',*,*,#4983,.T.);
#6732=ORIENTED_EDGE('',*,*,#4984,.F.);
#6733=ORIENTED_EDGE('',*,*,#4983,.F.);
#6734=ORIENTED_EDGE('',*,*,#4985,.F.);
#6735=ORIENTED_EDGE('',*,*,#4986,.T.);
#6736=ORIENTED_EDGE('',*,*,#4987,.F.);
#6737=ORIENTED_EDGE('',*,*,#4986,.F.);
#6738=ORIENTED_EDGE('',*,*,#4988,.F.);
#6739=ORIENTED_EDGE('',*,*,#4989,.T.);
#6740=ORIENTED_EDGE('',*,*,#4990,.F.);
#6741=ORIENTED_EDGE('',*,*,#4989,.F.);
#6742=ORIENTED_EDGE('',*,*,#4991,.F.);
#6743=ORIENTED_EDGE('',*,*,#4992,.T.);
#6744=ORIENTED_EDGE('',*,*,#4993,.F.);
#6745=ORIENTED_EDGE('',*,*,#4992,.F.);
#6746=ORIENTED_EDGE('',*,*,#4994,.F.);
#6747=ORIENTED_EDGE('',*,*,#4995,.T.);
#6748=ORIENTED_EDGE('',*,*,#4996,.F.);
#6749=ORIENTED_EDGE('',*,*,#4995,.F.);
#6750=ORIENTED_EDGE('',*,*,#4997,.T.);
#6751=ORIENTED_EDGE('',*,*,#4998,.T.);
#6752=ORIENTED_EDGE('',*,*,#4999,.T.);
#6753=ORIENTED_EDGE('',*,*,#4998,.F.);
#6754=ORIENTED_EDGE('',*,*,#5000,.T.);
#6755=ORIENTED_EDGE('',*,*,#5001,.T.);
#6756=ORIENTED_EDGE('',*,*,#5002,.T.);
#6757=ORIENTED_EDGE('',*,*,#4997,.F.);
#6758=ORIENTED_EDGE('',*,*,#5003,.T.);
#6759=ORIENTED_EDGE('',*,*,#5004,.T.);
#6760=ORIENTED_EDGE('',*,*,#5005,.T.);
#6761=ORIENTED_EDGE('',*,*,#5000,.F.);
#6762=ORIENTED_EDGE('',*,*,#5005,.F.);
#6763=ORIENTED_EDGE('',*,*,#5006,.T.);
#6764=ORIENTED_EDGE('',*,*,#5007,.T.);
#6765=ORIENTED_EDGE('',*,*,#5008,.F.);
#6766=ORIENTED_EDGE('',*,*,#5009,.T.);
#6767=ORIENTED_EDGE('',*,*,#5010,.F.);
#6768=ORIENTED_EDGE('',*,*,#5011,.T.);
#6769=ORIENTED_EDGE('',*,*,#5012,.F.);
#6770=ORIENTED_EDGE('',*,*,#5013,.T.);
#6771=ORIENTED_EDGE('',*,*,#5014,.T.);
#6772=ORIENTED_EDGE('',*,*,#5015,.T.);
#6773=ORIENTED_EDGE('',*,*,#5016,.F.);
#6774=ORIENTED_EDGE('',*,*,#5017,.T.);
#6775=ORIENTED_EDGE('',*,*,#5018,.F.);
#6776=ORIENTED_EDGE('',*,*,#5019,.T.);
#6777=ORIENTED_EDGE('',*,*,#5020,.T.);
#6778=ORIENTED_EDGE('',*,*,#5021,.T.);
#6779=ORIENTED_EDGE('',*,*,#5022,.F.);
#6780=ORIENTED_EDGE('',*,*,#5023,.T.);
#6781=ORIENTED_EDGE('',*,*,#5024,.T.);
#6782=ORIENTED_EDGE('',*,*,#5025,.T.);
#6783=ORIENTED_EDGE('',*,*,#5026,.F.);
#6784=ORIENTED_EDGE('',*,*,#5027,.T.);
#6785=ORIENTED_EDGE('',*,*,#5028,.T.);
#6786=ORIENTED_EDGE('',*,*,#4979,.T.);
#6787=ORIENTED_EDGE('',*,*,#4982,.T.);
#6788=ORIENTED_EDGE('',*,*,#4985,.T.);
#6789=ORIENTED_EDGE('',*,*,#4988,.T.);
#6790=ORIENTED_EDGE('',*,*,#4991,.T.);
#6791=ORIENTED_EDGE('',*,*,#4994,.T.);
#6792=ORIENTED_EDGE('',*,*,#5029,.T.);
#6793=ORIENTED_EDGE('',*,*,#5030,.T.);
#6794=ORIENTED_EDGE('',*,*,#5031,.T.);
#6795=ORIENTED_EDGE('',*,*,#5032,.T.);
#6796=ORIENTED_EDGE('',*,*,#5033,.T.);
#6797=ORIENTED_EDGE('',*,*,#5034,.T.);
#6798=ORIENTED_EDGE('',*,*,#5035,.T.);
#6799=ORIENTED_EDGE('',*,*,#5036,.T.);
#6800=ORIENTED_EDGE('',*,*,#5037,.T.);
#6801=ORIENTED_EDGE('',*,*,#5038,.T.);
#6802=ORIENTED_EDGE('',*,*,#5039,.T.);
#6803=ORIENTED_EDGE('',*,*,#5040,.T.);
#6804=ORIENTED_EDGE('',*,*,#5041,.T.);
#6805=ORIENTED_EDGE('',*,*,#5042,.T.);
#6806=ORIENTED_EDGE('',*,*,#5043,.T.);
#6807=ORIENTED_EDGE('',*,*,#5044,.T.);
#6808=ORIENTED_EDGE('',*,*,#5045,.T.);
#6809=ORIENTED_EDGE('',*,*,#5046,.T.);
#6810=ORIENTED_EDGE('',*,*,#5047,.T.);
#6811=ORIENTED_EDGE('',*,*,#5048,.T.);
#6812=ORIENTED_EDGE('',*,*,#5049,.T.);
#6813=ORIENTED_EDGE('',*,*,#5050,.T.);
#6814=ORIENTED_EDGE('',*,*,#4999,.F.);
#6815=ORIENTED_EDGE('',*,*,#5051,.T.);
#6816=ORIENTED_EDGE('',*,*,#5052,.T.);
#6817=ORIENTED_EDGE('',*,*,#5053,.T.);
#6818=ORIENTED_EDGE('',*,*,#5003,.F.);
#6819=ORIENTED_EDGE('',*,*,#5053,.F.);
#6820=ORIENTED_EDGE('',*,*,#5054,.T.);
#6821=ORIENTED_EDGE('',*,*,#5055,.T.);
#6822=ORIENTED_EDGE('',*,*,#5052,.F.);
#6823=ORIENTED_EDGE('',*,*,#5056,.F.);
#6824=ORIENTED_EDGE('',*,*,#5057,.F.);
#6825=ORIENTED_EDGE('',*,*,#5058,.F.);
#6826=ORIENTED_EDGE('',*,*,#5059,.F.);
#6827=ORIENTED_EDGE('',*,*,#5060,.F.);
#6828=ORIENTED_EDGE('',*,*,#5061,.F.);
#6829=ORIENTED_EDGE('',*,*,#5062,.F.);
#6830=ORIENTED_EDGE('',*,*,#5063,.F.);
#6831=ORIENTED_EDGE('',*,*,#5064,.F.);
#6832=ORIENTED_EDGE('',*,*,#5065,.F.);
#6833=ORIENTED_EDGE('',*,*,#5066,.F.);
#6834=ORIENTED_EDGE('',*,*,#5067,.F.);
#6835=ORIENTED_EDGE('',*,*,#5068,.F.);
#6836=ORIENTED_EDGE('',*,*,#5069,.F.);
#6837=ORIENTED_EDGE('',*,*,#5070,.T.);
#6838=ORIENTED_EDGE('',*,*,#5071,.F.);
#6839=ORIENTED_EDGE('',*,*,#5072,.F.);
#6840=ORIENTED_EDGE('',*,*,#5073,.F.);
#6841=ORIENTED_EDGE('',*,*,#5074,.F.);
#6842=ORIENTED_EDGE('',*,*,#5075,.F.);
#6843=ORIENTED_EDGE('',*,*,#5076,.F.);
#6844=ORIENTED_EDGE('',*,*,#5077,.F.);
#6845=ORIENTED_EDGE('',*,*,#5078,.F.);
#6846=ORIENTED_EDGE('',*,*,#5079,.F.);
#6847=ORIENTED_EDGE('',*,*,#5054,.F.);
#6848=ORIENTED_EDGE('',*,*,#4981,.T.);
#6849=ORIENTED_EDGE('',*,*,#4984,.T.);
#6850=ORIENTED_EDGE('',*,*,#4987,.T.);
#6851=ORIENTED_EDGE('',*,*,#4990,.T.);
#6852=ORIENTED_EDGE('',*,*,#4993,.T.);
#6853=ORIENTED_EDGE('',*,*,#4996,.T.);
#6854=ORIENTED_EDGE('',*,*,#5080,.F.);
#6855=ORIENTED_EDGE('',*,*,#5081,.F.);
#6856=ORIENTED_EDGE('',*,*,#5082,.F.);
#6857=ORIENTED_EDGE('',*,*,#5083,.F.);
#6858=ORIENTED_EDGE('',*,*,#5084,.F.);
#6859=ORIENTED_EDGE('',*,*,#5085,.F.);
#6860=ORIENTED_EDGE('',*,*,#5086,.F.);
#6861=ORIENTED_EDGE('',*,*,#5087,.F.);
#6862=ORIENTED_EDGE('',*,*,#5088,.F.);
#6863=ORIENTED_EDGE('',*,*,#5089,.F.);
#6864=ORIENTED_EDGE('',*,*,#5090,.F.);
#6865=ORIENTED_EDGE('',*,*,#5091,.F.);
#6866=ORIENTED_EDGE('',*,*,#5092,.F.);
#6867=ORIENTED_EDGE('',*,*,#5093,.F.);
#6868=ORIENTED_EDGE('',*,*,#5094,.F.);
#6869=ORIENTED_EDGE('',*,*,#5095,.F.);
#6870=ORIENTED_EDGE('',*,*,#5096,.F.);
#6871=ORIENTED_EDGE('',*,*,#5097,.F.);
#6872=ORIENTED_EDGE('',*,*,#5098,.F.);
#6873=ORIENTED_EDGE('',*,*,#5099,.F.);
#6874=ORIENTED_EDGE('',*,*,#5100,.F.);
#6875=ORIENTED_EDGE('',*,*,#5101,.F.);
#6876=ORIENTED_EDGE('',*,*,#5026,.T.);
#6877=ORIENTED_EDGE('',*,*,#5102,.T.);
#6878=ORIENTED_EDGE('',*,*,#5059,.T.);
#6879=ORIENTED_EDGE('',*,*,#5103,.T.);
#6880=ORIENTED_EDGE('',*,*,#5103,.F.);
#6881=ORIENTED_EDGE('',*,*,#5058,.T.);
#6882=ORIENTED_EDGE('',*,*,#5104,.T.);
#6883=ORIENTED_EDGE('',*,*,#5027,.F.);
#6884=ORIENTED_EDGE('',*,*,#5022,.T.);
#6885=ORIENTED_EDGE('',*,*,#5105,.T.);
#6886=ORIENTED_EDGE('',*,*,#5063,.T.);
#6887=ORIENTED_EDGE('',*,*,#5106,.T.);
#6888=ORIENTED_EDGE('',*,*,#5106,.F.);
#6889=ORIENTED_EDGE('',*,*,#5062,.T.);
#6890=ORIENTED_EDGE('',*,*,#5107,.T.);
#6891=ORIENTED_EDGE('',*,*,#5023,.F.);
#6892=ORIENTED_EDGE('',*,*,#5018,.T.);
#6893=ORIENTED_EDGE('',*,*,#5108,.T.);
#6894=ORIENTED_EDGE('',*,*,#5067,.T.);
#6895=ORIENTED_EDGE('',*,*,#5109,.T.);
#6896=ORIENTED_EDGE('',*,*,#5108,.F.);
#6897=ORIENTED_EDGE('',*,*,#5017,.F.);
#6898=ORIENTED_EDGE('',*,*,#5110,.F.);
#6899=ORIENTED_EDGE('',*,*,#5068,.T.);
#6900=ORIENTED_EDGE('',*,*,#5016,.T.);
#6901=ORIENTED_EDGE('',*,*,#5111,.T.);
#6902=ORIENTED_EDGE('',*,*,#5069,.T.);
#6903=ORIENTED_EDGE('',*,*,#5110,.T.);
#6904=ORIENTED_EDGE('',*,*,#5012,.T.);
#6905=ORIENTED_EDGE('',*,*,#5112,.T.);
#6906=ORIENTED_EDGE('',*,*,#5073,.T.);
#6907=ORIENTED_EDGE('',*,*,#5113,.T.);
#6908=ORIENTED_EDGE('',*,*,#5112,.F.);
#6909=ORIENTED_EDGE('',*,*,#5011,.F.);
#6910=ORIENTED_EDGE('',*,*,#5114,.F.);
#6911=ORIENTED_EDGE('',*,*,#5074,.T.);
#6912=ORIENTED_EDGE('',*,*,#5010,.T.);
#6913=ORIENTED_EDGE('',*,*,#5115,.T.);
#6914=ORIENTED_EDGE('',*,*,#5075,.T.);
#6915=ORIENTED_EDGE('',*,*,#5114,.T.);
#6916=ORIENTED_EDGE('',*,*,#5008,.T.);
#6917=ORIENTED_EDGE('',*,*,#5116,.T.);
#6918=ORIENTED_EDGE('',*,*,#5077,.T.);
#6919=ORIENTED_EDGE('',*,*,#5117,.T.);
#6920=ORIENTED_EDGE('',*,*,#5116,.F.);
#6921=ORIENTED_EDGE('',*,*,#5007,.F.);
#6922=ORIENTED_EDGE('',*,*,#5118,.F.);
#6923=ORIENTED_EDGE('',*,*,#5078,.T.);
#6924=ORIENTED_EDGE('',*,*,#5029,.F.);
#6925=ORIENTED_EDGE('',*,*,#5119,.T.);
#6926=ORIENTED_EDGE('',*,*,#5101,.T.);
#6927=ORIENTED_EDGE('',*,*,#5119,.F.);
#6928=ORIENTED_EDGE('',*,*,#5098,.T.);
#6929=ORIENTED_EDGE('',*,*,#5120,.T.);
#6930=ORIENTED_EDGE('',*,*,#5033,.F.);
#6931=ORIENTED_EDGE('',*,*,#5121,.F.);
#6932=ORIENTED_EDGE('',*,*,#5099,.T.);
#6933=ORIENTED_EDGE('',*,*,#5121,.T.);
#6934=ORIENTED_EDGE('',*,*,#5032,.F.);
#6935=ORIENTED_EDGE('',*,*,#5122,.F.);
#6936=ORIENTED_EDGE('',*,*,#5100,.T.);
#6937=ORIENTED_EDGE('',*,*,#5122,.T.);
#6938=ORIENTED_EDGE('',*,*,#5031,.F.);
#6939=ORIENTED_EDGE('',*,*,#5123,.F.);
#6940=ORIENTED_EDGE('',*,*,#5097,.T.);
#6941=ORIENTED_EDGE('',*,*,#5123,.T.);
#6942=ORIENTED_EDGE('',*,*,#5030,.F.);
#6943=ORIENTED_EDGE('',*,*,#5120,.F.);
#6944=ORIENTED_EDGE('',*,*,#5090,.T.);
#6945=ORIENTED_EDGE('',*,*,#5124,.T.);
#6946=ORIENTED_EDGE('',*,*,#5041,.F.);
#6947=ORIENTED_EDGE('',*,*,#5125,.F.);
#6948=ORIENTED_EDGE('',*,*,#5091,.T.);
#6949=ORIENTED_EDGE('',*,*,#5125,.T.);
#6950=ORIENTED_EDGE('',*,*,#5040,.F.);
#6951=ORIENTED_EDGE('',*,*,#5126,.F.);
#6952=ORIENTED_EDGE('',*,*,#5092,.T.);
#6953=ORIENTED_EDGE('',*,*,#5126,.T.);
#6954=ORIENTED_EDGE('',*,*,#5039,.F.);
#6955=ORIENTED_EDGE('',*,*,#5127,.F.);
#6956=ORIENTED_EDGE('',*,*,#5093,.T.);
#6957=ORIENTED_EDGE('',*,*,#5127,.T.);
#6958=ORIENTED_EDGE('',*,*,#5038,.F.);
#6959=ORIENTED_EDGE('',*,*,#5128,.F.);
#6960=ORIENTED_EDGE('',*,*,#5094,.T.);
#6961=ORIENTED_EDGE('',*,*,#5128,.T.);
#6962=ORIENTED_EDGE('',*,*,#5037,.F.);
#6963=ORIENTED_EDGE('',*,*,#5129,.F.);
#6964=ORIENTED_EDGE('',*,*,#5095,.T.);
#6965=ORIENTED_EDGE('',*,*,#5129,.T.);
#6966=ORIENTED_EDGE('',*,*,#5036,.F.);
#6967=ORIENTED_EDGE('',*,*,#5130,.F.);
#6968=ORIENTED_EDGE('',*,*,#5096,.T.);
#6969=ORIENTED_EDGE('',*,*,#5130,.T.);
#6970=ORIENTED_EDGE('',*,*,#5035,.F.);
#6971=ORIENTED_EDGE('',*,*,#5131,.F.);
#6972=ORIENTED_EDGE('',*,*,#5089,.T.);
#6973=ORIENTED_EDGE('',*,*,#5131,.T.);
#6974=ORIENTED_EDGE('',*,*,#5034,.F.);
#6975=ORIENTED_EDGE('',*,*,#5124,.F.);
#6976=ORIENTED_EDGE('',*,*,#5042,.F.);
#6977=ORIENTED_EDGE('',*,*,#5132,.T.);
#6978=ORIENTED_EDGE('',*,*,#5088,.T.);
#6979=ORIENTED_EDGE('',*,*,#5132,.F.);
#6980=ORIENTED_EDGE('',*,*,#5081,.T.);
#6981=ORIENTED_EDGE('',*,*,#5133,.T.);
#6982=ORIENTED_EDGE('',*,*,#5050,.F.);
#6983=ORIENTED_EDGE('',*,*,#5134,.F.);
#6984=ORIENTED_EDGE('',*,*,#5082,.T.);
#6985=ORIENTED_EDGE('',*,*,#5134,.T.);
#6986=ORIENTED_EDGE('',*,*,#5049,.F.);
#6987=ORIENTED_EDGE('',*,*,#5135,.F.);
#6988=ORIENTED_EDGE('',*,*,#5083,.T.);
#6989=ORIENTED_EDGE('',*,*,#5135,.T.);
#6990=ORIENTED_EDGE('',*,*,#5048,.F.);
#6991=ORIENTED_EDGE('',*,*,#5136,.F.);
#6992=ORIENTED_EDGE('',*,*,#5084,.T.);
#6993=ORIENTED_EDGE('',*,*,#5136,.T.);
#6994=ORIENTED_EDGE('',*,*,#5047,.F.);
#6995=ORIENTED_EDGE('',*,*,#5137,.F.);
#6996=ORIENTED_EDGE('',*,*,#5085,.T.);
#6997=ORIENTED_EDGE('',*,*,#5137,.T.);
#6998=ORIENTED_EDGE('',*,*,#5046,.F.);
#6999=ORIENTED_EDGE('',*,*,#5138,.F.);
#7000=ORIENTED_EDGE('',*,*,#5086,.T.);
#7001=ORIENTED_EDGE('',*,*,#5138,.T.);
#7002=ORIENTED_EDGE('',*,*,#5045,.F.);
#7003=ORIENTED_EDGE('',*,*,#5139,.F.);
#7004=ORIENTED_EDGE('',*,*,#5087,.T.);
#7005=ORIENTED_EDGE('',*,*,#5139,.T.);
#7006=ORIENTED_EDGE('',*,*,#5044,.F.);
#7007=ORIENTED_EDGE('',*,*,#5140,.F.);
#7008=ORIENTED_EDGE('',*,*,#5080,.T.);
#7009=ORIENTED_EDGE('',*,*,#5140,.T.);
#7010=ORIENTED_EDGE('',*,*,#5043,.F.);
#7011=ORIENTED_EDGE('',*,*,#5133,.F.);
#7012=ORIENTED_EDGE('',*,*,#5111,.F.);
#7013=ORIENTED_EDGE('',*,*,#5015,.F.);
#7014=ORIENTED_EDGE('',*,*,#5141,.F.);
#7015=ORIENTED_EDGE('',*,*,#5070,.F.);
#7016=ORIENTED_EDGE('',*,*,#5071,.T.);
#7017=ORIENTED_EDGE('',*,*,#5141,.T.);
#7018=ORIENTED_EDGE('',*,*,#5014,.F.);
#7019=ORIENTED_EDGE('',*,*,#5142,.F.);
#7020=ORIENTED_EDGE('',*,*,#5113,.F.);
#7021=ORIENTED_EDGE('',*,*,#5072,.T.);
#7022=ORIENTED_EDGE('',*,*,#5142,.T.);
#7023=ORIENTED_EDGE('',*,*,#5013,.F.);
#7024=ORIENTED_EDGE('',*,*,#5115,.F.);
#7025=ORIENTED_EDGE('',*,*,#5009,.F.);
#7026=ORIENTED_EDGE('',*,*,#5117,.F.);
#7027=ORIENTED_EDGE('',*,*,#5076,.T.);
#7028=ORIENTED_EDGE('',*,*,#5079,.T.);
#7029=ORIENTED_EDGE('',*,*,#5118,.T.);
#7030=ORIENTED_EDGE('',*,*,#5006,.F.);
#7031=ORIENTED_EDGE('',*,*,#5004,.F.);
#7032=ORIENTED_EDGE('',*,*,#5055,.F.);
#7033=ORIENTED_EDGE('',*,*,#5002,.F.);
#7034=ORIENTED_EDGE('',*,*,#5143,.F.);
#7035=ORIENTED_EDGE('',*,*,#5056,.T.);
#7036=ORIENTED_EDGE('',*,*,#5051,.F.);
#7037=ORIENTED_EDGE('',*,*,#5001,.F.);
#7038=ORIENTED_EDGE('',*,*,#5028,.F.);
#7039=ORIENTED_EDGE('',*,*,#5104,.F.);
#7040=ORIENTED_EDGE('',*,*,#5057,.T.);
#7041=ORIENTED_EDGE('',*,*,#5143,.T.);
#7042=ORIENTED_EDGE('',*,*,#5102,.F.);
#7043=ORIENTED_EDGE('',*,*,#5025,.F.);
#7044=ORIENTED_EDGE('',*,*,#5144,.F.);
#7045=ORIENTED_EDGE('',*,*,#5060,.T.);
#7046=ORIENTED_EDGE('',*,*,#5061,.T.);
#7047=ORIENTED_EDGE('',*,*,#5144,.T.);
#7048=ORIENTED_EDGE('',*,*,#5024,.F.);
#7049=ORIENTED_EDGE('',*,*,#5107,.F.);
#7050=ORIENTED_EDGE('',*,*,#5105,.F.);
#7051=ORIENTED_EDGE('',*,*,#5021,.F.);
#7052=ORIENTED_EDGE('',*,*,#5145,.F.);
#7053=ORIENTED_EDGE('',*,*,#5064,.T.);
#7054=ORIENTED_EDGE('',*,*,#5065,.T.);
#7055=ORIENTED_EDGE('',*,*,#5145,.T.);
#7056=ORIENTED_EDGE('',*,*,#5020,.F.);
#7057=ORIENTED_EDGE('',*,*,#5146,.F.);
#7058=ORIENTED_EDGE('',*,*,#5109,.F.);
#7059=ORIENTED_EDGE('',*,*,#5066,.T.);
#7060=ORIENTED_EDGE('',*,*,#5146,.T.);
#7061=ORIENTED_EDGE('',*,*,#5019,.F.);
#7062=ORIENTED_EDGE('',*,*,#5147,.F.);
#7063=ORIENTED_EDGE('',*,*,#5148,.T.);
#7064=ORIENTED_EDGE('',*,*,#5149,.F.);
#7065=ORIENTED_EDGE('',*,*,#5150,.F.);
#7066=ORIENTED_EDGE('',*,*,#5151,.T.);
#7067=ORIENTED_EDGE('',*,*,#5152,.F.);
#7068=ORIENTED_EDGE('',*,*,#5153,.F.);
#7069=ORIENTED_EDGE('',*,*,#5154,.T.);
#7070=ORIENTED_EDGE('',*,*,#5155,.F.);
#7071=ORIENTED_EDGE('',*,*,#5156,.F.);
#7072=ORIENTED_EDGE('',*,*,#5157,.T.);
#7073=ORIENTED_EDGE('',*,*,#5158,.F.);
#7074=ORIENTED_EDGE('',*,*,#5159,.F.);
#7075=ORIENTED_EDGE('',*,*,#5160,.T.);
#7076=ORIENTED_EDGE('',*,*,#5161,.T.);
#7077=ORIENTED_EDGE('',*,*,#5162,.T.);
#7078=ORIENTED_EDGE('',*,*,#5163,.F.);
#7079=ORIENTED_EDGE('',*,*,#5164,.T.);
#7080=ORIENTED_EDGE('',*,*,#5165,.F.);
#7081=ORIENTED_EDGE('',*,*,#5164,.F.);
#7082=ORIENTED_EDGE('',*,*,#5166,.F.);
#7083=ORIENTED_EDGE('',*,*,#5163,.T.);
#7084=ORIENTED_EDGE('',*,*,#5166,.T.);
#7085=ORIENTED_EDGE('',*,*,#5167,.T.);
#7086=ORIENTED_EDGE('',*,*,#5168,.F.);
#7087=ORIENTED_EDGE('',*,*,#5167,.F.);
#7088=ORIENTED_EDGE('',*,*,#5169,.T.);
#7089=ORIENTED_EDGE('',*,*,#5170,.F.);
#7090=ORIENTED_EDGE('',*,*,#5171,.T.);
#7091=ORIENTED_EDGE('',*,*,#5172,.T.);
#7092=ORIENTED_EDGE('',*,*,#5172,.F.);
#7093=ORIENTED_EDGE('',*,*,#5173,.F.);
#7094=ORIENTED_EDGE('',*,*,#5174,.F.);
#7095=ORIENTED_EDGE('',*,*,#5175,.T.);
#7096=ORIENTED_EDGE('',*,*,#5171,.F.);
#7097=ORIENTED_EDGE('',*,*,#5176,.T.);
#7098=ORIENTED_EDGE('',*,*,#5177,.F.);
#7099=ORIENTED_EDGE('',*,*,#5178,.F.);
#7100=ORIENTED_EDGE('',*,*,#5179,.F.);
#7101=ORIENTED_EDGE('',*,*,#5180,.F.);
#7102=ORIENTED_EDGE('',*,*,#5181,.F.);
#7103=ORIENTED_EDGE('',*,*,#5173,.T.);
#7104=ORIENTED_EDGE('',*,*,#5182,.T.);
#7105=ORIENTED_EDGE('',*,*,#5183,.F.);
#7106=ORIENTED_EDGE('',*,*,#5184,.T.);
#7107=ORIENTED_EDGE('',*,*,#5185,.T.);
#7108=ORIENTED_EDGE('',*,*,#5185,.F.);
#7109=ORIENTED_EDGE('',*,*,#5186,.F.);
#7110=ORIENTED_EDGE('',*,*,#5187,.F.);
#7111=ORIENTED_EDGE('',*,*,#5188,.F.);
#7112=ORIENTED_EDGE('',*,*,#5189,.F.);
#7113=ORIENTED_EDGE('',*,*,#5190,.F.);
#7114=ORIENTED_EDGE('',*,*,#5191,.T.);
#7115=ORIENTED_EDGE('',*,*,#5184,.F.);
#7116=ORIENTED_EDGE('',*,*,#5192,.F.);
#7117=ORIENTED_EDGE('',*,*,#5193,.F.);
#7118=ORIENTED_EDGE('',*,*,#5194,.F.);
#7119=ORIENTED_EDGE('',*,*,#5186,.T.);
#7120=ORIENTED_EDGE('',*,*,#5195,.T.);
#7121=ORIENTED_EDGE('',*,*,#5196,.F.);
#7122=ORIENTED_EDGE('',*,*,#5197,.T.);
#7123=ORIENTED_EDGE('',*,*,#5198,.T.);
#7124=ORIENTED_EDGE('',*,*,#5199,.F.);
#7125=ORIENTED_EDGE('',*,*,#5195,.F.);
#7126=ORIENTED_EDGE('',*,*,#5200,.F.);
#7127=ORIENTED_EDGE('',*,*,#5201,.F.);
#7128=ORIENTED_EDGE('',*,*,#5179,.T.);
#7129=ORIENTED_EDGE('',*,*,#5202,.F.);
#7130=ORIENTED_EDGE('',*,*,#5203,.T.);
#7131=ORIENTED_EDGE('',*,*,#5204,.F.);
#7132=ORIENTED_EDGE('',*,*,#5203,.F.);
#7133=ORIENTED_EDGE('',*,*,#5205,.F.);
#7134=ORIENTED_EDGE('',*,*,#5206,.F.);
#7135=ORIENTED_EDGE('',*,*,#5193,.T.);
#7136=ORIENTED_EDGE('',*,*,#5207,.T.);
#7137=ORIENTED_EDGE('',*,*,#5208,.T.);
#7138=ORIENTED_EDGE('',*,*,#5209,.F.);
#7139=ORIENTED_EDGE('',*,*,#5183,.T.);
#7140=ORIENTED_EDGE('',*,*,#5210,.T.);
#7141=ORIENTED_EDGE('',*,*,#5211,.F.);
#7142=ORIENTED_EDGE('',*,*,#5176,.F.);
#7143=ORIENTED_EDGE('',*,*,#5170,.T.);
#7144=ORIENTED_EDGE('',*,*,#5212,.T.);
#7145=ORIENTED_EDGE('',*,*,#5207,.F.);
#7146=ORIENTED_EDGE('',*,*,#5192,.T.);
#7147=ORIENTED_EDGE('',*,*,#5168,.T.);
#7148=ORIENTED_EDGE('',*,*,#5180,.T.);
#7149=ORIENTED_EDGE('',*,*,#5204,.T.);
#7150=ORIENTED_EDGE('',*,*,#5206,.T.);
#7151=ORIENTED_EDGE('',*,*,#5213,.T.);
#7152=ORIENTED_EDGE('',*,*,#5200,.T.);
#7153=ORIENTED_EDGE('',*,*,#5199,.T.);
#7154=ORIENTED_EDGE('',*,*,#5214,.F.);
#7155=ORIENTED_EDGE('',*,*,#5215,.F.);
#7156=ORIENTED_EDGE('',*,*,#5216,.F.);
#7157=ORIENTED_EDGE('',*,*,#5217,.F.);
#7158=ORIENTED_EDGE('',*,*,#5218,.F.);
#7159=ORIENTED_EDGE('',*,*,#5219,.F.);
#7160=ORIENTED_EDGE('',*,*,#5220,.F.);
#7161=ORIENTED_EDGE('',*,*,#5221,.F.);
#7162=ORIENTED_EDGE('',*,*,#5222,.F.);
#7163=ORIENTED_EDGE('',*,*,#5223,.T.);
#7164=ORIENTED_EDGE('',*,*,#5224,.F.);
#7165=ORIENTED_EDGE('',*,*,#5225,.F.);
#7166=ORIENTED_EDGE('',*,*,#5196,.T.);
#7167=ORIENTED_EDGE('',*,*,#5201,.T.);
#7168=ORIENTED_EDGE('',*,*,#5213,.F.);
#7169=ORIENTED_EDGE('',*,*,#5205,.T.);
#7170=ORIENTED_EDGE('',*,*,#5202,.T.);
#7171=ORIENTED_EDGE('',*,*,#5178,.T.);
#7172=ORIENTED_EDGE('',*,*,#5226,.F.);
#7173=ORIENTED_EDGE('',*,*,#5227,.F.);
#7174=ORIENTED_EDGE('',*,*,#5165,.T.);
#7175=ORIENTED_EDGE('',*,*,#5211,.T.);
#7176=ORIENTED_EDGE('',*,*,#5228,.T.);
#7177=ORIENTED_EDGE('',*,*,#5226,.T.);
#7178=ORIENTED_EDGE('',*,*,#5177,.T.);
#7179=ORIENTED_EDGE('',*,*,#5229,.T.);
#7180=ORIENTED_EDGE('',*,*,#5230,.T.);
#7181=ORIENTED_EDGE('',*,*,#5231,.T.);
#7182=ORIENTED_EDGE('',*,*,#5232,.F.);
#7183=ORIENTED_EDGE('',*,*,#5214,.T.);
#7184=ORIENTED_EDGE('',*,*,#5233,.T.);
#7185=ORIENTED_EDGE('',*,*,#5182,.F.);
#7186=ORIENTED_EDGE('',*,*,#5191,.F.);
#7187=ORIENTED_EDGE('',*,*,#5234,.F.);
#7188=ORIENTED_EDGE('',*,*,#5235,.F.);
#7189=ORIENTED_EDGE('',*,*,#5236,.F.);
#7190=ORIENTED_EDGE('',*,*,#5229,.F.);
#7191=ORIENTED_EDGE('',*,*,#5237,.T.);
#7192=ORIENTED_EDGE('',*,*,#5197,.F.);
#7193=ORIENTED_EDGE('',*,*,#5227,.T.);
#7194=ORIENTED_EDGE('',*,*,#5228,.F.);
#7195=ORIENTED_EDGE('',*,*,#5210,.F.);
#7196=ORIENTED_EDGE('',*,*,#5198,.F.);
#7197=ORIENTED_EDGE('',*,*,#5237,.F.);
#7198=ORIENTED_EDGE('',*,*,#5233,.F.);
#7199=ORIENTED_EDGE('',*,*,#5238,.F.);
#7200=ORIENTED_EDGE('',*,*,#5234,.T.);
#7201=ORIENTED_EDGE('',*,*,#5190,.T.);
#7202=ORIENTED_EDGE('',*,*,#5187,.T.);
#7203=ORIENTED_EDGE('',*,*,#5194,.T.);
#7204=ORIENTED_EDGE('',*,*,#5209,.T.);
#7205=ORIENTED_EDGE('',*,*,#5239,.T.);
#7206=ORIENTED_EDGE('',*,*,#5174,.T.);
#7207=ORIENTED_EDGE('',*,*,#5181,.T.);
#7208=ORIENTED_EDGE('',*,*,#5225,.T.);
#7209=ORIENTED_EDGE('',*,*,#5240,.T.);
#7210=ORIENTED_EDGE('',*,*,#5241,.T.);
#7211=ORIENTED_EDGE('',*,*,#5242,.F.);
#7212=ORIENTED_EDGE('',*,*,#5236,.T.);
#7213=ORIENTED_EDGE('',*,*,#5243,.T.);
#7214=ORIENTED_EDGE('',*,*,#5230,.F.);
#7215=ORIENTED_EDGE('',*,*,#5169,.F.);
#7216=ORIENTED_EDGE('',*,*,#5175,.F.);
#7217=ORIENTED_EDGE('',*,*,#5239,.F.);
#7218=ORIENTED_EDGE('',*,*,#5208,.F.);
#7219=ORIENTED_EDGE('',*,*,#5212,.F.);
#7220=ORIENTED_EDGE('',*,*,#5244,.T.);
#7221=ORIENTED_EDGE('',*,*,#5219,.T.);
#7222=ORIENTED_EDGE('',*,*,#5245,.T.);
#7223=ORIENTED_EDGE('',*,*,#5246,.T.);
#7224=ORIENTED_EDGE('',*,*,#5247,.T.);
#7225=ORIENTED_EDGE('',*,*,#5248,.T.);
#7226=ORIENTED_EDGE('',*,*,#5245,.F.);
#7227=ORIENTED_EDGE('',*,*,#5218,.T.);
#7228=ORIENTED_EDGE('',*,*,#5249,.T.);
#7229=ORIENTED_EDGE('',*,*,#5247,.F.);
#7230=ORIENTED_EDGE('',*,*,#5217,.T.);
#7231=ORIENTED_EDGE('',*,*,#5250,.T.);
#7232=ORIENTED_EDGE('',*,*,#5216,.T.);
#7233=ORIENTED_EDGE('',*,*,#5251,.T.);
#7234=ORIENTED_EDGE('',*,*,#5252,.T.);
#7235=ORIENTED_EDGE('',*,*,#5250,.F.);
#7236=ORIENTED_EDGE('',*,*,#5232,.T.);
#7237=ORIENTED_EDGE('',*,*,#5253,.T.);
#7238=ORIENTED_EDGE('',*,*,#5251,.F.);
#7239=ORIENTED_EDGE('',*,*,#5215,.T.);
#7240=ORIENTED_EDGE('',*,*,#5188,.T.);
#7241=ORIENTED_EDGE('',*,*,#5242,.T.);
#7242=ORIENTED_EDGE('',*,*,#5254,.T.);
#7243=ORIENTED_EDGE('',*,*,#5240,.F.);
#7244=ORIENTED_EDGE('',*,*,#5224,.T.);
#7245=ORIENTED_EDGE('',*,*,#5255,.T.);
#7246=ORIENTED_EDGE('',*,*,#5256,.F.);
#7247=ORIENTED_EDGE('',*,*,#5220,.T.);
#7248=ORIENTED_EDGE('',*,*,#5244,.F.);
#7249=ORIENTED_EDGE('',*,*,#5257,.F.);
#7250=ORIENTED_EDGE('',*,*,#5258,.F.);
#7251=ORIENTED_EDGE('',*,*,#5259,.F.);
#7252=ORIENTED_EDGE('',*,*,#5260,.F.);
#7253=ORIENTED_EDGE('',*,*,#5261,.T.);
#7254=ORIENTED_EDGE('',*,*,#5262,.F.);
#7255=ORIENTED_EDGE('',*,*,#5263,.T.);
#7256=ORIENTED_EDGE('',*,*,#5264,.F.);
#7257=ORIENTED_EDGE('',*,*,#5265,.T.);
#7258=ORIENTED_EDGE('',*,*,#5266,.F.);
#7259=ORIENTED_EDGE('',*,*,#5267,.F.);
#7260=ORIENTED_EDGE('',*,*,#5268,.F.);
#7261=ORIENTED_EDGE('',*,*,#5269,.F.);
#7262=ORIENTED_EDGE('',*,*,#5270,.F.);
#7263=ORIENTED_EDGE('',*,*,#5271,.F.);
#7264=ORIENTED_EDGE('',*,*,#5272,.F.);
#7265=ORIENTED_EDGE('',*,*,#5273,.F.);
#7266=ORIENTED_EDGE('',*,*,#5274,.F.);
#7267=ORIENTED_EDGE('',*,*,#5241,.F.);
#7268=ORIENTED_EDGE('',*,*,#5275,.F.);
#7269=ORIENTED_EDGE('',*,*,#5276,.F.);
#7270=ORIENTED_EDGE('',*,*,#5222,.T.);
#7271=ORIENTED_EDGE('',*,*,#5277,.F.);
#7272=ORIENTED_EDGE('',*,*,#5278,.T.);
#7273=ORIENTED_EDGE('',*,*,#5279,.F.);
#7274=ORIENTED_EDGE('',*,*,#5275,.T.);
#7275=ORIENTED_EDGE('',*,*,#5280,.T.);
#7276=ORIENTED_EDGE('',*,*,#5281,.F.);
#7277=ORIENTED_EDGE('',*,*,#5282,.F.);
#7278=ORIENTED_EDGE('',*,*,#5278,.F.);
#7279=ORIENTED_EDGE('',*,*,#5283,.F.);
#7280=ORIENTED_EDGE('',*,*,#5284,.T.);
#7281=ORIENTED_EDGE('',*,*,#5285,.F.);
#7282=ORIENTED_EDGE('',*,*,#5281,.T.);
#7283=ORIENTED_EDGE('',*,*,#5286,.T.);
#7284=ORIENTED_EDGE('',*,*,#5253,.F.);
#7285=ORIENTED_EDGE('',*,*,#5287,.T.);
#7286=ORIENTED_EDGE('',*,*,#5288,.F.);
#7287=ORIENTED_EDGE('',*,*,#5289,.T.);
#7288=ORIENTED_EDGE('',*,*,#5290,.T.);
#7289=ORIENTED_EDGE('',*,*,#5291,.T.);
#7290=ORIENTED_EDGE('',*,*,#5288,.T.);
#7291=ORIENTED_EDGE('',*,*,#5292,.T.);
#7292=ORIENTED_EDGE('',*,*,#5293,.F.);
#7293=ORIENTED_EDGE('',*,*,#5294,.F.);
#7294=ORIENTED_EDGE('',*,*,#5290,.F.);
#7295=ORIENTED_EDGE('',*,*,#5295,.F.);
#7296=ORIENTED_EDGE('',*,*,#5296,.F.);
#7297=ORIENTED_EDGE('',*,*,#5297,.T.);
#7298=ORIENTED_EDGE('',*,*,#5298,.F.);
#7299=ORIENTED_EDGE('',*,*,#5299,.T.);
#7300=ORIENTED_EDGE('',*,*,#5300,.T.);
#7301=ORIENTED_EDGE('',*,*,#5295,.T.);
#7302=ORIENTED_EDGE('',*,*,#5301,.T.);
#7303=ORIENTED_EDGE('',*,*,#5246,.F.);
#7304=ORIENTED_EDGE('',*,*,#5302,.F.);
#7305=ORIENTED_EDGE('',*,*,#5303,.F.);
#7306=ORIENTED_EDGE('',*,*,#5304,.F.);
#7307=ORIENTED_EDGE('',*,*,#5305,.F.);
#7308=ORIENTED_EDGE('',*,*,#5299,.F.);
#7309=ORIENTED_EDGE('',*,*,#5306,.F.);
#7310=ORIENTED_EDGE('',*,*,#5307,.F.);
#7311=ORIENTED_EDGE('',*,*,#5308,.F.);
#7312=ORIENTED_EDGE('',*,*,#5309,.F.);
#7313=ORIENTED_EDGE('',*,*,#5310,.F.);
#7314=ORIENTED_EDGE('',*,*,#5311,.F.);
#7315=ORIENTED_EDGE('',*,*,#5312,.F.);
#7316=ORIENTED_EDGE('',*,*,#5313,.F.);
#7317=ORIENTED_EDGE('',*,*,#5314,.F.);
#7318=ORIENTED_EDGE('',*,*,#5315,.F.);
#7319=ORIENTED_EDGE('',*,*,#5316,.F.);
#7320=ORIENTED_EDGE('',*,*,#5317,.F.);
#7321=ORIENTED_EDGE('',*,*,#5318,.F.);
#7322=ORIENTED_EDGE('',*,*,#5319,.F.);
#7323=ORIENTED_EDGE('',*,*,#5320,.F.);
#7324=ORIENTED_EDGE('',*,*,#5321,.F.);
#7325=ORIENTED_EDGE('',*,*,#5322,.F.);
#7326=ORIENTED_EDGE('',*,*,#5323,.F.);
#7327=ORIENTED_EDGE('',*,*,#5324,.F.);
#7328=ORIENTED_EDGE('',*,*,#5325,.T.);
#7329=ORIENTED_EDGE('',*,*,#5326,.F.);
#7330=ORIENTED_EDGE('',*,*,#5327,.T.);
#7331=ORIENTED_EDGE('',*,*,#5328,.T.);
#7332=ORIENTED_EDGE('',*,*,#5329,.T.);
#7333=ORIENTED_EDGE('',*,*,#5330,.T.);
#7334=ORIENTED_EDGE('',*,*,#5331,.T.);
#7335=ORIENTED_EDGE('',*,*,#5332,.T.);
#7336=ORIENTED_EDGE('',*,*,#5333,.F.);
#7337=ORIENTED_EDGE('',*,*,#5328,.F.);
#7338=ORIENTED_EDGE('',*,*,#5334,.T.);
#7339=ORIENTED_EDGE('',*,*,#5335,.T.);
#7340=ORIENTED_EDGE('',*,*,#5336,.T.);
#7341=ORIENTED_EDGE('',*,*,#5337,.T.);
#7342=ORIENTED_EDGE('',*,*,#5338,.T.);
#7343=ORIENTED_EDGE('',*,*,#5152,.T.);
#7344=ORIENTED_EDGE('',*,*,#5336,.F.);
#7345=ORIENTED_EDGE('',*,*,#5339,.T.);
#7346=ORIENTED_EDGE('',*,*,#5339,.F.);
#7347=ORIENTED_EDGE('',*,*,#5335,.F.);
#7348=ORIENTED_EDGE('',*,*,#5340,.T.);
#7349=ORIENTED_EDGE('',*,*,#5341,.F.);
#7350=ORIENTED_EDGE('',*,*,#5342,.F.);
#7351=ORIENTED_EDGE('',*,*,#5343,.T.);
#7352=ORIENTED_EDGE('',*,*,#5344,.F.);
#7353=ORIENTED_EDGE('',*,*,#5345,.F.);
#7354=ORIENTED_EDGE('',*,*,#5346,.F.);
#7355=ORIENTED_EDGE('',*,*,#5347,.T.);
#7356=ORIENTED_EDGE('',*,*,#5348,.T.);
#7357=ORIENTED_EDGE('',*,*,#5349,.F.);
#7358=ORIENTED_EDGE('',*,*,#5348,.F.);
#7359=ORIENTED_EDGE('',*,*,#5350,.T.);
#7360=ORIENTED_EDGE('',*,*,#5351,.F.);
#7361=ORIENTED_EDGE('',*,*,#5157,.F.);
#7362=ORIENTED_EDGE('',*,*,#5352,.F.);
#7363=ORIENTED_EDGE('',*,*,#5353,.T.);
#7364=ORIENTED_EDGE('',*,*,#5337,.F.);
#7365=ORIENTED_EDGE('',*,*,#5151,.F.);
#7366=ORIENTED_EDGE('',*,*,#5354,.F.);
#7367=ORIENTED_EDGE('',*,*,#5355,.T.);
#7368=ORIENTED_EDGE('',*,*,#5356,.F.);
#7369=ORIENTED_EDGE('',*,*,#5357,.T.);
#7370=ORIENTED_EDGE('',*,*,#5358,.T.);
#7371=ORIENTED_EDGE('',*,*,#5359,.T.);
#7372=ORIENTED_EDGE('',*,*,#5156,.T.);
#7373=ORIENTED_EDGE('',*,*,#5360,.T.);
#7374=ORIENTED_EDGE('',*,*,#5352,.T.);
#7375=ORIENTED_EDGE('',*,*,#5359,.F.);
#7376=ORIENTED_EDGE('',*,*,#5361,.T.);
#7377=ORIENTED_EDGE('',*,*,#5361,.F.);
#7378=ORIENTED_EDGE('',*,*,#5358,.F.);
#7379=ORIENTED_EDGE('',*,*,#5362,.T.);
#7380=ORIENTED_EDGE('',*,*,#5363,.T.);
#7381=ORIENTED_EDGE('',*,*,#5364,.T.);
#7382=ORIENTED_EDGE('',*,*,#5365,.T.);
#7383=ORIENTED_EDGE('',*,*,#5366,.T.);
#7384=ORIENTED_EDGE('',*,*,#5367,.T.);
#7385=ORIENTED_EDGE('',*,*,#5346,.T.);
#7386=ORIENTED_EDGE('',*,*,#5365,.F.);
#7387=ORIENTED_EDGE('',*,*,#5368,.T.);
#7388=ORIENTED_EDGE('',*,*,#5368,.F.);
#7389=ORIENTED_EDGE('',*,*,#5364,.F.);
#7390=ORIENTED_EDGE('',*,*,#5369,.T.);
#7391=ORIENTED_EDGE('',*,*,#5370,.T.);
#7392=ORIENTED_EDGE('',*,*,#5371,.T.);
#7393=ORIENTED_EDGE('',*,*,#5372,.T.);
#7394=ORIENTED_EDGE('',*,*,#5351,.T.);
#7395=ORIENTED_EDGE('',*,*,#5373,.T.);
#7396=ORIENTED_EDGE('',*,*,#5158,.T.);
#7397=ORIENTED_EDGE('',*,*,#5372,.F.);
#7398=ORIENTED_EDGE('',*,*,#5374,.T.);
#7399=ORIENTED_EDGE('',*,*,#5374,.F.);
#7400=ORIENTED_EDGE('',*,*,#5371,.F.);
#7401=ORIENTED_EDGE('',*,*,#5375,.T.);
#7402=ORIENTED_EDGE('',*,*,#5376,.T.);
#7403=ORIENTED_EDGE('',*,*,#5342,.T.);
#7404=ORIENTED_EDGE('',*,*,#5329,.F.);
#7405=ORIENTED_EDGE('',*,*,#5333,.T.);
#7406=ORIENTED_EDGE('',*,*,#5377,.T.);
#7407=ORIENTED_EDGE('',*,*,#5378,.T.);
#7408=ORIENTED_EDGE('',*,*,#5379,.T.);
#7409=ORIENTED_EDGE('',*,*,#5344,.T.);
#7410=ORIENTED_EDGE('',*,*,#5380,.T.);
#7411=ORIENTED_EDGE('',*,*,#5379,.F.);
#7412=ORIENTED_EDGE('',*,*,#5381,.T.);
#7413=ORIENTED_EDGE('',*,*,#5382,.T.);
#7414=ORIENTED_EDGE('',*,*,#5381,.F.);
#7415=ORIENTED_EDGE('',*,*,#5378,.F.);
#7416=ORIENTED_EDGE('',*,*,#5383,.T.);
#7417=ORIENTED_EDGE('',*,*,#5384,.T.);
#7418=ORIENTED_EDGE('',*,*,#5385,.T.);
#7419=ORIENTED_EDGE('',*,*,#5386,.T.);
#7420=ORIENTED_EDGE('',*,*,#5356,.T.);
#7421=ORIENTED_EDGE('',*,*,#5387,.T.);
#7422=ORIENTED_EDGE('',*,*,#5388,.T.);
#7423=ORIENTED_EDGE('',*,*,#5386,.F.);
#7424=ORIENTED_EDGE('',*,*,#5389,.T.);
#7425=ORIENTED_EDGE('',*,*,#5389,.F.);
#7426=ORIENTED_EDGE('',*,*,#5385,.F.);
#7427=ORIENTED_EDGE('',*,*,#5390,.T.);
#7428=ORIENTED_EDGE('',*,*,#5391,.T.);
#7429=ORIENTED_EDGE('',*,*,#5392,.T.);
#7430=ORIENTED_EDGE('',*,*,#5393,.T.);
#7431=ORIENTED_EDGE('',*,*,#5150,.T.);
#7432=ORIENTED_EDGE('',*,*,#5394,.T.);
#7433=ORIENTED_EDGE('',*,*,#5354,.T.);
#7434=ORIENTED_EDGE('',*,*,#5393,.F.);
#7435=ORIENTED_EDGE('',*,*,#5395,.T.);
#7436=ORIENTED_EDGE('',*,*,#5395,.F.);
#7437=ORIENTED_EDGE('',*,*,#5392,.F.);
#7438=ORIENTED_EDGE('',*,*,#5396,.T.);
#7439=ORIENTED_EDGE('',*,*,#5353,.F.);
#7440=ORIENTED_EDGE('',*,*,#5360,.F.);
#7441=ORIENTED_EDGE('',*,*,#5362,.F.);
#7442=ORIENTED_EDGE('',*,*,#5357,.F.);
#7443=ORIENTED_EDGE('',*,*,#5155,.T.);
#7444=ORIENTED_EDGE('',*,*,#5154,.F.);
#7445=ORIENTED_EDGE('',*,*,#5153,.T.);
#7446=ORIENTED_EDGE('',*,*,#5338,.F.);
#7447=ORIENTED_EDGE('',*,*,#5340,.F.);
#7448=ORIENTED_EDGE('',*,*,#5334,.F.);
#7449=ORIENTED_EDGE('',*,*,#5355,.F.);
#7450=ORIENTED_EDGE('',*,*,#5394,.F.);
#7451=ORIENTED_EDGE('',*,*,#5396,.F.);
#7452=ORIENTED_EDGE('',*,*,#5391,.F.);
#7453=ORIENTED_EDGE('',*,*,#5149,.T.);
#7454=ORIENTED_EDGE('',*,*,#5148,.F.);
#7455=ORIENTED_EDGE('',*,*,#5397,.F.);
#7456=ORIENTED_EDGE('',*,*,#5398,.T.);
#7457=ORIENTED_EDGE('',*,*,#5387,.F.);
#7458=ORIENTED_EDGE('',*,*,#5390,.F.);
#7459=ORIENTED_EDGE('',*,*,#5384,.F.);
#7460=ORIENTED_EDGE('',*,*,#5399,.F.);
#7461=ORIENTED_EDGE('',*,*,#5160,.F.);
#7462=ORIENTED_EDGE('',*,*,#5159,.T.);
#7463=ORIENTED_EDGE('',*,*,#5373,.F.);
#7464=ORIENTED_EDGE('',*,*,#5375,.F.);
#7465=ORIENTED_EDGE('',*,*,#5370,.F.);
#7466=ORIENTED_EDGE('',*,*,#5350,.F.);
#7467=ORIENTED_EDGE('',*,*,#5347,.F.);
#7468=ORIENTED_EDGE('',*,*,#5367,.F.);
#7469=ORIENTED_EDGE('',*,*,#5369,.F.);
#7470=ORIENTED_EDGE('',*,*,#5363,.F.);
#7471=ORIENTED_EDGE('',*,*,#5400,.T.);
#7472=ORIENTED_EDGE('',*,*,#5383,.F.);
#7473=ORIENTED_EDGE('',*,*,#5377,.F.);
#7474=ORIENTED_EDGE('',*,*,#5343,.F.);
#7475=ORIENTED_EDGE('',*,*,#5376,.F.);
#7476=ORIENTED_EDGE('',*,*,#5332,.F.);
#7477=ORIENTED_EDGE('',*,*,#5331,.F.);
#7478=ORIENTED_EDGE('',*,*,#5401,.T.);
#7479=ORIENTED_EDGE('',*,*,#5402,.F.);
#7480=ORIENTED_EDGE('',*,*,#5403,.T.);
#7481=ORIENTED_EDGE('',*,*,#5382,.F.);
#7482=ORIENTED_EDGE('',*,*,#5147,.T.);
#7483=ORIENTED_EDGE('',*,*,#5404,.T.);
#7484=ORIENTED_EDGE('',*,*,#5161,.F.);
#7485=ORIENTED_EDGE('',*,*,#5399,.T.);
#7486=ORIENTED_EDGE('',*,*,#5400,.F.);
#7487=ORIENTED_EDGE('',*,*,#5366,.F.);
#7488=ORIENTED_EDGE('',*,*,#5345,.T.);
#7489=ORIENTED_EDGE('',*,*,#5380,.F.);
#7490=ORIENTED_EDGE('',*,*,#5403,.F.);
#7491=ORIENTED_EDGE('',*,*,#5402,.T.);
#7492=ORIENTED_EDGE('',*,*,#5401,.F.);
#7493=ORIENTED_EDGE('',*,*,#5330,.F.);
#7494=ORIENTED_EDGE('',*,*,#5341,.T.);
#7495=ORIENTED_EDGE('',*,*,#5388,.F.);
#7496=ORIENTED_EDGE('',*,*,#5398,.F.);
#7497=ORIENTED_EDGE('',*,*,#5397,.T.);
#7498=ORIENTED_EDGE('',*,*,#5189,.T.);
#7499=ORIENTED_EDGE('',*,*,#5254,.F.);
#7500=ORIENTED_EDGE('',*,*,#5274,.T.);
#7501=ORIENTED_EDGE('',*,*,#5405,.T.);
#7502=ORIENTED_EDGE('',*,*,#5406,.T.);
#7503=ORIENTED_EDGE('',*,*,#5243,.F.);
#7504=ORIENTED_EDGE('',*,*,#5235,.T.);
#7505=ORIENTED_EDGE('',*,*,#5238,.T.);
#7506=ORIENTED_EDGE('',*,*,#5407,.T.);
#7507=ORIENTED_EDGE('',*,*,#5408,.T.);
#7508=ORIENTED_EDGE('',*,*,#5409,.T.);
#7509=ORIENTED_EDGE('',*,*,#5262,.T.);
#7510=ORIENTED_EDGE('',*,*,#5410,.F.);
#7511=ORIENTED_EDGE('',*,*,#5411,.F.);
#7512=ORIENTED_EDGE('',*,*,#5412,.F.);
#7513=ORIENTED_EDGE('',*,*,#5263,.F.);
#7514=ORIENTED_EDGE('',*,*,#5409,.F.);
#7515=ORIENTED_EDGE('',*,*,#5413,.T.);
#7516=ORIENTED_EDGE('',*,*,#5266,.T.);
#7517=ORIENTED_EDGE('',*,*,#5414,.T.);
#7518=ORIENTED_EDGE('',*,*,#5415,.T.);
#7519=ORIENTED_EDGE('',*,*,#5416,.T.);
#7520=ORIENTED_EDGE('',*,*,#5417,.F.);
#7521=ORIENTED_EDGE('',*,*,#5418,.F.);
#7522=ORIENTED_EDGE('',*,*,#5419,.F.);
#7523=ORIENTED_EDGE('',*,*,#5420,.F.);
#7524=ORIENTED_EDGE('',*,*,#5421,.F.);
#7525=ORIENTED_EDGE('',*,*,#5267,.T.);
#7526=ORIENTED_EDGE('',*,*,#5413,.F.);
#7527=ORIENTED_EDGE('',*,*,#5411,.T.);
#7528=ORIENTED_EDGE('',*,*,#5422,.T.);
#7529=ORIENTED_EDGE('',*,*,#5423,.T.);
#7530=ORIENTED_EDGE('',*,*,#5424,.F.);
#7531=ORIENTED_EDGE('',*,*,#5408,.F.);
#7532=ORIENTED_EDGE('',*,*,#5425,.T.);
#7533=ORIENTED_EDGE('',*,*,#5426,.F.);
#7534=ORIENTED_EDGE('',*,*,#5416,.F.);
#7535=ORIENTED_EDGE('',*,*,#5415,.F.);
#7536=ORIENTED_EDGE('',*,*,#5427,.T.);
#7537=ORIENTED_EDGE('',*,*,#5422,.F.);
#7538=ORIENTED_EDGE('',*,*,#5410,.T.);
#7539=ORIENTED_EDGE('',*,*,#5428,.T.);
#7540=ORIENTED_EDGE('',*,*,#5429,.T.);
#7541=ORIENTED_EDGE('',*,*,#5430,.F.);
#7542=ORIENTED_EDGE('',*,*,#5284,.F.);
#7543=ORIENTED_EDGE('',*,*,#5431,.F.);
#7544=ORIENTED_EDGE('',*,*,#5432,.F.);
#7545=ORIENTED_EDGE('',*,*,#5433,.F.);
#7546=ORIENTED_EDGE('',*,*,#5434,.F.);
#7547=ORIENTED_EDGE('',*,*,#5435,.F.);
#7548=ORIENTED_EDGE('',*,*,#5436,.F.);
#7549=ORIENTED_EDGE('',*,*,#5437,.F.);
#7550=ORIENTED_EDGE('',*,*,#5420,.T.);
#7551=ORIENTED_EDGE('',*,*,#5438,.T.);
#7552=ORIENTED_EDGE('',*,*,#5439,.T.);
#7553=ORIENTED_EDGE('',*,*,#5440,.T.);
#7554=ORIENTED_EDGE('',*,*,#5441,.T.);
#7555=ORIENTED_EDGE('',*,*,#5442,.T.);
#7556=ORIENTED_EDGE('',*,*,#5443,.T.);
#7557=ORIENTED_EDGE('',*,*,#5260,.T.);
#7558=ORIENTED_EDGE('',*,*,#5444,.T.);
#7559=ORIENTED_EDGE('',*,*,#5430,.T.);
#7560=ORIENTED_EDGE('',*,*,#5412,.T.);
#7561=ORIENTED_EDGE('',*,*,#5424,.T.);
#7562=ORIENTED_EDGE('',*,*,#5445,.T.);
#7563=ORIENTED_EDGE('',*,*,#5264,.T.);
#7564=ORIENTED_EDGE('',*,*,#5414,.F.);
#7565=ORIENTED_EDGE('',*,*,#5265,.F.);
#7566=ORIENTED_EDGE('',*,*,#5445,.F.);
#7567=ORIENTED_EDGE('',*,*,#5423,.F.);
#7568=ORIENTED_EDGE('',*,*,#5427,.F.);
#7569=ORIENTED_EDGE('',*,*,#5446,.T.);
#7570=ORIENTED_EDGE('',*,*,#5447,.F.);
#7571=ORIENTED_EDGE('',*,*,#5448,.T.);
#7572=ORIENTED_EDGE('',*,*,#5442,.F.);
#7573=ORIENTED_EDGE('',*,*,#5446,.F.);
#7574=ORIENTED_EDGE('',*,*,#5441,.F.);
#7575=ORIENTED_EDGE('',*,*,#5449,.F.);
#7576=ORIENTED_EDGE('',*,*,#5419,.T.);
#7577=ORIENTED_EDGE('',*,*,#5450,.F.);
#7578=ORIENTED_EDGE('',*,*,#5451,.T.);
#7579=ORIENTED_EDGE('',*,*,#5438,.F.);
#7580=ORIENTED_EDGE('',*,*,#5451,.F.);
#7581=ORIENTED_EDGE('',*,*,#5452,.F.);
#7582=ORIENTED_EDGE('',*,*,#5439,.F.);
#7583=ORIENTED_EDGE('',*,*,#5449,.T.);
#7584=ORIENTED_EDGE('',*,*,#5440,.F.);
#7585=ORIENTED_EDGE('',*,*,#5452,.T.);
#7586=ORIENTED_EDGE('',*,*,#5450,.T.);
#7587=ORIENTED_EDGE('',*,*,#5418,.T.);
#7588=ORIENTED_EDGE('',*,*,#5453,.F.);
#7589=ORIENTED_EDGE('',*,*,#5454,.F.);
#7590=ORIENTED_EDGE('',*,*,#5447,.T.);
#7591=ORIENTED_EDGE('',*,*,#5455,.T.);
#7592=ORIENTED_EDGE('',*,*,#5456,.F.);
#7593=ORIENTED_EDGE('',*,*,#5457,.T.);
#7594=ORIENTED_EDGE('',*,*,#5455,.F.);
#7595=ORIENTED_EDGE('',*,*,#5457,.F.);
#7596=ORIENTED_EDGE('',*,*,#5458,.F.);
#7597=ORIENTED_EDGE('',*,*,#5456,.T.);
#7598=ORIENTED_EDGE('',*,*,#5458,.T.);
#7599=ORIENTED_EDGE('',*,*,#5459,.T.);
#7600=ORIENTED_EDGE('',*,*,#5428,.F.);
#7601=ORIENTED_EDGE('',*,*,#5459,.F.);
#7602=ORIENTED_EDGE('',*,*,#5453,.T.);
#7603=ORIENTED_EDGE('',*,*,#5417,.T.);
#7604=ORIENTED_EDGE('',*,*,#5426,.T.);
#7605=ORIENTED_EDGE('',*,*,#5460,.T.);
#7606=ORIENTED_EDGE('',*,*,#5407,.F.);
#7607=ORIENTED_EDGE('',*,*,#5261,.F.);
#7608=ORIENTED_EDGE('',*,*,#5443,.F.);
#7609=ORIENTED_EDGE('',*,*,#5429,.F.);
#7610=ORIENTED_EDGE('',*,*,#5448,.F.);
#7611=ORIENTED_EDGE('',*,*,#5454,.T.);
#7612=ORIENTED_EDGE('',*,*,#5460,.F.);
#7613=ORIENTED_EDGE('',*,*,#5425,.F.);
#7614=ORIENTED_EDGE('',*,*,#5162,.F.);
#7615=ORIENTED_EDGE('',*,*,#5461,.T.);
#7616=ORIENTED_EDGE('',*,*,#5461,.F.);
#7617=ORIENTED_EDGE('',*,*,#5404,.F.);
#7618=ORIENTED_EDGE('',*,*,#5349,.T.);
#7619=ORIENTED_EDGE('',*,*,#5462,.T.);
#7620=ORIENTED_EDGE('',*,*,#5326,.T.);
#7621=ORIENTED_EDGE('',*,*,#5462,.F.);
#7622=ORIENTED_EDGE('',*,*,#5327,.F.);
#7623=ORIENTED_EDGE('',*,*,#5463,.T.);
#7624=ORIENTED_EDGE('',*,*,#5464,.T.);
#7625=ORIENTED_EDGE('',*,*,#5463,.F.);
#7626=ORIENTED_EDGE('',*,*,#5464,.F.);
#7627=ORIENTED_EDGE('',*,*,#5465,.T.);
#7628=ORIENTED_EDGE('',*,*,#5466,.T.);
#7629=ORIENTED_EDGE('',*,*,#5467,.T.);
#7630=ORIENTED_EDGE('',*,*,#5468,.T.);
#7631=ORIENTED_EDGE('',*,*,#5466,.F.);
#7632=ORIENTED_EDGE('',*,*,#5469,.T.);
#7633=ORIENTED_EDGE('',*,*,#5470,.T.);
#7634=ORIENTED_EDGE('',*,*,#5467,.F.);
#7635=ORIENTED_EDGE('',*,*,#5468,.F.);
#7636=ORIENTED_EDGE('',*,*,#5471,.T.);
#7637=ORIENTED_EDGE('',*,*,#5472,.F.);
#7638=ORIENTED_EDGE('',*,*,#5473,.F.);
#7639=ORIENTED_EDGE('',*,*,#5471,.F.);
#7640=ORIENTED_EDGE('',*,*,#5469,.F.);
#7641=ORIENTED_EDGE('',*,*,#5470,.F.);
#7642=ORIENTED_EDGE('',*,*,#5474,.T.);
#7643=ORIENTED_EDGE('',*,*,#5475,.T.);
#7644=ORIENTED_EDGE('',*,*,#5474,.F.);
#7645=ORIENTED_EDGE('',*,*,#5476,.T.);
#7646=ORIENTED_EDGE('',*,*,#5477,.T.);
#7647=ORIENTED_EDGE('',*,*,#5472,.T.);
#7648=ORIENTED_EDGE('',*,*,#5473,.T.);
#7649=ORIENTED_EDGE('',*,*,#5477,.F.);
#7650=ORIENTED_EDGE('',*,*,#5478,.T.);
#7651=ORIENTED_EDGE('',*,*,#5476,.F.);
#7652=ORIENTED_EDGE('',*,*,#5479,.T.);
#7653=ORIENTED_EDGE('',*,*,#5480,.T.);
#7654=ORIENTED_EDGE('',*,*,#5479,.F.);
#7655=ORIENTED_EDGE('',*,*,#5478,.F.);
#7656=ORIENTED_EDGE('',*,*,#5480,.F.);
#7657=ORIENTED_EDGE('',*,*,#5481,.T.);
#7658=ORIENTED_EDGE('',*,*,#5465,.F.);
#7659=ORIENTED_EDGE('',*,*,#5481,.F.);
#7660=ORIENTED_EDGE('',*,*,#5475,.F.);
#7661=ORIENTED_EDGE('',*,*,#5482,.F.);
#7662=ORIENTED_EDGE('',*,*,#5482,.T.);
#7663=ORIENTED_EDGE('',*,*,#5483,.T.);
#7664=ORIENTED_EDGE('',*,*,#5325,.F.);
#7665=ORIENTED_EDGE('',*,*,#5483,.F.);
#7666=ORIENTED_EDGE('',*,*,#5276,.T.);
#7667=ORIENTED_EDGE('',*,*,#5484,.T.);
#7668=ORIENTED_EDGE('',*,*,#5258,.T.);
#7669=ORIENTED_EDGE('',*,*,#5485,.T.);
#7670=ORIENTED_EDGE('',*,*,#5255,.F.);
#7671=ORIENTED_EDGE('',*,*,#5223,.F.);
#7672=ORIENTED_EDGE('',*,*,#5485,.F.);
#7673=ORIENTED_EDGE('',*,*,#5257,.T.);
#7674=ORIENTED_EDGE('',*,*,#5273,.T.);
#7675=ORIENTED_EDGE('',*,*,#5486,.T.);
#7676=ORIENTED_EDGE('',*,*,#5487,.T.);
#7677=ORIENTED_EDGE('',*,*,#5405,.F.);
#7678=ORIENTED_EDGE('',*,*,#5488,.T.);
#7679=ORIENTED_EDGE('',*,*,#5489,.T.);
#7680=ORIENTED_EDGE('',*,*,#5272,.T.);
#7681=ORIENTED_EDGE('',*,*,#5490,.T.);
#7682=ORIENTED_EDGE('',*,*,#5491,.T.);
#7683=ORIENTED_EDGE('',*,*,#5490,.F.);
#7684=ORIENTED_EDGE('',*,*,#5271,.T.);
#7685=ORIENTED_EDGE('',*,*,#5492,.T.);
#7686=ORIENTED_EDGE('',*,*,#5270,.T.);
#7687=ORIENTED_EDGE('',*,*,#5493,.T.);
#7688=ORIENTED_EDGE('',*,*,#5494,.T.);
#7689=ORIENTED_EDGE('',*,*,#5492,.F.);
#7690=ORIENTED_EDGE('',*,*,#5489,.F.);
#7691=ORIENTED_EDGE('',*,*,#5495,.T.);
#7692=ORIENTED_EDGE('',*,*,#5486,.F.);
#7693=ORIENTED_EDGE('',*,*,#5496,.T.);
#7694=ORIENTED_EDGE('',*,*,#5269,.T.);
#7695=ORIENTED_EDGE('',*,*,#5497,.T.);
#7696=ORIENTED_EDGE('',*,*,#5498,.T.);
#7697=ORIENTED_EDGE('',*,*,#5496,.F.);
#7698=ORIENTED_EDGE('',*,*,#5499,.T.);
#7699=ORIENTED_EDGE('',*,*,#5493,.F.);
#7700=ORIENTED_EDGE('',*,*,#5421,.T.);
#7701=ORIENTED_EDGE('',*,*,#5437,.T.);
#7702=ORIENTED_EDGE('',*,*,#5500,.T.);
#7703=ORIENTED_EDGE('',*,*,#5268,.T.);
#7704=ORIENTED_EDGE('',*,*,#5500,.F.);
#7705=ORIENTED_EDGE('',*,*,#5501,.T.);
#7706=ORIENTED_EDGE('',*,*,#5497,.F.);
#7707=ORIENTED_EDGE('',*,*,#5502,.T.);
#7708=ORIENTED_EDGE('',*,*,#5259,.T.);
#7709=ORIENTED_EDGE('',*,*,#5503,.T.);
#7710=ORIENTED_EDGE('',*,*,#5282,.T.);
#7711=ORIENTED_EDGE('',*,*,#5502,.F.);
#7712=ORIENTED_EDGE('',*,*,#5285,.T.);
#7713=ORIENTED_EDGE('',*,*,#5444,.F.);
#7714=ORIENTED_EDGE('',*,*,#5484,.F.);
#7715=ORIENTED_EDGE('',*,*,#5279,.T.);
#7716=ORIENTED_EDGE('',*,*,#5503,.F.);
#7717=ORIENTED_EDGE('',*,*,#5487,.F.);
#7718=ORIENTED_EDGE('',*,*,#5504,.F.);
#7719=ORIENTED_EDGE('',*,*,#5505,.F.);
#7720=ORIENTED_EDGE('',*,*,#5506,.F.);
#7721=ORIENTED_EDGE('',*,*,#5507,.F.);
#7722=ORIENTED_EDGE('',*,*,#5508,.F.);
#7723=ORIENTED_EDGE('',*,*,#5495,.F.);
#7724=ORIENTED_EDGE('',*,*,#5509,.T.);
#7725=ORIENTED_EDGE('',*,*,#5510,.T.);
#7726=ORIENTED_EDGE('',*,*,#5504,.T.);
#7727=ORIENTED_EDGE('',*,*,#5488,.F.);
#7728=ORIENTED_EDGE('',*,*,#5511,.T.);
#7729=ORIENTED_EDGE('',*,*,#5512,.F.);
#7730=ORIENTED_EDGE('',*,*,#5509,.F.);
#7731=ORIENTED_EDGE('',*,*,#5491,.F.);
#7732=ORIENTED_EDGE('',*,*,#5513,.T.);
#7733=ORIENTED_EDGE('',*,*,#5514,.F.);
#7734=ORIENTED_EDGE('',*,*,#5511,.F.);
#7735=ORIENTED_EDGE('',*,*,#5494,.F.);
#7736=ORIENTED_EDGE('',*,*,#5515,.F.);
#7737=ORIENTED_EDGE('',*,*,#5516,.F.);
#7738=ORIENTED_EDGE('',*,*,#5513,.F.);
#7739=ORIENTED_EDGE('',*,*,#5499,.F.);
#7740=ORIENTED_EDGE('',*,*,#5517,.T.);
#7741=ORIENTED_EDGE('',*,*,#5518,.T.);
#7742=ORIENTED_EDGE('',*,*,#5515,.T.);
#7743=ORIENTED_EDGE('',*,*,#5498,.F.);
#7744=ORIENTED_EDGE('',*,*,#5519,.F.);
#7745=ORIENTED_EDGE('',*,*,#5520,.F.);
#7746=ORIENTED_EDGE('',*,*,#5517,.F.);
#7747=ORIENTED_EDGE('',*,*,#5501,.F.);
#7748=ORIENTED_EDGE('',*,*,#5436,.T.);
#7749=ORIENTED_EDGE('',*,*,#5521,.T.);
#7750=ORIENTED_EDGE('',*,*,#5519,.T.);
#7751=ORIENTED_EDGE('',*,*,#5522,.F.);
#7752=ORIENTED_EDGE('',*,*,#5523,.F.);
#7753=ORIENTED_EDGE('',*,*,#5300,.F.);
#7754=ORIENTED_EDGE('',*,*,#5296,.T.);
#7755=ORIENTED_EDGE('',*,*,#5523,.T.);
#7756=ORIENTED_EDGE('',*,*,#5524,.T.);
#7757=ORIENTED_EDGE('',*,*,#5525,.T.);
#7758=ORIENTED_EDGE('',*,*,#5526,.F.);
#7759=ORIENTED_EDGE('',*,*,#5527,.F.);
#7760=ORIENTED_EDGE('',*,*,#5528,.F.);
#7761=ORIENTED_EDGE('',*,*,#5322,.T.);
#7762=ORIENTED_EDGE('',*,*,#5529,.T.);
#7763=ORIENTED_EDGE('',*,*,#5221,.T.);
#7764=ORIENTED_EDGE('',*,*,#5256,.T.);
#7765=ORIENTED_EDGE('',*,*,#5530,.F.);
#7766=ORIENTED_EDGE('',*,*,#5510,.F.);
#7767=ORIENTED_EDGE('',*,*,#5531,.F.);
#7768=ORIENTED_EDGE('',*,*,#5532,.F.);
#7769=ORIENTED_EDGE('',*,*,#5280,.F.);
#7770=ORIENTED_EDGE('',*,*,#5533,.F.);
#7771=ORIENTED_EDGE('',*,*,#5321,.T.);
#7772=ORIENTED_EDGE('',*,*,#5533,.T.);
#7773=ORIENTED_EDGE('',*,*,#5277,.T.);
#7774=ORIENTED_EDGE('',*,*,#5529,.F.);
#7775=ORIENTED_EDGE('',*,*,#5534,.F.);
#7776=ORIENTED_EDGE('',*,*,#5286,.F.);
#7777=ORIENTED_EDGE('',*,*,#5535,.F.);
#7778=ORIENTED_EDGE('',*,*,#5532,.T.);
#7779=ORIENTED_EDGE('',*,*,#5320,.T.);
#7780=ORIENTED_EDGE('',*,*,#5535,.T.);
#7781=ORIENTED_EDGE('',*,*,#5283,.T.);
#7782=ORIENTED_EDGE('',*,*,#5536,.F.);
#7783=ORIENTED_EDGE('',*,*,#5537,.F.);
#7784=ORIENTED_EDGE('',*,*,#5538,.F.);
#7785=ORIENTED_EDGE('',*,*,#5534,.T.);
#7786=ORIENTED_EDGE('',*,*,#5319,.T.);
#7787=ORIENTED_EDGE('',*,*,#5537,.T.);
#7788=ORIENTED_EDGE('',*,*,#5431,.T.);
#7789=ORIENTED_EDGE('',*,*,#5539,.F.);
#7790=ORIENTED_EDGE('',*,*,#5518,.F.);
#7791=ORIENTED_EDGE('',*,*,#5540,.F.);
#7792=ORIENTED_EDGE('',*,*,#5541,.F.);
#7793=ORIENTED_EDGE('',*,*,#5542,.F.);
#7794=ORIENTED_EDGE('',*,*,#5543,.F.);
#7795=ORIENTED_EDGE('',*,*,#5544,.T.);
#7796=ORIENTED_EDGE('',*,*,#5542,.T.);
#7797=ORIENTED_EDGE('',*,*,#5434,.T.);
#7798=ORIENTED_EDGE('',*,*,#5545,.T.);
#7799=ORIENTED_EDGE('',*,*,#5546,.T.);
#7800=ORIENTED_EDGE('',*,*,#5314,.T.);
#7801=ORIENTED_EDGE('',*,*,#5543,.T.);
#7802=ORIENTED_EDGE('',*,*,#5547,.T.);
#7803=ORIENTED_EDGE('',*,*,#5548,.T.);
#7804=ORIENTED_EDGE('',*,*,#5315,.T.);
#7805=ORIENTED_EDGE('',*,*,#5546,.F.);
#7806=ORIENTED_EDGE('',*,*,#5549,.T.);
#7807=ORIENTED_EDGE('',*,*,#5550,.T.);
#7808=ORIENTED_EDGE('',*,*,#5316,.T.);
#7809=ORIENTED_EDGE('',*,*,#5548,.F.);
#7810=ORIENTED_EDGE('',*,*,#5551,.T.);
#7811=ORIENTED_EDGE('',*,*,#5552,.T.);
#7812=ORIENTED_EDGE('',*,*,#5317,.T.);
#7813=ORIENTED_EDGE('',*,*,#5550,.F.);
#7814=ORIENTED_EDGE('',*,*,#5553,.T.);
#7815=ORIENTED_EDGE('',*,*,#5538,.T.);
#7816=ORIENTED_EDGE('',*,*,#5318,.T.);
#7817=ORIENTED_EDGE('',*,*,#5552,.F.);
#7818=ORIENTED_EDGE('',*,*,#5554,.T.);
#7819=ORIENTED_EDGE('',*,*,#5555,.F.);
#7820=ORIENTED_EDGE('',*,*,#5521,.F.);
#7821=ORIENTED_EDGE('',*,*,#5556,.F.);
#7822=ORIENTED_EDGE('',*,*,#5541,.T.);
#7823=ORIENTED_EDGE('',*,*,#5313,.T.);
#7824=ORIENTED_EDGE('',*,*,#5556,.T.);
#7825=ORIENTED_EDGE('',*,*,#5435,.T.);
#7826=ORIENTED_EDGE('',*,*,#5555,.T.);
#7827=ORIENTED_EDGE('',*,*,#5312,.T.);
#7828=ORIENTED_EDGE('',*,*,#5540,.T.);
#7829=ORIENTED_EDGE('',*,*,#5520,.T.);
#7830=ORIENTED_EDGE('',*,*,#5516,.T.);
#7831=ORIENTED_EDGE('',*,*,#5539,.T.);
#7832=ORIENTED_EDGE('',*,*,#5311,.T.);
#7833=ORIENTED_EDGE('',*,*,#5557,.T.);
#7834=ORIENTED_EDGE('',*,*,#5432,.T.);
#7835=ORIENTED_EDGE('',*,*,#5536,.T.);
#7836=ORIENTED_EDGE('',*,*,#5558,.T.);
#7837=ORIENTED_EDGE('',*,*,#5559,.T.);
#7838=ORIENTED_EDGE('',*,*,#5433,.T.);
#7839=ORIENTED_EDGE('',*,*,#5559,.F.);
#7840=ORIENTED_EDGE('',*,*,#5560,.T.);
#7841=ORIENTED_EDGE('',*,*,#5545,.F.);
#7842=ORIENTED_EDGE('',*,*,#5514,.T.);
#7843=ORIENTED_EDGE('',*,*,#5557,.F.);
#7844=ORIENTED_EDGE('',*,*,#5310,.T.);
#7845=ORIENTED_EDGE('',*,*,#5561,.T.);
#7846=ORIENTED_EDGE('',*,*,#5309,.T.);
#7847=ORIENTED_EDGE('',*,*,#5531,.T.);
#7848=ORIENTED_EDGE('',*,*,#5512,.T.);
#7849=ORIENTED_EDGE('',*,*,#5561,.F.);
#7850=ORIENTED_EDGE('',*,*,#5530,.T.);
#7851=ORIENTED_EDGE('',*,*,#5308,.T.);
#7852=ORIENTED_EDGE('',*,*,#5527,.T.);
#7853=ORIENTED_EDGE('',*,*,#5505,.T.);
#7854=ORIENTED_EDGE('',*,*,#5562,.T.);
#7855=ORIENTED_EDGE('',*,*,#5306,.T.);
#7856=ORIENTED_EDGE('',*,*,#5301,.F.);
#7857=ORIENTED_EDGE('',*,*,#5563,.T.);
#7858=ORIENTED_EDGE('',*,*,#5528,.T.);
#7859=ORIENTED_EDGE('',*,*,#5307,.T.);
#7860=ORIENTED_EDGE('',*,*,#5562,.F.);
#7861=ORIENTED_EDGE('',*,*,#5564,.T.);
#7862=ORIENTED_EDGE('',*,*,#5506,.T.);
#7863=ORIENTED_EDGE('',*,*,#5526,.T.);
#7864=ORIENTED_EDGE('',*,*,#5565,.T.);
#7865=ORIENTED_EDGE('',*,*,#5566,.T.);
#7866=ORIENTED_EDGE('',*,*,#5522,.T.);
#7867=ORIENTED_EDGE('',*,*,#5305,.T.);
#7868=ORIENTED_EDGE('',*,*,#5293,.T.);
#7869=ORIENTED_EDGE('',*,*,#5567,.T.);
#7870=ORIENTED_EDGE('',*,*,#5507,.T.);
#7871=ORIENTED_EDGE('',*,*,#5566,.F.);
#7872=ORIENTED_EDGE('',*,*,#5568,.T.);
#7873=ORIENTED_EDGE('',*,*,#5569,.T.);
#7874=ORIENTED_EDGE('',*,*,#5248,.F.);
#7875=ORIENTED_EDGE('',*,*,#5570,.T.);
#7876=ORIENTED_EDGE('',*,*,#5571,.T.);
#7877=ORIENTED_EDGE('',*,*,#5302,.T.);
#7878=ORIENTED_EDGE('',*,*,#5572,.T.);
#7879=ORIENTED_EDGE('',*,*,#5303,.T.);
#7880=ORIENTED_EDGE('',*,*,#5571,.F.);
#7881=ORIENTED_EDGE('',*,*,#5573,.T.);
#7882=ORIENTED_EDGE('',*,*,#5574,.T.);
#7883=ORIENTED_EDGE('',*,*,#5294,.T.);
#7884=ORIENTED_EDGE('',*,*,#5304,.T.);
#7885=ORIENTED_EDGE('',*,*,#5572,.F.);
#7886=ORIENTED_EDGE('',*,*,#5575,.T.);
#7887=ORIENTED_EDGE('',*,*,#5569,.F.);
#7888=ORIENTED_EDGE('',*,*,#5576,.T.);
#7889=ORIENTED_EDGE('',*,*,#5525,.F.);
#7890=ORIENTED_EDGE('',*,*,#5563,.F.);
#7891=ORIENTED_EDGE('',*,*,#5298,.T.);
#7892=ORIENTED_EDGE('',*,*,#5577,.F.);
#7893=ORIENTED_EDGE('',*,*,#5578,.T.);
#7894=ORIENTED_EDGE('',*,*,#5551,.F.);
#7895=ORIENTED_EDGE('',*,*,#5579,.F.);
#7896=ORIENTED_EDGE('',*,*,#5580,.T.);
#7897=ORIENTED_EDGE('',*,*,#5581,.F.);
#7898=ORIENTED_EDGE('',*,*,#5549,.F.);
#7899=ORIENTED_EDGE('',*,*,#5582,.T.);
#7900=ORIENTED_EDGE('',*,*,#5583,.F.);
#7901=ORIENTED_EDGE('',*,*,#5579,.T.);
#7902=ORIENTED_EDGE('',*,*,#5547,.F.);
#7903=ORIENTED_EDGE('',*,*,#5544,.F.);
#7904=ORIENTED_EDGE('',*,*,#5584,.T.);
#7905=ORIENTED_EDGE('',*,*,#5582,.F.);
#7906=ORIENTED_EDGE('',*,*,#5585,.T.);
#7907=ORIENTED_EDGE('',*,*,#5291,.F.);
#7908=ORIENTED_EDGE('',*,*,#5574,.F.);
#7909=ORIENTED_EDGE('',*,*,#5586,.F.);
#7910=ORIENTED_EDGE('',*,*,#5573,.F.);
#7911=ORIENTED_EDGE('',*,*,#5587,.T.);
#7912=ORIENTED_EDGE('',*,*,#5588,.F.);
#7913=ORIENTED_EDGE('',*,*,#5586,.T.);
#7914=ORIENTED_EDGE('',*,*,#5553,.F.);
#7915=ORIENTED_EDGE('',*,*,#5581,.T.);
#7916=ORIENTED_EDGE('',*,*,#5589,.F.);
#7917=ORIENTED_EDGE('',*,*,#5590,.T.);
#7918=ORIENTED_EDGE('',*,*,#5252,.F.);
#7919=ORIENTED_EDGE('',*,*,#5289,.F.);
#7920=ORIENTED_EDGE('',*,*,#5585,.F.);
#7921=ORIENTED_EDGE('',*,*,#5588,.T.);
#7922=ORIENTED_EDGE('',*,*,#5591,.F.);
#7923=ORIENTED_EDGE('',*,*,#5249,.F.);
#7924=ORIENTED_EDGE('',*,*,#5591,.T.);
#7925=ORIENTED_EDGE('',*,*,#5587,.F.);
#7926=ORIENTED_EDGE('',*,*,#5570,.F.);
#7927=ORIENTED_EDGE('',*,*,#5554,.F.);
#7928=ORIENTED_EDGE('',*,*,#5590,.F.);
#7929=ORIENTED_EDGE('',*,*,#5592,.T.);
#7930=ORIENTED_EDGE('',*,*,#5558,.F.);
#7931=ORIENTED_EDGE('',*,*,#5560,.F.);
#7932=ORIENTED_EDGE('',*,*,#5592,.F.);
#7933=ORIENTED_EDGE('',*,*,#5589,.T.);
#7934=ORIENTED_EDGE('',*,*,#5580,.F.);
#7935=ORIENTED_EDGE('',*,*,#5583,.T.);
#7936=ORIENTED_EDGE('',*,*,#5584,.F.);
#7937=ORIENTED_EDGE('',*,*,#5564,.F.);
#7938=ORIENTED_EDGE('',*,*,#5578,.F.);
#7939=ORIENTED_EDGE('',*,*,#5593,.T.);
#7940=ORIENTED_EDGE('',*,*,#5565,.F.);
#7941=ORIENTED_EDGE('',*,*,#5568,.F.);
#7942=ORIENTED_EDGE('',*,*,#5593,.F.);
#7943=ORIENTED_EDGE('',*,*,#5577,.T.);
#7944=ORIENTED_EDGE('',*,*,#5297,.F.);
#7945=ORIENTED_EDGE('',*,*,#5576,.F.);
#7946=ORIENTED_EDGE('',*,*,#5323,.T.);
#7947=ORIENTED_EDGE('',*,*,#5594,.T.);
#7948=ORIENTED_EDGE('',*,*,#5595,.T.);
#7949=ORIENTED_EDGE('',*,*,#5594,.F.);
#7950=ORIENTED_EDGE('',*,*,#5595,.F.);
#7951=ORIENTED_EDGE('',*,*,#5596,.T.);
#7952=ORIENTED_EDGE('',*,*,#5597,.T.);
#7953=ORIENTED_EDGE('',*,*,#5596,.F.);
#7954=ORIENTED_EDGE('',*,*,#5324,.T.);
#7955=ORIENTED_EDGE('',*,*,#5598,.T.);
#7956=ORIENTED_EDGE('',*,*,#5599,.T.);
#7957=ORIENTED_EDGE('',*,*,#5598,.F.);
#7958=ORIENTED_EDGE('',*,*,#5599,.F.);
#7959=ORIENTED_EDGE('',*,*,#5600,.T.);
#7960=ORIENTED_EDGE('',*,*,#5601,.T.);
#7961=ORIENTED_EDGE('',*,*,#5600,.F.);
#7962=ORIENTED_EDGE('',*,*,#5597,.F.);
#7963=ORIENTED_EDGE('',*,*,#5601,.F.);
#7964=ORIENTED_EDGE('',*,*,#5231,.F.);
#7965=ORIENTED_EDGE('',*,*,#5406,.F.);
#7966=ORIENTED_EDGE('',*,*,#5508,.T.);
#7967=ORIENTED_EDGE('',*,*,#5575,.F.);
#7968=ORIENTED_EDGE('',*,*,#5524,.F.);
#7969=ORIENTED_EDGE('',*,*,#5567,.F.);
#7970=ORIENTED_EDGE('',*,*,#5292,.F.);
#7971=ORIENTED_EDGE('',*,*,#5287,.F.);
#7972=ORIENTED_EDGE('',*,*,#5602,.T.);
#7973=ORIENTED_EDGE('',*,*,#5603,.T.);
#7974=ORIENTED_EDGE('',*,*,#5604,.T.);
#7975=ORIENTED_EDGE('',*,*,#5605,.T.);
#7976=ORIENTED_EDGE('',*,*,#5603,.F.);
#7977=ORIENTED_EDGE('',*,*,#5606,.T.);
#7978=ORIENTED_EDGE('',*,*,#5607,.T.);
#7979=ORIENTED_EDGE('',*,*,#5608,.T.);
#7980=ORIENTED_EDGE('',*,*,#5609,.F.);
#7981=ORIENTED_EDGE('',*,*,#5610,.T.);
#7982=ORIENTED_EDGE('',*,*,#5611,.T.);
#7983=ORIENTED_EDGE('',*,*,#5612,.F.);
#7984=ORIENTED_EDGE('',*,*,#5613,.T.);
#7985=ORIENTED_EDGE('',*,*,#5614,.T.);
#7986=ORIENTED_EDGE('',*,*,#5615,.T.);
#7987=ORIENTED_EDGE('',*,*,#5616,.T.);
#7988=ORIENTED_EDGE('',*,*,#5613,.F.);
#7989=ORIENTED_EDGE('',*,*,#5617,.F.);
#7990=ORIENTED_EDGE('',*,*,#5618,.T.);
#7991=ORIENTED_EDGE('',*,*,#5606,.F.);
#7992=ORIENTED_EDGE('',*,*,#5602,.F.);
#7993=ORIENTED_EDGE('',*,*,#5619,.T.);
#7994=ORIENTED_EDGE('',*,*,#5620,.T.);
#7995=ORIENTED_EDGE('',*,*,#5621,.F.);
#7996=ORIENTED_EDGE('',*,*,#5616,.F.);
#7997=ORIENTED_EDGE('',*,*,#5622,.F.);
#7998=ORIENTED_EDGE('',*,*,#5623,.T.);
#7999=ORIENTED_EDGE('',*,*,#5624,.T.);
#8000=ORIENTED_EDGE('',*,*,#5625,.F.);
#8001=ORIENTED_EDGE('',*,*,#5626,.T.);
#8002=ORIENTED_EDGE('',*,*,#5627,.T.);
#8003=ORIENTED_EDGE('',*,*,#5617,.T.);
#8004=ORIENTED_EDGE('',*,*,#5628,.F.);
#8005=ORIENTED_EDGE('',*,*,#5624,.F.);
#8006=ORIENTED_EDGE('',*,*,#5629,.T.);
#8007=ORIENTED_EDGE('',*,*,#5610,.F.);
#8008=ORIENTED_EDGE('',*,*,#5630,.F.);
#8009=ORIENTED_EDGE('',*,*,#5611,.F.);
#8010=ORIENTED_EDGE('',*,*,#5629,.F.);
#8011=ORIENTED_EDGE('',*,*,#5623,.F.);
#8012=ORIENTED_EDGE('',*,*,#5618,.F.);
#8013=ORIENTED_EDGE('',*,*,#5627,.F.);
#8014=ORIENTED_EDGE('',*,*,#5631,.T.);
#8015=ORIENTED_EDGE('',*,*,#5607,.F.);
#8016=ORIENTED_EDGE('',*,*,#5632,.F.);
#8017=ORIENTED_EDGE('',*,*,#5608,.F.);
#8018=ORIENTED_EDGE('',*,*,#5631,.F.);
#8019=ORIENTED_EDGE('',*,*,#5626,.F.);
#8020=ORIENTED_EDGE('',*,*,#5628,.T.);
#8021=ORIENTED_EDGE('',*,*,#5609,.T.);
#8022=ORIENTED_EDGE('',*,*,#5632,.T.);
#8023=ORIENTED_EDGE('',*,*,#5625,.T.);
#8024=ORIENTED_EDGE('',*,*,#5633,.F.);
#8025=ORIENTED_EDGE('',*,*,#5634,.T.);
#8026=ORIENTED_EDGE('',*,*,#5635,.T.);
#8027=ORIENTED_EDGE('',*,*,#5634,.F.);
#8028=ORIENTED_EDGE('',*,*,#5636,.F.);
#8029=ORIENTED_EDGE('',*,*,#5637,.T.);
#8030=ORIENTED_EDGE('',*,*,#5638,.F.);
#8031=ORIENTED_EDGE('',*,*,#5639,.F.);
#8032=ORIENTED_EDGE('',*,*,#5640,.F.);
#8033=ORIENTED_EDGE('',*,*,#5639,.T.);
#8034=ORIENTED_EDGE('',*,*,#5641,.F.);
#8035=ORIENTED_EDGE('',*,*,#5620,.F.);
#8036=ORIENTED_EDGE('',*,*,#5615,.F.);
#8037=ORIENTED_EDGE('',*,*,#5642,.F.);
#8038=ORIENTED_EDGE('',*,*,#5643,.F.);
#8039=ORIENTED_EDGE('',*,*,#5644,.F.);
#8040=ORIENTED_EDGE('',*,*,#5604,.F.);
#8041=ORIENTED_EDGE('',*,*,#5612,.T.);
#8042=ORIENTED_EDGE('',*,*,#5630,.T.);
#8043=ORIENTED_EDGE('',*,*,#5622,.T.);
#8044=ORIENTED_EDGE('',*,*,#5645,.T.);
#8045=ORIENTED_EDGE('',*,*,#5643,.T.);
#8046=ORIENTED_EDGE('',*,*,#5646,.F.);
#8047=ORIENTED_EDGE('',*,*,#5637,.F.);
#8048=ORIENTED_EDGE('',*,*,#5614,.F.);
#8049=ORIENTED_EDGE('',*,*,#5621,.T.);
#8050=ORIENTED_EDGE('',*,*,#5641,.T.);
#8051=ORIENTED_EDGE('',*,*,#5638,.T.);
#8052=ORIENTED_EDGE('',*,*,#5646,.T.);
#8053=ORIENTED_EDGE('',*,*,#5642,.T.);
#8054=ORIENTED_EDGE('',*,*,#5633,.T.);
#8055=ORIENTED_EDGE('',*,*,#5605,.F.);
#8056=ORIENTED_EDGE('',*,*,#5644,.T.);
#8057=ORIENTED_EDGE('',*,*,#5645,.F.);
#8058=ORIENTED_EDGE('',*,*,#5636,.T.);
#8059=ORIENTED_EDGE('',*,*,#5640,.T.);
#8060=ORIENTED_EDGE('',*,*,#5619,.F.);
#8061=ORIENTED_EDGE('',*,*,#5635,.F.);
#8062=ORIENTED_EDGE('',*,*,#5647,.T.);
#8063=ORIENTED_EDGE('',*,*,#5648,.T.);
#8064=ORIENTED_EDGE('',*,*,#5649,.T.);
#8065=ORIENTED_EDGE('',*,*,#5650,.T.);
#8066=ORIENTED_EDGE('',*,*,#5648,.F.);
#8067=ORIENTED_EDGE('',*,*,#5651,.T.);
#8068=ORIENTED_EDGE('',*,*,#5652,.T.);
#8069=ORIENTED_EDGE('',*,*,#5653,.T.);
#8070=ORIENTED_EDGE('',*,*,#5654,.F.);
#8071=ORIENTED_EDGE('',*,*,#5655,.T.);
#8072=ORIENTED_EDGE('',*,*,#5656,.T.);
#8073=ORIENTED_EDGE('',*,*,#5657,.F.);
#8074=ORIENTED_EDGE('',*,*,#5658,.T.);
#8075=ORIENTED_EDGE('',*,*,#5659,.T.);
#8076=ORIENTED_EDGE('',*,*,#5660,.T.);
#8077=ORIENTED_EDGE('',*,*,#5661,.T.);
#8078=ORIENTED_EDGE('',*,*,#5659,.F.);
#8079=ORIENTED_EDGE('',*,*,#5662,.T.);
#8080=ORIENTED_EDGE('',*,*,#5663,.T.);
#8081=ORIENTED_EDGE('',*,*,#5664,.T.);
#8082=ORIENTED_EDGE('',*,*,#5665,.T.);
#8083=ORIENTED_EDGE('',*,*,#5666,.T.);
#8084=ORIENTED_EDGE('',*,*,#5667,.T.);
#8085=ORIENTED_EDGE('',*,*,#5658,.F.);
#8086=ORIENTED_EDGE('',*,*,#5668,.F.);
#8087=ORIENTED_EDGE('',*,*,#5669,.T.);
#8088=ORIENTED_EDGE('',*,*,#5651,.F.);
#8089=ORIENTED_EDGE('',*,*,#5647,.F.);
#8090=ORIENTED_EDGE('',*,*,#5670,.T.);
#8091=ORIENTED_EDGE('',*,*,#5671,.T.);
#8092=ORIENTED_EDGE('',*,*,#5662,.F.);
#8093=ORIENTED_EDGE('',*,*,#5669,.F.);
#8094=ORIENTED_EDGE('',*,*,#5672,.F.);
#8095=ORIENTED_EDGE('',*,*,#5673,.T.);
#8096=ORIENTED_EDGE('',*,*,#5652,.F.);
#8097=ORIENTED_EDGE('',*,*,#5674,.F.);
#8098=ORIENTED_EDGE('',*,*,#5653,.F.);
#8099=ORIENTED_EDGE('',*,*,#5673,.F.);
#8100=ORIENTED_EDGE('',*,*,#5675,.F.);
#8101=ORIENTED_EDGE('',*,*,#5676,.F.);
#8102=ORIENTED_EDGE('',*,*,#5677,.F.);
#8103=ORIENTED_EDGE('',*,*,#5678,.T.);
#8104=ORIENTED_EDGE('',*,*,#5655,.F.);
#8105=ORIENTED_EDGE('',*,*,#5679,.F.);
#8106=ORIENTED_EDGE('',*,*,#5656,.F.);
#8107=ORIENTED_EDGE('',*,*,#5678,.F.);
#8108=ORIENTED_EDGE('',*,*,#5680,.F.);
#8109=ORIENTED_EDGE('',*,*,#5674,.T.);
#8110=ORIENTED_EDGE('',*,*,#5681,.T.);
#8111=ORIENTED_EDGE('',*,*,#5676,.T.);
#8112=ORIENTED_EDGE('',*,*,#5654,.T.);
#8113=ORIENTED_EDGE('',*,*,#5667,.F.);
#8114=ORIENTED_EDGE('',*,*,#5682,.T.);
#8115=ORIENTED_EDGE('',*,*,#5683,.T.);
#8116=ORIENTED_EDGE('',*,*,#5682,.F.);
#8117=ORIENTED_EDGE('',*,*,#5684,.F.);
#8118=ORIENTED_EDGE('',*,*,#5685,.T.);
#8119=ORIENTED_EDGE('',*,*,#5664,.F.);
#8120=ORIENTED_EDGE('',*,*,#5686,.F.);
#8121=ORIENTED_EDGE('',*,*,#5687,.F.);
#8122=ORIENTED_EDGE('',*,*,#5686,.T.);
#8123=ORIENTED_EDGE('',*,*,#5663,.F.);
#8124=ORIENTED_EDGE('',*,*,#5671,.F.);
#8125=ORIENTED_EDGE('',*,*,#5661,.F.);
#8126=ORIENTED_EDGE('',*,*,#5688,.F.);
#8127=ORIENTED_EDGE('',*,*,#5680,.T.);
#8128=ORIENTED_EDGE('',*,*,#5677,.T.);
#8129=ORIENTED_EDGE('',*,*,#5681,.F.);
#8130=ORIENTED_EDGE('',*,*,#5675,.T.);
#8131=ORIENTED_EDGE('',*,*,#5672,.T.);
#8132=ORIENTED_EDGE('',*,*,#5668,.T.);
#8133=ORIENTED_EDGE('',*,*,#5660,.F.);
#8134=ORIENTED_EDGE('',*,*,#5666,.F.);
#8135=ORIENTED_EDGE('',*,*,#5689,.F.);
#8136=ORIENTED_EDGE('',*,*,#5690,.F.);
#8137=ORIENTED_EDGE('',*,*,#5649,.F.);
#8138=ORIENTED_EDGE('',*,*,#5657,.T.);
#8139=ORIENTED_EDGE('',*,*,#5679,.T.);
#8140=ORIENTED_EDGE('',*,*,#5688,.T.);
#8141=ORIENTED_EDGE('',*,*,#5691,.T.);
#8142=ORIENTED_EDGE('',*,*,#5689,.T.);
#8143=ORIENTED_EDGE('',*,*,#5665,.F.);
#8144=ORIENTED_EDGE('',*,*,#5685,.F.);
#8145=ORIENTED_EDGE('',*,*,#5650,.F.);
#8146=ORIENTED_EDGE('',*,*,#5690,.T.);
#8147=ORIENTED_EDGE('',*,*,#5691,.F.);
#8148=ORIENTED_EDGE('',*,*,#5684,.T.);
#8149=ORIENTED_EDGE('',*,*,#5687,.T.);
#8150=ORIENTED_EDGE('',*,*,#5670,.F.);
#8151=ORIENTED_EDGE('',*,*,#5683,.F.);
#8152=ORIENTED_EDGE('',*,*,#5692,.T.);
#8153=ORIENTED_EDGE('',*,*,#5693,.T.);
#8154=ORIENTED_EDGE('',*,*,#5694,.T.);
#8155=ORIENTED_EDGE('',*,*,#5695,.T.);
#8156=ORIENTED_EDGE('',*,*,#5693,.F.);
#8157=ORIENTED_EDGE('',*,*,#5696,.T.);
#8158=ORIENTED_EDGE('',*,*,#5697,.T.);
#8159=ORIENTED_EDGE('',*,*,#5698,.T.);
#8160=ORIENTED_EDGE('',*,*,#5699,.F.);
#8161=ORIENTED_EDGE('',*,*,#5700,.T.);
#8162=ORIENTED_EDGE('',*,*,#5701,.T.);
#8163=ORIENTED_EDGE('',*,*,#5702,.F.);
#8164=ORIENTED_EDGE('',*,*,#5703,.T.);
#8165=ORIENTED_EDGE('',*,*,#5704,.T.);
#8166=ORIENTED_EDGE('',*,*,#5705,.T.);
#8167=ORIENTED_EDGE('',*,*,#5706,.T.);
#8168=ORIENTED_EDGE('',*,*,#5703,.F.);
#8169=ORIENTED_EDGE('',*,*,#5707,.F.);
#8170=ORIENTED_EDGE('',*,*,#5708,.T.);
#8171=ORIENTED_EDGE('',*,*,#5696,.F.);
#8172=ORIENTED_EDGE('',*,*,#5692,.F.);
#8173=ORIENTED_EDGE('',*,*,#5709,.T.);
#8174=ORIENTED_EDGE('',*,*,#5710,.T.);
#8175=ORIENTED_EDGE('',*,*,#5711,.F.);
#8176=ORIENTED_EDGE('',*,*,#5706,.F.);
#8177=ORIENTED_EDGE('',*,*,#5712,.F.);
#8178=ORIENTED_EDGE('',*,*,#5713,.T.);
#8179=ORIENTED_EDGE('',*,*,#5714,.T.);
#8180=ORIENTED_EDGE('',*,*,#5715,.F.);
#8181=ORIENTED_EDGE('',*,*,#5716,.T.);
#8182=ORIENTED_EDGE('',*,*,#5717,.T.);
#8183=ORIENTED_EDGE('',*,*,#5707,.T.);
#8184=ORIENTED_EDGE('',*,*,#5718,.F.);
#8185=ORIENTED_EDGE('',*,*,#5714,.F.);
#8186=ORIENTED_EDGE('',*,*,#5719,.T.);
#8187=ORIENTED_EDGE('',*,*,#5700,.F.);
#8188=ORIENTED_EDGE('',*,*,#5720,.F.);
#8189=ORIENTED_EDGE('',*,*,#5701,.F.);
#8190=ORIENTED_EDGE('',*,*,#5719,.F.);
#8191=ORIENTED_EDGE('',*,*,#5713,.F.);
#8192=ORIENTED_EDGE('',*,*,#5708,.F.);
#8193=ORIENTED_EDGE('',*,*,#5717,.F.);
#8194=ORIENTED_EDGE('',*,*,#5721,.T.);
#8195=ORIENTED_EDGE('',*,*,#5697,.F.);
#8196=ORIENTED_EDGE('',*,*,#5722,.F.);
#8197=ORIENTED_EDGE('',*,*,#5698,.F.);
#8198=ORIENTED_EDGE('',*,*,#5721,.F.);
#8199=ORIENTED_EDGE('',*,*,#5716,.F.);
#8200=ORIENTED_EDGE('',*,*,#5718,.T.);
#8201=ORIENTED_EDGE('',*,*,#5699,.T.);
#8202=ORIENTED_EDGE('',*,*,#5722,.T.);
#8203=ORIENTED_EDGE('',*,*,#5715,.T.);
#8204=ORIENTED_EDGE('',*,*,#5723,.F.);
#8205=ORIENTED_EDGE('',*,*,#5724,.T.);
#8206=ORIENTED_EDGE('',*,*,#5725,.T.);
#8207=ORIENTED_EDGE('',*,*,#5724,.F.);
#8208=ORIENTED_EDGE('',*,*,#5726,.F.);
#8209=ORIENTED_EDGE('',*,*,#5727,.T.);
#8210=ORIENTED_EDGE('',*,*,#5728,.F.);
#8211=ORIENTED_EDGE('',*,*,#5729,.F.);
#8212=ORIENTED_EDGE('',*,*,#5730,.F.);
#8213=ORIENTED_EDGE('',*,*,#5729,.T.);
#8214=ORIENTED_EDGE('',*,*,#5731,.F.);
#8215=ORIENTED_EDGE('',*,*,#5710,.F.);
#8216=ORIENTED_EDGE('',*,*,#5705,.F.);
#8217=ORIENTED_EDGE('',*,*,#5732,.F.);
#8218=ORIENTED_EDGE('',*,*,#5733,.F.);
#8219=ORIENTED_EDGE('',*,*,#5734,.F.);
#8220=ORIENTED_EDGE('',*,*,#5694,.F.);
#8221=ORIENTED_EDGE('',*,*,#5702,.T.);
#8222=ORIENTED_EDGE('',*,*,#5720,.T.);
#8223=ORIENTED_EDGE('',*,*,#5712,.T.);
#8224=ORIENTED_EDGE('',*,*,#5735,.T.);
#8225=ORIENTED_EDGE('',*,*,#5733,.T.);
#8226=ORIENTED_EDGE('',*,*,#5736,.F.);
#8227=ORIENTED_EDGE('',*,*,#5727,.F.);
#8228=ORIENTED_EDGE('',*,*,#5704,.F.);
#8229=ORIENTED_EDGE('',*,*,#5711,.T.);
#8230=ORIENTED_EDGE('',*,*,#5731,.T.);
#8231=ORIENTED_EDGE('',*,*,#5728,.T.);
#8232=ORIENTED_EDGE('',*,*,#5736,.T.);
#8233=ORIENTED_EDGE('',*,*,#5732,.T.);
#8234=ORIENTED_EDGE('',*,*,#5723,.T.);
#8235=ORIENTED_EDGE('',*,*,#5695,.F.);
#8236=ORIENTED_EDGE('',*,*,#5734,.T.);
#8237=ORIENTED_EDGE('',*,*,#5735,.F.);
#8238=ORIENTED_EDGE('',*,*,#5726,.T.);
#8239=ORIENTED_EDGE('',*,*,#5730,.T.);
#8240=ORIENTED_EDGE('',*,*,#5709,.F.);
#8241=ORIENTED_EDGE('',*,*,#5725,.F.);
#8242=ORIENTED_EDGE('',*,*,#5737,.T.);
#8243=ORIENTED_EDGE('',*,*,#5738,.T.);
#8244=ORIENTED_EDGE('',*,*,#5739,.T.);
#8245=ORIENTED_EDGE('',*,*,#5740,.T.);
#8246=ORIENTED_EDGE('',*,*,#5738,.F.);
#8247=ORIENTED_EDGE('',*,*,#5741,.T.);
#8248=ORIENTED_EDGE('',*,*,#5742,.T.);
#8249=ORIENTED_EDGE('',*,*,#5743,.T.);
#8250=ORIENTED_EDGE('',*,*,#5744,.F.);
#8251=ORIENTED_EDGE('',*,*,#5745,.T.);
#8252=ORIENTED_EDGE('',*,*,#5746,.T.);
#8253=ORIENTED_EDGE('',*,*,#5747,.F.);
#8254=ORIENTED_EDGE('',*,*,#5748,.T.);
#8255=ORIENTED_EDGE('',*,*,#5749,.T.);
#8256=ORIENTED_EDGE('',*,*,#5750,.T.);
#8257=ORIENTED_EDGE('',*,*,#5751,.T.);
#8258=ORIENTED_EDGE('',*,*,#5749,.F.);
#8259=ORIENTED_EDGE('',*,*,#5752,.T.);
#8260=ORIENTED_EDGE('',*,*,#5753,.T.);
#8261=ORIENTED_EDGE('',*,*,#5754,.T.);
#8262=ORIENTED_EDGE('',*,*,#5755,.T.);
#8263=ORIENTED_EDGE('',*,*,#5756,.T.);
#8264=ORIENTED_EDGE('',*,*,#5757,.T.);
#8265=ORIENTED_EDGE('',*,*,#5748,.F.);
#8266=ORIENTED_EDGE('',*,*,#5758,.F.);
#8267=ORIENTED_EDGE('',*,*,#5759,.T.);
#8268=ORIENTED_EDGE('',*,*,#5741,.F.);
#8269=ORIENTED_EDGE('',*,*,#5737,.F.);
#8270=ORIENTED_EDGE('',*,*,#5760,.T.);
#8271=ORIENTED_EDGE('',*,*,#5761,.T.);
#8272=ORIENTED_EDGE('',*,*,#5752,.F.);
#8273=ORIENTED_EDGE('',*,*,#5759,.F.);
#8274=ORIENTED_EDGE('',*,*,#5762,.F.);
#8275=ORIENTED_EDGE('',*,*,#5763,.T.);
#8276=ORIENTED_EDGE('',*,*,#5742,.F.);
#8277=ORIENTED_EDGE('',*,*,#5764,.F.);
#8278=ORIENTED_EDGE('',*,*,#5743,.F.);
#8279=ORIENTED_EDGE('',*,*,#5763,.F.);
#8280=ORIENTED_EDGE('',*,*,#5765,.F.);
#8281=ORIENTED_EDGE('',*,*,#5766,.F.);
#8282=ORIENTED_EDGE('',*,*,#5767,.F.);
#8283=ORIENTED_EDGE('',*,*,#5768,.T.);
#8284=ORIENTED_EDGE('',*,*,#5745,.F.);
#8285=ORIENTED_EDGE('',*,*,#5769,.F.);
#8286=ORIENTED_EDGE('',*,*,#5746,.F.);
#8287=ORIENTED_EDGE('',*,*,#5768,.F.);
#8288=ORIENTED_EDGE('',*,*,#5770,.F.);
#8289=ORIENTED_EDGE('',*,*,#5764,.T.);
#8290=ORIENTED_EDGE('',*,*,#5771,.T.);
#8291=ORIENTED_EDGE('',*,*,#5766,.T.);
#8292=ORIENTED_EDGE('',*,*,#5744,.T.);
#8293=ORIENTED_EDGE('',*,*,#5740,.F.);
#8294=ORIENTED_EDGE('',*,*,#5772,.T.);
#8295=ORIENTED_EDGE('',*,*,#5773,.F.);
#8296=ORIENTED_EDGE('',*,*,#5774,.T.);
#8297=ORIENTED_EDGE('',*,*,#5775,.T.);
#8298=ORIENTED_EDGE('',*,*,#5760,.F.);
#8299=ORIENTED_EDGE('',*,*,#5776,.F.);
#8300=ORIENTED_EDGE('',*,*,#5757,.F.);
#8301=ORIENTED_EDGE('',*,*,#5777,.T.);
#8302=ORIENTED_EDGE('',*,*,#5776,.T.);
#8303=ORIENTED_EDGE('',*,*,#5777,.F.);
#8304=ORIENTED_EDGE('',*,*,#5775,.F.);
#8305=ORIENTED_EDGE('',*,*,#5778,.T.);
#8306=ORIENTED_EDGE('',*,*,#5753,.F.);
#8307=ORIENTED_EDGE('',*,*,#5761,.F.);
#8308=ORIENTED_EDGE('',*,*,#5751,.F.);
#8309=ORIENTED_EDGE('',*,*,#5779,.F.);
#8310=ORIENTED_EDGE('',*,*,#5770,.T.);
#8311=ORIENTED_EDGE('',*,*,#5767,.T.);
#8312=ORIENTED_EDGE('',*,*,#5771,.F.);
#8313=ORIENTED_EDGE('',*,*,#5765,.T.);
#8314=ORIENTED_EDGE('',*,*,#5762,.T.);
#8315=ORIENTED_EDGE('',*,*,#5758,.T.);
#8316=ORIENTED_EDGE('',*,*,#5750,.F.);
#8317=ORIENTED_EDGE('',*,*,#5756,.F.);
#8318=ORIENTED_EDGE('',*,*,#5780,.F.);
#8319=ORIENTED_EDGE('',*,*,#5772,.F.);
#8320=ORIENTED_EDGE('',*,*,#5739,.F.);
#8321=ORIENTED_EDGE('',*,*,#5747,.T.);
#8322=ORIENTED_EDGE('',*,*,#5769,.T.);
#8323=ORIENTED_EDGE('',*,*,#5779,.T.);
#8324=ORIENTED_EDGE('',*,*,#5773,.T.);
#8325=ORIENTED_EDGE('',*,*,#5780,.T.);
#8326=ORIENTED_EDGE('',*,*,#5755,.F.);
#8327=ORIENTED_EDGE('',*,*,#5781,.F.);
#8328=ORIENTED_EDGE('',*,*,#5774,.F.);
#8329=ORIENTED_EDGE('',*,*,#5781,.T.);
#8330=ORIENTED_EDGE('',*,*,#5754,.F.);
#8331=ORIENTED_EDGE('',*,*,#5778,.F.);
#8332=ORIENTED_EDGE('',*,*,#5782,.T.);
#8333=ORIENTED_EDGE('',*,*,#5783,.T.);
#8334=ORIENTED_EDGE('',*,*,#5784,.T.);
#8335=ORIENTED_EDGE('',*,*,#5785,.T.);
#8336=ORIENTED_EDGE('',*,*,#5783,.F.);
#8337=ORIENTED_EDGE('',*,*,#5786,.T.);
#8338=ORIENTED_EDGE('',*,*,#5787,.T.);
#8339=ORIENTED_EDGE('',*,*,#5788,.T.);
#8340=ORIENTED_EDGE('',*,*,#5789,.F.);
#8341=ORIENTED_EDGE('',*,*,#5790,.T.);
#8342=ORIENTED_EDGE('',*,*,#5791,.T.);
#8343=ORIENTED_EDGE('',*,*,#5792,.F.);
#8344=ORIENTED_EDGE('',*,*,#5793,.T.);
#8345=ORIENTED_EDGE('',*,*,#5794,.T.);
#8346=ORIENTED_EDGE('',*,*,#5795,.T.);
#8347=ORIENTED_EDGE('',*,*,#5796,.T.);
#8348=ORIENTED_EDGE('',*,*,#5794,.F.);
#8349=ORIENTED_EDGE('',*,*,#5797,.T.);
#8350=ORIENTED_EDGE('',*,*,#5798,.T.);
#8351=ORIENTED_EDGE('',*,*,#5799,.T.);
#8352=ORIENTED_EDGE('',*,*,#5800,.T.);
#8353=ORIENTED_EDGE('',*,*,#5801,.T.);
#8354=ORIENTED_EDGE('',*,*,#5802,.T.);
#8355=ORIENTED_EDGE('',*,*,#5793,.F.);
#8356=ORIENTED_EDGE('',*,*,#5803,.F.);
#8357=ORIENTED_EDGE('',*,*,#5804,.T.);
#8358=ORIENTED_EDGE('',*,*,#5786,.F.);
#8359=ORIENTED_EDGE('',*,*,#5782,.F.);
#8360=ORIENTED_EDGE('',*,*,#5805,.T.);
#8361=ORIENTED_EDGE('',*,*,#5806,.T.);
#8362=ORIENTED_EDGE('',*,*,#5797,.F.);
#8363=ORIENTED_EDGE('',*,*,#5804,.F.);
#8364=ORIENTED_EDGE('',*,*,#5807,.F.);
#8365=ORIENTED_EDGE('',*,*,#5808,.T.);
#8366=ORIENTED_EDGE('',*,*,#5787,.F.);
#8367=ORIENTED_EDGE('',*,*,#5809,.F.);
#8368=ORIENTED_EDGE('',*,*,#5788,.F.);
#8369=ORIENTED_EDGE('',*,*,#5808,.F.);
#8370=ORIENTED_EDGE('',*,*,#5810,.F.);
#8371=ORIENTED_EDGE('',*,*,#5811,.F.);
#8372=ORIENTED_EDGE('',*,*,#5812,.F.);
#8373=ORIENTED_EDGE('',*,*,#5813,.T.);
#8374=ORIENTED_EDGE('',*,*,#5790,.F.);
#8375=ORIENTED_EDGE('',*,*,#5814,.F.);
#8376=ORIENTED_EDGE('',*,*,#5791,.F.);
#8377=ORIENTED_EDGE('',*,*,#5813,.F.);
#8378=ORIENTED_EDGE('',*,*,#5815,.F.);
#8379=ORIENTED_EDGE('',*,*,#5809,.T.);
#8380=ORIENTED_EDGE('',*,*,#5816,.T.);
#8381=ORIENTED_EDGE('',*,*,#5811,.T.);
#8382=ORIENTED_EDGE('',*,*,#5789,.T.);
#8383=ORIENTED_EDGE('',*,*,#5802,.F.);
#8384=ORIENTED_EDGE('',*,*,#5817,.T.);
#8385=ORIENTED_EDGE('',*,*,#5818,.T.);
#8386=ORIENTED_EDGE('',*,*,#5817,.F.);
#8387=ORIENTED_EDGE('',*,*,#5819,.F.);
#8388=ORIENTED_EDGE('',*,*,#5820,.T.);
#8389=ORIENTED_EDGE('',*,*,#5799,.F.);
#8390=ORIENTED_EDGE('',*,*,#5821,.F.);
#8391=ORIENTED_EDGE('',*,*,#5822,.F.);
#8392=ORIENTED_EDGE('',*,*,#5821,.T.);
#8393=ORIENTED_EDGE('',*,*,#5798,.F.);
#8394=ORIENTED_EDGE('',*,*,#5806,.F.);
#8395=ORIENTED_EDGE('',*,*,#5796,.F.);
#8396=ORIENTED_EDGE('',*,*,#5823,.F.);
#8397=ORIENTED_EDGE('',*,*,#5815,.T.);
#8398=ORIENTED_EDGE('',*,*,#5812,.T.);
#8399=ORIENTED_EDGE('',*,*,#5816,.F.);
#8400=ORIENTED_EDGE('',*,*,#5810,.T.);
#8401=ORIENTED_EDGE('',*,*,#5807,.T.);
#8402=ORIENTED_EDGE('',*,*,#5803,.T.);
#8403=ORIENTED_EDGE('',*,*,#5795,.F.);
#8404=ORIENTED_EDGE('',*,*,#5801,.F.);
#8405=ORIENTED_EDGE('',*,*,#5824,.F.);
#8406=ORIENTED_EDGE('',*,*,#5825,.F.);
#8407=ORIENTED_EDGE('',*,*,#5784,.F.);
#8408=ORIENTED_EDGE('',*,*,#5792,.T.);
#8409=ORIENTED_EDGE('',*,*,#5814,.T.);
#8410=ORIENTED_EDGE('',*,*,#5823,.T.);
#8411=ORIENTED_EDGE('',*,*,#5826,.T.);
#8412=ORIENTED_EDGE('',*,*,#5824,.T.);
#8413=ORIENTED_EDGE('',*,*,#5800,.F.);
#8414=ORIENTED_EDGE('',*,*,#5820,.F.);
#8415=ORIENTED_EDGE('',*,*,#5785,.F.);
#8416=ORIENTED_EDGE('',*,*,#5825,.T.);
#8417=ORIENTED_EDGE('',*,*,#5826,.F.);
#8418=ORIENTED_EDGE('',*,*,#5819,.T.);
#8419=ORIENTED_EDGE('',*,*,#5822,.T.);
#8420=ORIENTED_EDGE('',*,*,#5805,.F.);
#8421=ORIENTED_EDGE('',*,*,#5818,.F.);
#8422=ORIENTED_EDGE('',*,*,#5827,.T.);
#8423=ORIENTED_EDGE('',*,*,#5828,.T.);
#8424=ORIENTED_EDGE('',*,*,#5829,.T.);
#8425=ORIENTED_EDGE('',*,*,#5830,.T.);
#8426=ORIENTED_EDGE('',*,*,#5828,.F.);
#8427=ORIENTED_EDGE('',*,*,#5831,.T.);
#8428=ORIENTED_EDGE('',*,*,#5832,.T.);
#8429=ORIENTED_EDGE('',*,*,#5833,.T.);
#8430=ORIENTED_EDGE('',*,*,#5834,.F.);
#8431=ORIENTED_EDGE('',*,*,#5835,.T.);
#8432=ORIENTED_EDGE('',*,*,#5836,.T.);
#8433=ORIENTED_EDGE('',*,*,#5837,.F.);
#8434=ORIENTED_EDGE('',*,*,#5838,.T.);
#8435=ORIENTED_EDGE('',*,*,#5839,.T.);
#8436=ORIENTED_EDGE('',*,*,#5840,.T.);
#8437=ORIENTED_EDGE('',*,*,#5841,.T.);
#8438=ORIENTED_EDGE('',*,*,#5838,.F.);
#8439=ORIENTED_EDGE('',*,*,#5842,.F.);
#8440=ORIENTED_EDGE('',*,*,#5843,.T.);
#8441=ORIENTED_EDGE('',*,*,#5831,.F.);
#8442=ORIENTED_EDGE('',*,*,#5827,.F.);
#8443=ORIENTED_EDGE('',*,*,#5844,.T.);
#8444=ORIENTED_EDGE('',*,*,#5845,.T.);
#8445=ORIENTED_EDGE('',*,*,#5846,.F.);
#8446=ORIENTED_EDGE('',*,*,#5841,.F.);
#8447=ORIENTED_EDGE('',*,*,#5847,.F.);
#8448=ORIENTED_EDGE('',*,*,#5848,.T.);
#8449=ORIENTED_EDGE('',*,*,#5849,.T.);
#8450=ORIENTED_EDGE('',*,*,#5850,.F.);
#8451=ORIENTED_EDGE('',*,*,#5851,.T.);
#8452=ORIENTED_EDGE('',*,*,#5852,.T.);
#8453=ORIENTED_EDGE('',*,*,#5842,.T.);
#8454=ORIENTED_EDGE('',*,*,#5853,.F.);
#8455=ORIENTED_EDGE('',*,*,#5849,.F.);
#8456=ORIENTED_EDGE('',*,*,#5854,.T.);
#8457=ORIENTED_EDGE('',*,*,#5835,.F.);
#8458=ORIENTED_EDGE('',*,*,#5855,.F.);
#8459=ORIENTED_EDGE('',*,*,#5836,.F.);
#8460=ORIENTED_EDGE('',*,*,#5854,.F.);
#8461=ORIENTED_EDGE('',*,*,#5848,.F.);
#8462=ORIENTED_EDGE('',*,*,#5843,.F.);
#8463=ORIENTED_EDGE('',*,*,#5852,.F.);
#8464=ORIENTED_EDGE('',*,*,#5856,.T.);
#8465=ORIENTED_EDGE('',*,*,#5832,.F.);
#8466=ORIENTED_EDGE('',*,*,#5857,.F.);
#8467=ORIENTED_EDGE('',*,*,#5833,.F.);
#8468=ORIENTED_EDGE('',*,*,#5856,.F.);
#8469=ORIENTED_EDGE('',*,*,#5851,.F.);
#8470=ORIENTED_EDGE('',*,*,#5853,.T.);
#8471=ORIENTED_EDGE('',*,*,#5834,.T.);
#8472=ORIENTED_EDGE('',*,*,#5857,.T.);
#8473=ORIENTED_EDGE('',*,*,#5850,.T.);
#8474=ORIENTED_EDGE('',*,*,#5858,.F.);
#8475=ORIENTED_EDGE('',*,*,#5859,.T.);
#8476=ORIENTED_EDGE('',*,*,#5860,.T.);
#8477=ORIENTED_EDGE('',*,*,#5859,.F.);
#8478=ORIENTED_EDGE('',*,*,#5861,.F.);
#8479=ORIENTED_EDGE('',*,*,#5862,.T.);
#8480=ORIENTED_EDGE('',*,*,#5863,.F.);
#8481=ORIENTED_EDGE('',*,*,#5864,.F.);
#8482=ORIENTED_EDGE('',*,*,#5865,.F.);
#8483=ORIENTED_EDGE('',*,*,#5864,.T.);
#8484=ORIENTED_EDGE('',*,*,#5866,.F.);
#8485=ORIENTED_EDGE('',*,*,#5845,.F.);
#8486=ORIENTED_EDGE('',*,*,#5840,.F.);
#8487=ORIENTED_EDGE('',*,*,#5867,.F.);
#8488=ORIENTED_EDGE('',*,*,#5868,.F.);
#8489=ORIENTED_EDGE('',*,*,#5869,.F.);
#8490=ORIENTED_EDGE('',*,*,#5829,.F.);
#8491=ORIENTED_EDGE('',*,*,#5837,.T.);
#8492=ORIENTED_EDGE('',*,*,#5855,.T.);
#8493=ORIENTED_EDGE('',*,*,#5847,.T.);
#8494=ORIENTED_EDGE('',*,*,#5870,.T.);
#8495=ORIENTED_EDGE('',*,*,#5868,.T.);
#8496=ORIENTED_EDGE('',*,*,#5871,.F.);
#8497=ORIENTED_EDGE('',*,*,#5862,.F.);
#8498=ORIENTED_EDGE('',*,*,#5839,.F.);
#8499=ORIENTED_EDGE('',*,*,#5846,.T.);
#8500=ORIENTED_EDGE('',*,*,#5866,.T.);
#8501=ORIENTED_EDGE('',*,*,#5863,.T.);
#8502=ORIENTED_EDGE('',*,*,#5871,.T.);
#8503=ORIENTED_EDGE('',*,*,#5867,.T.);
#8504=ORIENTED_EDGE('',*,*,#5858,.T.);
#8505=ORIENTED_EDGE('',*,*,#5830,.F.);
#8506=ORIENTED_EDGE('',*,*,#5869,.T.);
#8507=ORIENTED_EDGE('',*,*,#5870,.F.);
#8508=ORIENTED_EDGE('',*,*,#5861,.T.);
#8509=ORIENTED_EDGE('',*,*,#5865,.T.);
#8510=ORIENTED_EDGE('',*,*,#5844,.F.);
#8511=ORIENTED_EDGE('',*,*,#5860,.F.);
#8512=ORIENTED_EDGE('',*,*,#5872,.T.);
#8513=ORIENTED_EDGE('',*,*,#5873,.T.);
#8514=ORIENTED_EDGE('',*,*,#5874,.T.);
#8515=ORIENTED_EDGE('',*,*,#5873,.F.);
#8516=ORIENTED_EDGE('',*,*,#5872,.F.);
#8517=ORIENTED_EDGE('',*,*,#5874,.F.);
#8518=ORIENTED_EDGE('',*,*,#5875,.T.);
#8519=ORIENTED_EDGE('',*,*,#5876,.T.);
#8520=ORIENTED_EDGE('',*,*,#5877,.T.);
#8521=ORIENTED_EDGE('',*,*,#5876,.F.);
#8522=ORIENTED_EDGE('',*,*,#5875,.F.);
#8523=ORIENTED_EDGE('',*,*,#5877,.F.);
#8524=ORIENTED_EDGE('',*,*,#5878,.T.);
#8525=ORIENTED_EDGE('',*,*,#5879,.T.);
#8526=ORIENTED_EDGE('',*,*,#5880,.T.);
#8527=ORIENTED_EDGE('',*,*,#5879,.F.);
#8528=ORIENTED_EDGE('',*,*,#5878,.F.);
#8529=ORIENTED_EDGE('',*,*,#5880,.F.);
#8530=ORIENTED_EDGE('',*,*,#5881,.T.);
#8531=ORIENTED_EDGE('',*,*,#5882,.T.);
#8532=ORIENTED_EDGE('',*,*,#5883,.T.);
#8533=ORIENTED_EDGE('',*,*,#5882,.F.);
#8534=ORIENTED_EDGE('',*,*,#5881,.F.);
#8535=ORIENTED_EDGE('',*,*,#5883,.F.);
#8536=ORIENTED_EDGE('',*,*,#5884,.T.);
#8537=ORIENTED_EDGE('',*,*,#5885,.T.);
#8538=ORIENTED_EDGE('',*,*,#5886,.T.);
#8539=ORIENTED_EDGE('',*,*,#5885,.F.);
#8540=ORIENTED_EDGE('',*,*,#5884,.F.);
#8541=ORIENTED_EDGE('',*,*,#5886,.F.);
#8542=ORIENTED_EDGE('',*,*,#5887,.T.);
#8543=ORIENTED_EDGE('',*,*,#5888,.T.);
#8544=ORIENTED_EDGE('',*,*,#5889,.T.);
#8545=ORIENTED_EDGE('',*,*,#5888,.F.);
#8546=ORIENTED_EDGE('',*,*,#5887,.F.);
#8547=ORIENTED_EDGE('',*,*,#5889,.F.);
#8548=CYLINDRICAL_SURFACE('',#9246,0.7);
#8549=CYLINDRICAL_SURFACE('',#9252,0.7);
#8550=CYLINDRICAL_SURFACE('',#9257,0.7);
#8551=CYLINDRICAL_SURFACE('',#9264,0.7);
#8552=CYLINDRICAL_SURFACE('',#9269,0.5);
#8553=CYLINDRICAL_SURFACE('',#9276,0.5);
#8554=CYLINDRICAL_SURFACE('',#9281,0.7);
#8555=CYLINDRICAL_SURFACE('',#9284,0.9);
#8556=CYLINDRICAL_SURFACE('',#9286,0.9);
#8557=CYLINDRICAL_SURFACE('',#9291,1.);
#8558=CYLINDRICAL_SURFACE('',#9295,0.15);
#8559=CYLINDRICAL_SURFACE('',#9306,0.2);
#8560=CYLINDRICAL_SURFACE('',#9325,0.2);
#8561=CYLINDRICAL_SURFACE('',#9327,0.25);
#8562=CYLINDRICAL_SURFACE('',#9331,0.25);
#8563=CYLINDRICAL_SURFACE('',#9335,0.25);
#8564=CYLINDRICAL_SURFACE('',#9339,0.25);
#8565=CYLINDRICAL_SURFACE('',#9344,0.25);
#8566=CYLINDRICAL_SURFACE('',#9347,0.25);
#8567=CYLINDRICAL_SURFACE('',#9350,0.25);
#8568=CYLINDRICAL_SURFACE('',#9353,0.25);
#8569=CYLINDRICAL_SURFACE('',#9356,0.25);
#8570=CYLINDRICAL_SURFACE('',#9359,0.25);
#8571=CYLINDRICAL_SURFACE('',#9362,0.25);
#8572=CYLINDRICAL_SURFACE('',#9365,0.25);
#8573=CYLINDRICAL_SURFACE('',#9368,0.25);
#8574=CYLINDRICAL_SURFACE('',#9371,0.25);
#8575=CYLINDRICAL_SURFACE('',#9379,0.5);
#8576=CYLINDRICAL_SURFACE('',#9380,0.5);
#8577=CYLINDRICAL_SURFACE('',#9382,0.75);
#8578=CYLINDRICAL_SURFACE('',#9389,0.2);
#8579=CYLINDRICAL_SURFACE('',#9393,0.2);
#8580=CYLINDRICAL_SURFACE('',#9397,0.3);
#8581=CYLINDRICAL_SURFACE('',#9416,0.3);
#8582=CYLINDRICAL_SURFACE('',#9425,0.3);
#8583=CYLINDRICAL_SURFACE('',#9431,0.2);
#8584=CYLINDRICAL_SURFACE('',#9434,0.2);
#8585=CYLINDRICAL_SURFACE('',#9440,0.5);
#8586=CYLINDRICAL_SURFACE('',#9443,0.2);
#8587=CYLINDRICAL_SURFACE('',#9446,0.2);
#8588=CYLINDRICAL_SURFACE('',#9449,0.2);
#8589=CYLINDRICAL_SURFACE('',#9452,0.3);
#8590=CYLINDRICAL_SURFACE('',#9455,0.3);
#8591=CYLINDRICAL_SURFACE('',#9461,0.3);
#8592=CYLINDRICAL_SURFACE('',#9464,0.5);
#8593=CYLINDRICAL_SURFACE('',#9465,0.625);
#8594=CYLINDRICAL_SURFACE('',#9468,0.2);
#8595=CYLINDRICAL_SURFACE('',#9470,0.199999999999999);
#8596=CYLINDRICAL_SURFACE('',#9473,0.199999999999999);
#8597=CYLINDRICAL_SURFACE('',#9476,0.249999999999998);
#8598=CYLINDRICAL_SURFACE('',#9478,1.99999999999999);
#8599=CYLINDRICAL_SURFACE('',#9481,0.249999999999999);
#8600=CYLINDRICAL_SURFACE('',#9488,0.75);
#8601=CYLINDRICAL_SURFACE('',#9497,0.75);
#8602=CYLINDRICAL_SURFACE('',#9499,0.624999999999999);
#8603=CYLINDRICAL_SURFACE('',#9509,0.249999999999999);
#8604=CYLINDRICAL_SURFACE('',#9510,0.249999999999999);
#8605=CYLINDRICAL_SURFACE('',#9511,0.25);
#8606=CYLINDRICAL_SURFACE('',#9514,0.25);
#8607=CYLINDRICAL_SURFACE('',#9517,0.25);
#8608=CYLINDRICAL_SURFACE('',#9520,0.25);
#8609=CYLINDRICAL_SURFACE('',#9523,0.25);
#8610=CYLINDRICAL_SURFACE('',#9526,0.25);
#8611=CYLINDRICAL_SURFACE('',#9532,0.15);
#8612=CYLINDRICAL_SURFACE('',#9534,0.15);
#8613=CYLINDRICAL_SURFACE('',#9556,0.1);
#8614=CYLINDRICAL_SURFACE('',#9579,0.1);
#8615=CYLINDRICAL_SURFACE('',#9581,0.1);
#8616=CYLINDRICAL_SURFACE('',#9583,0.1);
#8617=CYLINDRICAL_SURFACE('',#9585,0.1);
#8618=CYLINDRICAL_SURFACE('',#9586,0.1);
#8619=CYLINDRICAL_SURFACE('',#9588,0.1);
#8620=CYLINDRICAL_SURFACE('',#9589,0.1);
#8621=CYLINDRICAL_SURFACE('',#9591,0.624999999999999);
#8622=CYLINDRICAL_SURFACE('',#9593,0.3);
#8623=CYLINDRICAL_SURFACE('',#9595,0.3);
#8624=CYLINDRICAL_SURFACE('',#9597,0.199999999999999);
#8625=CYLINDRICAL_SURFACE('',#9599,0.2);
#8626=CYLINDRICAL_SURFACE('',#9601,0.2);
#8627=CYLINDRICAL_SURFACE('',#9603,0.2);
#8628=CYLINDRICAL_SURFACE('',#9604,0.625);
#8629=CYLINDRICAL_SURFACE('',#9606,0.199999999999999);
#8630=CYLINDRICAL_SURFACE('',#9608,0.199999999999999);
#8631=CYLINDRICAL_SURFACE('',#9610,0.199999999999999);
#8632=CYLINDRICAL_SURFACE('',#9612,0.199999999999999);
#8633=CYLINDRICAL_SURFACE('',#9627,0.800000000000001);
#8634=CYLINDRICAL_SURFACE('',#9632,1.45);
#8635=CYLINDRICAL_SURFACE('',#9656,1.9);
#8636=CYLINDRICAL_SURFACE('',#9657,0.1498);
#8637=CYLINDRICAL_SURFACE('',#9665,0.1498);
#8638=CYLINDRICAL_SURFACE('',#9671,0.1498);
#8639=CYLINDRICAL_SURFACE('',#9676,0.1498);
#8640=CYLINDRICAL_SURFACE('',#9678,0.1498);
#8641=CYLINDRICAL_SURFACE('',#9684,0.15);
#8642=CYLINDRICAL_SURFACE('',#9688,0.15);
#8643=CYLINDRICAL_SURFACE('',#9691,0.15);
#8644=CYLINDRICAL_SURFACE('',#9693,0.15);
#8645=CYLINDRICAL_SURFACE('',#9699,0.15);
#8646=CYLINDRICAL_SURFACE('',#9742,0.15);
#8647=CYLINDRICAL_SURFACE('',#9755,0.15);
#8648=CYLINDRICAL_SURFACE('',#9758,0.15);
#8649=CYLINDRICAL_SURFACE('',#9768,0.8);
#8650=CYLINDRICAL_SURFACE('',#9772,1.45);
#8651=CYLINDRICAL_SURFACE('',#9773,1.9);
#8652=CYLINDRICAL_SURFACE('',#9777,4.7);
#8653=CYLINDRICAL_SURFACE('',#9782,1.95);
#8654=CYLINDRICAL_SURFACE('',#9794,2.25);
#8655=CYLINDRICAL_SURFACE('',#9799,0.15);
#8656=CYLINDRICAL_SURFACE('',#9802,0.15);
#8657=CYLINDRICAL_SURFACE('',#9803,0.15);
#8658=CYLINDRICAL_SURFACE('',#9805,0.15);
#8659=CYLINDRICAL_SURFACE('',#9808,0.15);
#8660=CYLINDRICAL_SURFACE('',#9810,0.15);
#8661=CYLINDRICAL_SURFACE('',#9814,0.15);
#8662=CYLINDRICAL_SURFACE('',#9819,0.15);
#8663=CYLINDRICAL_SURFACE('',#9823,0.15);
#8664=CYLINDRICAL_SURFACE('',#9829,0.15);
#8665=CYLINDRICAL_SURFACE('',#9834,0.15);
#8666=CYLINDRICAL_SURFACE('',#9837,0.15);
#8667=CYLINDRICAL_SURFACE('',#9842,0.15);
#8668=CYLINDRICAL_SURFACE('',#9848,0.15);
#8669=CYLINDRICAL_SURFACE('',#9856,0.15);
#8670=CYLINDRICAL_SURFACE('',#9860,0.15);
#8671=CYLINDRICAL_SURFACE('',#9865,0.15);
#8672=CYLINDRICAL_SURFACE('',#9873,0.15);
#8673=CYLINDRICAL_SURFACE('',#9875,0.15);
#8674=CYLINDRICAL_SURFACE('',#9880,0.15);
#8675=CYLINDRICAL_SURFACE('',#9885,0.15);
#8676=CYLINDRICAL_SURFACE('',#9889,0.15);
#8677=CYLINDRICAL_SURFACE('',#9890,0.15);
#8678=CYLINDRICAL_SURFACE('',#9891,0.15);
#8679=CYLINDRICAL_SURFACE('',#9893,0.15);
#8680=CYLINDRICAL_SURFACE('',#9895,0.15);
#8681=CYLINDRICAL_SURFACE('',#9896,0.15);
#8682=CYLINDRICAL_SURFACE('',#9898,0.15);
#8683=CYLINDRICAL_SURFACE('',#9899,0.15);
#8684=CYLINDRICAL_SURFACE('',#9903,0.15);
#8685=CYLINDRICAL_SURFACE('',#9904,0.15);
#8686=CYLINDRICAL_SURFACE('',#9906,0.15);
#8687=CYLINDRICAL_SURFACE('',#9907,0.15);
#8688=CYLINDRICAL_SURFACE('',#9909,0.15);
#8689=CYLINDRICAL_SURFACE('',#9914,0.15);
#8690=CYLINDRICAL_SURFACE('',#9915,0.15);
#8691=CYLINDRICAL_SURFACE('',#9916,1.);
#8692=CYLINDRICAL_SURFACE('',#9919,1.);
#8693=CYLINDRICAL_SURFACE('',#9923,1.);
#8694=CYLINDRICAL_SURFACE('',#9925,1.);
#8695=CYLINDRICAL_SURFACE('',#9936,0.900000000000001);
#8696=CYLINDRICAL_SURFACE('',#9941,0.9);
#8697=CYLINDRICAL_SURFACE('',#9946,0.3);
#8698=CYLINDRICAL_SURFACE('',#9950,0.5);
#8699=CYLINDRICAL_SURFACE('',#9960,0.25);
#8700=CYLINDRICAL_SURFACE('',#9969,0.3);
#8701=CYLINDRICAL_SURFACE('',#9973,0.5);
#8702=CYLINDRICAL_SURFACE('',#9984,0.25);
#8703=CYLINDRICAL_SURFACE('',#9992,0.3);
#8704=CYLINDRICAL_SURFACE('',#9996,0.5);
#8705=CYLINDRICAL_SURFACE('',#10006,0.25);
#8706=CYLINDRICAL_SURFACE('',#10015,0.3);
#8707=CYLINDRICAL_SURFACE('',#10019,0.5);
#8708=CYLINDRICAL_SURFACE('',#10032,0.25);
#8709=CYLINDRICAL_SURFACE('',#10038,0.3);
#8710=CYLINDRICAL_SURFACE('',#10042,0.5);
#8711=CYLINDRICAL_SURFACE('',#10053,0.25);
#8712=CYLINDRICAL_SURFACE('',#10061,0.3);
#8713=CYLINDRICAL_SURFACE('',#10065,0.5);
#8714=CYLINDRICAL_SURFACE('',#10075,0.25);
#8715=ADVANCED_FACE('',(#547),#8548,.T.);
#8716=ADVANCED_FACE('',(#548),#274,.T.);
#8717=ADVANCED_FACE('',(#549),#275,.T.);
#8718=ADVANCED_FACE('',(#550),#8549,.T.);
#8719=ADVANCED_FACE('',(#551),#276,.T.);
#8720=ADVANCED_FACE('',(#552),#8550,.T.);
#8721=ADVANCED_FACE('',(#553),#277,.T.);
#8722=ADVANCED_FACE('',(#554),#278,.T.);
#8723=ADVANCED_FACE('',(#555),#8551,.T.);
#8724=ADVANCED_FACE('',(#556),#279,.T.);
#8725=ADVANCED_FACE('',(#557),#8552,.T.);
#8726=ADVANCED_FACE('',(#558),#280,.T.);
#8727=ADVANCED_FACE('',(#559),#281,.T.);
#8728=ADVANCED_FACE('',(#560),#8553,.T.);
#8729=ADVANCED_FACE('',(#561),#282,.T.);
#8730=ADVANCED_FACE('',(#562),#283,.T.);
#8731=ADVANCED_FACE('',(#563),#8554,.T.);
#8732=ADVANCED_FACE('',(#564),#284,.T.);
#8733=ADVANCED_FACE('',(#565),#285,.T.);
#8734=ADVANCED_FACE('',(#566),#8555,.F.);
#8735=ADVANCED_FACE('',(#567),#8556,.F.);
#8736=ADVANCED_FACE('',(#568),#256,.F.);
#8737=ADVANCED_FACE('',(#569),#8557,.T.);
#8738=ADVANCED_FACE('',(#570),#8558,.T.);
#8739=ADVANCED_FACE('',(#571),#286,.T.);
#8740=ADVANCED_FACE('',(#572),#287,.T.);
#8741=ADVANCED_FACE('',(#573),#288,.T.);
#8742=ADVANCED_FACE('',(#574),#289,.T.);
#8743=ADVANCED_FACE('',(#575),#290,.T.);
#8744=ADVANCED_FACE('',(#576),#291,.T.);
#8745=ADVANCED_FACE('',(#577),#292,.T.);
#8746=ADVANCED_FACE('',(#578),#8559,.T.);
#8747=ADVANCED_FACE('',(#579),#293,.T.);
#8748=ADVANCED_FACE('',(#580,#106,#107),#294,.T.);
#8749=ADVANCED_FACE('',(#581),#8560,.T.);
#8750=ADVANCED_FACE('',(#582),#8561,.F.);
#8751=ADVANCED_FACE('',(#583),#295,.F.);
#8752=ADVANCED_FACE('',(#584),#8562,.F.);
#8753=ADVANCED_FACE('',(#585),#296,.F.);
#8754=ADVANCED_FACE('',(#586),#8563,.F.);
#8755=ADVANCED_FACE('',(#587),#297,.F.);
#8756=ADVANCED_FACE('',(#588),#8564,.F.);
#8757=ADVANCED_FACE('',(#589),#298,.F.);
#8758=ADVANCED_FACE('',(#590),#299,.F.);
#8759=ADVANCED_FACE('',(#591),#8565,.F.);
#8760=ADVANCED_FACE('',(#592),#300,.F.);
#8761=ADVANCED_FACE('',(#593),#8566,.F.);
#8762=ADVANCED_FACE('',(#594),#301,.F.);
#8763=ADVANCED_FACE('',(#595),#8567,.F.);
#8764=ADVANCED_FACE('',(#596),#302,.F.);
#8765=ADVANCED_FACE('',(#597),#8568,.F.);
#8766=ADVANCED_FACE('',(#598),#303,.F.);
#8767=ADVANCED_FACE('',(#599),#8569,.F.);
#8768=ADVANCED_FACE('',(#600),#304,.F.);
#8769=ADVANCED_FACE('',(#601),#8570,.F.);
#8770=ADVANCED_FACE('',(#602),#305,.F.);
#8771=ADVANCED_FACE('',(#603),#8571,.F.);
#8772=ADVANCED_FACE('',(#604),#306,.F.);
#8773=ADVANCED_FACE('',(#605),#8572,.F.);
#8774=ADVANCED_FACE('',(#606),#307,.F.);
#8775=ADVANCED_FACE('',(#607),#8573,.F.);
#8776=ADVANCED_FACE('',(#608),#308,.F.);
#8777=ADVANCED_FACE('',(#609),#8574,.F.);
#8778=ADVANCED_FACE('',(#610),#309,.F.);
#8779=ADVANCED_FACE('',(#611),#310,.F.);
#8780=ADVANCED_FACE('',(#612,#108,#109),#311,.T.);
#8781=ADVANCED_FACE('',(#613),#8575,.T.);
#8782=ADVANCED_FACE('',(#614),#8576,.T.);
#8783=ADVANCED_FACE('',(#615),#312,.T.);
#8784=ADVANCED_FACE('',(#616),#8577,.T.);
#8785=ADVANCED_FACE('',(#617),#313,.T.);
#8786=ADVANCED_FACE('',(#618),#314,.T.);
#8787=ADVANCED_FACE('',(#619),#315,.T.);
#8788=ADVANCED_FACE('',(#620),#316,.T.);
#8789=ADVANCED_FACE('',(#621),#317,.T.);
#8790=ADVANCED_FACE('',(#622),#318,.T.);
#8791=ADVANCED_FACE('',(#623),#8578,.F.);
#8792=ADVANCED_FACE('',(#624),#319,.T.);
#8793=ADVANCED_FACE('',(#625),#8579,.F.);
#8794=ADVANCED_FACE('',(#626),#320,.T.);
#8795=ADVANCED_FACE('',(#627),#8580,.T.);
#8796=ADVANCED_FACE('',(#628,#110,#111,#112,#113,#114),#321,.F.);
#8797=ADVANCED_FACE('',(#629),#8581,.T.);
#8798=ADVANCED_FACE('',(#630),#322,.T.);
#8799=ADVANCED_FACE('',(#631,#115),#323,.T.);
#8800=ADVANCED_FACE('',(#632),#324,.T.);
#8801=ADVANCED_FACE('',(#633),#325,.T.);
#8802=ADVANCED_FACE('',(#634),#8582,.T.);
#8803=ADVANCED_FACE('',(#635),#326,.T.);
#8804=ADVANCED_FACE('',(#636),#8583,.F.);
#8805=ADVANCED_FACE('',(#637),#327,.T.);
#8806=ADVANCED_FACE('',(#638),#8584,.F.);
#8807=ADVANCED_FACE('',(#639),#328,.T.);
#8808=ADVANCED_FACE('',(#640),#329,.T.);
#8809=ADVANCED_FACE('',(#641),#8585,.T.);
#8810=ADVANCED_FACE('',(#642),#330,.T.);
#8811=ADVANCED_FACE('',(#643),#331,.T.);
#8812=ADVANCED_FACE('',(#644),#8586,.F.);
#8813=ADVANCED_FACE('',(#645),#332,.T.);
#8814=ADVANCED_FACE('',(#646),#8587,.F.);
#8815=ADVANCED_FACE('',(#647),#333,.T.);
#8816=ADVANCED_FACE('',(#648),#8588,.F.);
#8817=ADVANCED_FACE('',(#649),#334,.T.);
#8818=ADVANCED_FACE('',(#650),#8589,.F.);
#8819=ADVANCED_FACE('',(#651),#335,.T.);
#8820=ADVANCED_FACE('',(#652),#8590,.F.);
#8821=ADVANCED_FACE('',(#653),#336,.F.);
#8822=ADVANCED_FACE('',(#654),#337,.T.);
#8823=ADVANCED_FACE('',(#655),#338,.T.);
#8824=ADVANCED_FACE('',(#656),#8591,.T.);
#8825=ADVANCED_FACE('',(#657),#339,.T.);
#8826=ADVANCED_FACE('',(#658),#8592,.T.);
#8827=ADVANCED_FACE('',(#659),#8593,.F.);
#8828=ADVANCED_FACE('',(#660),#340,.T.);
#8829=ADVANCED_FACE('',(#661),#8594,.F.);
#8830=ADVANCED_FACE('',(#662),#8595,.F.);
#8831=ADVANCED_FACE('',(#663),#341,.T.);
#8832=ADVANCED_FACE('',(#664),#8596,.F.);
#8833=ADVANCED_FACE('',(#665),#342,.T.);
#8834=ADVANCED_FACE('',(#666),#8597,.F.);
#8835=ADVANCED_FACE('',(#667),#8598,.F.);
#8836=ADVANCED_FACE('',(#668),#343,.T.);
#8837=ADVANCED_FACE('',(#669),#8599,.F.);
#8838=ADVANCED_FACE('',(#670),#344,.T.);
#8839=ADVANCED_FACE('',(#671),#345,.T.);
#8840=ADVANCED_FACE('',(#672),#346,.T.);
#8841=ADVANCED_FACE('',(#673),#347,.F.);
#8842=ADVANCED_FACE('',(#674),#348,.T.);
#8843=ADVANCED_FACE('',(#675),#8600,.T.);
#8844=ADVANCED_FACE('',(#676),#257,.T.);
#8845=ADVANCED_FACE('',(#677),#258,.T.);
#8846=ADVANCED_FACE('',(#678),#8601,.T.);
#8847=ADVANCED_FACE('',(#679),#349,.T.);
#8848=ADVANCED_FACE('',(#680),#8602,.F.);
#8849=ADVANCED_FACE('',(#681),#350,.T.);
#8850=ADVANCED_FACE('',(#682),#351,.T.);
#8851=ADVANCED_FACE('',(#683),#352,.T.);
#8852=ADVANCED_FACE('',(#684),#353,.T.);
#8853=ADVANCED_FACE('',(#685,#116,#117,#118,#119,#120),#354,.T.);
#8854=ADVANCED_FACE('',(#686,#121),#355,.T.);
#8855=ADVANCED_FACE('',(#687),#8603,.F.);
#8856=ADVANCED_FACE('',(#688),#8604,.F.);
#8857=ADVANCED_FACE('',(#689),#8605,.F.);
#8858=ADVANCED_FACE('',(#690),#8606,.F.);
#8859=ADVANCED_FACE('',(#691),#8607,.F.);
#8860=ADVANCED_FACE('',(#692),#8608,.F.);
#8861=ADVANCED_FACE('',(#693),#8609,.F.);
#8862=ADVANCED_FACE('',(#694),#8610,.F.);
#8863=ADVANCED_FACE('',(#695),#53,.F.);
#8864=ADVANCED_FACE('',(#696),#8611,.T.);
#8865=ADVANCED_FACE('',(#697),#8612,.T.);
#8866=ADVANCED_FACE('',(#698,#122,#123,#124,#125,#126,#127,#128,#129,#130,
#131,#132),#356,.T.);
#8867=ADVANCED_FACE('',(#699),#8613,.T.);
#8868=ADVANCED_FACE('',(#700),#357,.T.);
#8869=ADVANCED_FACE('',(#701,#133,#134,#135,#136,#137,#138,#139,#140,#141,
#142,#143),#358,.F.);
#8870=ADVANCED_FACE('',(#702),#8614,.T.);
#8871=ADVANCED_FACE('',(#703),#359,.T.);
#8872=ADVANCED_FACE('',(#704),#8615,.T.);
#8873=ADVANCED_FACE('',(#705),#360,.T.);
#8874=ADVANCED_FACE('',(#706),#8616,.T.);
#8875=ADVANCED_FACE('',(#707),#361,.T.);
#8876=ADVANCED_FACE('',(#708),#8617,.T.);
#8877=ADVANCED_FACE('',(#709),#8618,.T.);
#8878=ADVANCED_FACE('',(#710),#362,.T.);
#8879=ADVANCED_FACE('',(#711),#8619,.T.);
#8880=ADVANCED_FACE('',(#712),#8620,.T.);
#8881=ADVANCED_FACE('',(#713),#363,.T.);
#8882=ADVANCED_FACE('',(#714),#8621,.F.);
#8883=ADVANCED_FACE('',(#715),#364,.T.);
#8884=ADVANCED_FACE('',(#716),#8622,.F.);
#8885=ADVANCED_FACE('',(#717),#365,.T.);
#8886=ADVANCED_FACE('',(#718),#8623,.F.);
#8887=ADVANCED_FACE('',(#719),#366,.T.);
#8888=ADVANCED_FACE('',(#720),#8624,.F.);
#8889=ADVANCED_FACE('',(#721),#367,.T.);
#8890=ADVANCED_FACE('',(#722),#8625,.F.);
#8891=ADVANCED_FACE('',(#723),#368,.T.);
#8892=ADVANCED_FACE('',(#724),#8626,.F.);
#8893=ADVANCED_FACE('',(#725),#369,.T.);
#8894=ADVANCED_FACE('',(#726),#8627,.F.);
#8895=ADVANCED_FACE('',(#727),#8628,.F.);
#8896=ADVANCED_FACE('',(#728),#370,.T.);
#8897=ADVANCED_FACE('',(#729),#8629,.F.);
#8898=ADVANCED_FACE('',(#730),#371,.T.);
#8899=ADVANCED_FACE('',(#731),#8630,.F.);
#8900=ADVANCED_FACE('',(#732),#372,.T.);
#8901=ADVANCED_FACE('',(#733),#8631,.F.);
#8902=ADVANCED_FACE('',(#734),#373,.T.);
#8903=ADVANCED_FACE('',(#735),#8632,.F.);
#8904=ADVANCED_FACE('',(#736),#374,.T.);
#8905=ADVANCED_FACE('',(#737),#375,.T.);
#8906=ADVANCED_FACE('',(#738),#376,.T.);
#8907=ADVANCED_FACE('',(#739),#377,.T.);
#8908=ADVANCED_FACE('',(#740),#378,.T.);
#8909=ADVANCED_FACE('',(#741),#379,.T.);
#8910=ADVANCED_FACE('',(#742),#380,.T.);
#8911=ADVANCED_FACE('',(#743),#381,.T.);
#8912=ADVANCED_FACE('',(#744),#382,.T.);
#8913=ADVANCED_FACE('',(#745),#383,.T.);
#8914=ADVANCED_FACE('',(#746),#384,.T.);
#8915=ADVANCED_FACE('',(#747),#385,.T.);
#8916=ADVANCED_FACE('',(#748),#54,.F.);
#8917=ADVANCED_FACE('',(#749),#8633,.F.);
#8918=ADVANCED_FACE('',(#750,#144),#386,.F.);
#8919=ADVANCED_FACE('',(#751),#8634,.F.);
#8920=ADVANCED_FACE('',(#752),#387,.T.);
#8921=ADVANCED_FACE('',(#753),#388,.T.);
#8922=ADVANCED_FACE('',(#754),#389,.T.);
#8923=ADVANCED_FACE('',(#755),#390,.T.);
#8924=ADVANCED_FACE('',(#756),#391,.T.);
#8925=ADVANCED_FACE('',(#757),#392,.T.);
#8926=ADVANCED_FACE('',(#758),#393,.T.);
#8927=ADVANCED_FACE('',(#759),#394,.T.);
#8928=ADVANCED_FACE('',(#760),#395,.T.);
#8929=ADVANCED_FACE('',(#761),#396,.T.);
#8930=ADVANCED_FACE('',(#762),#397,.T.);
#8931=ADVANCED_FACE('',(#763,#145),#398,.T.);
#8932=ADVANCED_FACE('',(#764),#399,.T.);
#8933=ADVANCED_FACE('',(#765,#146),#400,.T.);
#8934=ADVANCED_FACE('',(#766),#8635,.T.);
#8935=ADVANCED_FACE('',(#767),#8636,.T.);
#8936=ADVANCED_FACE('',(#768),#401,.T.);
#8937=ADVANCED_FACE('',(#769),#402,.T.);
#8938=ADVANCED_FACE('',(#770),#403,.F.);
#8939=ADVANCED_FACE('',(#771),#8637,.T.);
#8940=ADVANCED_FACE('',(#772),#31,.F.);
#8941=ADVANCED_FACE('',(#773),#404,.T.);
#8942=ADVANCED_FACE('',(#774),#8638,.T.);
#8943=ADVANCED_FACE('',(#775),#32,.F.);
#8944=ADVANCED_FACE('',(#776),#8639,.T.);
#8945=ADVANCED_FACE('',(#777),#8640,.T.);
#8946=ADVANCED_FACE('',(#778),#33,.F.);
#8947=ADVANCED_FACE('',(#779),#34,.F.);
#8948=ADVANCED_FACE('',(#780),#35,.F.);
#8949=ADVANCED_FACE('',(#781),#36,.F.);
#8950=ADVANCED_FACE('',(#782),#405,.F.);
#8951=ADVANCED_FACE('',(#783),#406,.T.);
#8952=ADVANCED_FACE('',(#784),#8641,.T.);
#8953=ADVANCED_FACE('',(#785),#407,.T.);
#8954=ADVANCED_FACE('',(#786),#8642,.T.);
#8955=ADVANCED_FACE('',(#787),#8643,.T.);
#8956=ADVANCED_FACE('',(#788),#8644,.T.);
#8957=ADVANCED_FACE('',(#789),#14,.T.);
#8958=ADVANCED_FACE('',(#790),#408,.F.);
#8959=ADVANCED_FACE('',(#791),#8645,.T.);
#8960=ADVANCED_FACE('',(#792,#147,#148,#149),#409,.T.);
#8961=ADVANCED_FACE('',(#793,#150),#410,.F.);
#8962=ADVANCED_FACE('',(#794),#55,.F.);
#8963=ADVANCED_FACE('',(#795),#411,.F.);
#8964=ADVANCED_FACE('',(#796),#56,.F.);
#8965=ADVANCED_FACE('',(#797),#57,.F.);
#8966=ADVANCED_FACE('',(#798),#412,.F.);
#8967=ADVANCED_FACE('',(#799),#259,.T.);
#8968=ADVANCED_FACE('',(#800),#58,.F.);
#8969=ADVANCED_FACE('',(#801),#59,.F.);
#8970=ADVANCED_FACE('',(#802),#413,.F.);
#8971=ADVANCED_FACE('',(#803),#60,.F.);
#8972=ADVANCED_FACE('',(#804),#61,.F.);
#8973=ADVANCED_FACE('',(#805),#414,.F.);
#8974=ADVANCED_FACE('',(#806),#62,.F.);
#8975=ADVANCED_FACE('',(#807),#63,.F.);
#8976=ADVANCED_FACE('',(#808),#415,.F.);
#8977=ADVANCED_FACE('',(#809),#64,.F.);
#8978=ADVANCED_FACE('',(#810),#65,.F.);
#8979=ADVANCED_FACE('',(#811),#66,.F.);
#8980=ADVANCED_FACE('',(#812),#416,.F.);
#8981=ADVANCED_FACE('',(#813),#67,.F.);
#8982=ADVANCED_FACE('',(#814),#68,.F.);
#8983=ADVANCED_FACE('',(#815),#417,.F.);
#8984=ADVANCED_FACE('',(#816),#69,.F.);
#8985=ADVANCED_FACE('',(#817),#70,.F.);
#8986=ADVANCED_FACE('',(#818),#418,.F.);
#8987=ADVANCED_FACE('',(#819),#419,.F.);
#8988=ADVANCED_FACE('',(#820),#420,.T.);
#8989=ADVANCED_FACE('',(#821),#421,.T.);
#8990=ADVANCED_FACE('',(#822),#422,.F.);
#8991=ADVANCED_FACE('',(#823),#71,.F.);
#8992=ADVANCED_FACE('',(#824),#8646,.T.);
#8993=ADVANCED_FACE('',(#825),#423,.T.);
#8994=ADVANCED_FACE('',(#826),#424,.T.);
#8995=ADVANCED_FACE('',(#827),#425,.T.);
#8996=ADVANCED_FACE('',(#828),#426,.T.);
#8997=ADVANCED_FACE('',(#829),#427,.T.);
#8998=ADVANCED_FACE('',(#830,#151),#428,.T.);
#8999=ADVANCED_FACE('',(#831),#429,.T.);
#9000=ADVANCED_FACE('',(#832),#8647,.T.);
#9001=ADVANCED_FACE('',(#833),#8648,.T.);
#9002=ADVANCED_FACE('',(#834),#430,.T.);
#9003=ADVANCED_FACE('',(#835),#431,.T.);
#9004=ADVANCED_FACE('',(#836),#432,.T.);
#9005=ADVANCED_FACE('',(#837),#433,.T.);
#9006=ADVANCED_FACE('',(#838),#434,.T.);
#9007=ADVANCED_FACE('',(#839,#152),#435,.T.);
#9008=ADVANCED_FACE('',(#840),#8649,.F.);
#9009=ADVANCED_FACE('',(#841,#153),#436,.F.);
#9010=ADVANCED_FACE('',(#842),#8650,.F.);
#9011=ADVANCED_FACE('',(#843),#8651,.T.);
#9012=ADVANCED_FACE('',(#844),#437,.T.);
#9013=ADVANCED_FACE('',(#845),#72,.F.);
#9014=ADVANCED_FACE('',(#846),#260,.T.);
#9015=ADVANCED_FACE('',(#847),#8652,.T.);
#9016=ADVANCED_FACE('',(#848,#154),#438,.F.);
#9017=ADVANCED_FACE('',(#849),#73,.T.);
#9018=ADVANCED_FACE('',(#850),#8653,.T.);
#9019=ADVANCED_FACE('',(#851),#15,.T.);
#9020=ADVANCED_FACE('',(#852),#261,.F.);
#9021=ADVANCED_FACE('',(#853),#13,.T.);
#9022=ADVANCED_FACE('',(#854),#8654,.T.);
#9023=ADVANCED_FACE('',(#855,#155),#439,.F.);
#9024=ADVANCED_FACE('',(#856),#16,.T.);
#9025=ADVANCED_FACE('',(#857),#8655,.T.);
#9026=ADVANCED_FACE('',(#858),#8656,.T.);
#9027=ADVANCED_FACE('',(#859),#8657,.T.);
#9028=ADVANCED_FACE('',(#860),#8658,.T.);
#9029=ADVANCED_FACE('',(#861),#8659,.T.);
#9030=ADVANCED_FACE('',(#862),#8660,.T.);
#9031=ADVANCED_FACE('',(#863),#17,.T.);
#9032=ADVANCED_FACE('',(#864),#8661,.T.);
#9033=ADVANCED_FACE('',(#865),#18,.T.);
#9034=ADVANCED_FACE('',(#866),#8662,.T.);
#9035=ADVANCED_FACE('',(#867),#19,.T.);
#9036=ADVANCED_FACE('',(#868),#8663,.T.);
#9037=ADVANCED_FACE('',(#869),#20,.T.);
#9038=ADVANCED_FACE('',(#870),#21,.T.);
#9039=ADVANCED_FACE('',(#871),#440,.T.);
#9040=ADVANCED_FACE('',(#872),#8664,.T.);
#9041=ADVANCED_FACE('',(#873),#441,.T.);
#9042=ADVANCED_FACE('',(#874),#442,.T.);
#9043=ADVANCED_FACE('',(#875),#443,.T.);
#9044=ADVANCED_FACE('',(#876),#8665,.T.);
#9045=ADVANCED_FACE('',(#877),#444,.T.);
#9046=ADVANCED_FACE('',(#878),#8666,.T.);
#9047=ADVANCED_FACE('',(#879),#22,.T.);
#9048=ADVANCED_FACE('',(#880),#8667,.T.);
#9049=ADVANCED_FACE('',(#881),#23,.T.);
#9050=ADVANCED_FACE('',(#882),#8668,.T.);
#9051=ADVANCED_FACE('',(#883),#24,.T.);
#9052=ADVANCED_FACE('',(#884),#25,.T.);
#9053=ADVANCED_FACE('',(#885),#8669,.T.);
#9054=ADVANCED_FACE('',(#886),#26,.T.);
#9055=ADVANCED_FACE('',(#887),#8670,.T.);
#9056=ADVANCED_FACE('',(#888),#27,.T.);
#9057=ADVANCED_FACE('',(#889),#8671,.T.);
#9058=ADVANCED_FACE('',(#890),#28,.T.);
#9059=ADVANCED_FACE('',(#891),#29,.T.);
#9060=ADVANCED_FACE('',(#892),#8672,.T.);
#9061=ADVANCED_FACE('',(#893),#8673,.T.);
#9062=ADVANCED_FACE('',(#894),#262,.T.);
#9063=ADVANCED_FACE('',(#895),#8674,.T.);
#9064=ADVANCED_FACE('',(#896),#263,.T.);
#9065=ADVANCED_FACE('',(#897),#8675,.T.);
#9066=ADVANCED_FACE('',(#898),#30,.T.);
#9067=ADVANCED_FACE('',(#899),#8676,.T.);
#9068=ADVANCED_FACE('',(#900),#8677,.T.);
#9069=ADVANCED_FACE('',(#901),#8678,.T.);
#9070=ADVANCED_FACE('',(#902),#8679,.T.);
#9071=ADVANCED_FACE('',(#903),#8680,.T.);
#9072=ADVANCED_FACE('',(#904),#8681,.T.);
#9073=ADVANCED_FACE('',(#905),#8682,.T.);
#9074=ADVANCED_FACE('',(#906),#8683,.T.);
#9075=ADVANCED_FACE('',(#907),#264,.T.);
#9076=ADVANCED_FACE('',(#908),#8684,.T.);
#9077=ADVANCED_FACE('',(#909),#8685,.T.);
#9078=ADVANCED_FACE('',(#910),#8686,.T.);
#9079=ADVANCED_FACE('',(#911),#8687,.T.);
#9080=ADVANCED_FACE('',(#912),#8688,.T.);
#9081=ADVANCED_FACE('',(#913),#265,.T.);
#9082=ADVANCED_FACE('',(#914),#8689,.T.);
#9083=ADVANCED_FACE('',(#915),#8690,.T.);
#9084=ADVANCED_FACE('',(#916),#8691,.F.);
#9085=ADVANCED_FACE('',(#917),#445,.F.);
#9086=ADVANCED_FACE('',(#918),#8692,.F.);
#9087=ADVANCED_FACE('',(#919),#446,.F.);
#9088=ADVANCED_FACE('',(#920),#447,.F.);
#9089=ADVANCED_FACE('',(#921),#8693,.F.);
#9090=ADVANCED_FACE('',(#922),#8694,.F.);
#9091=ADVANCED_FACE('',(#923),#448,.F.);
#9092=ADVANCED_FACE('',(#924),#449,.F.);
#9093=ADVANCED_FACE('',(#925),#450,.F.);
#9094=ADVANCED_FACE('',(#926),#451,.F.);
#9095=ADVANCED_FACE('',(#927),#452,.F.);
#9096=ADVANCED_FACE('',(#928),#453,.F.);
#9097=ADVANCED_FACE('',(#929),#266,.T.);
#9098=ADVANCED_FACE('',(#930),#8695,.F.);
#9099=ADVANCED_FACE('',(#931),#267,.T.);
#9100=ADVANCED_FACE('',(#932),#8696,.F.);
#9101=ADVANCED_FACE('',(#933),#454,.T.);
#9102=ADVANCED_FACE('',(#934),#455,.T.);
#9103=ADVANCED_FACE('',(#935),#456,.T.);
#9104=ADVANCED_FACE('',(#936),#8697,.F.);
#9105=ADVANCED_FACE('',(#937),#457,.T.);
#9106=ADVANCED_FACE('',(#938),#8698,.T.);
#9107=ADVANCED_FACE('',(#939),#458,.T.);
#9108=ADVANCED_FACE('',(#940),#459,.T.);
#9109=ADVANCED_FACE('',(#941),#460,.F.);
#9110=ADVANCED_FACE('',(#942),#461,.F.);
#9111=ADVANCED_FACE('',(#943),#462,.F.);
#9112=ADVANCED_FACE('',(#944),#463,.F.);
#9113=ADVANCED_FACE('',(#945),#464,.T.);
#9114=ADVANCED_FACE('',(#946),#8699,.F.);
#9115=ADVANCED_FACE('',(#947),#465,.T.);
#9116=ADVANCED_FACE('',(#948),#466,.T.);
#9117=ADVANCED_FACE('',(#949),#467,.T.);
#9118=ADVANCED_FACE('',(#950),#468,.T.);
#9119=ADVANCED_FACE('',(#951,#156),#469,.T.);
#9120=ADVANCED_FACE('',(#952,#157),#470,.F.);
#9121=ADVANCED_FACE('',(#953),#8700,.F.);
#9122=ADVANCED_FACE('',(#954),#471,.T.);
#9123=ADVANCED_FACE('',(#955),#8701,.T.);
#9124=ADVANCED_FACE('',(#956,#158),#472,.T.);
#9125=ADVANCED_FACE('',(#957),#473,.T.);
#9126=ADVANCED_FACE('',(#958),#474,.F.);
#9127=ADVANCED_FACE('',(#959),#475,.F.);
#9128=ADVANCED_FACE('',(#960),#476,.F.);
#9129=ADVANCED_FACE('',(#961),#477,.F.);
#9130=ADVANCED_FACE('',(#962),#478,.T.);
#9131=ADVANCED_FACE('',(#963),#8702,.F.);
#9132=ADVANCED_FACE('',(#964),#479,.T.);
#9133=ADVANCED_FACE('',(#965),#480,.T.);
#9134=ADVANCED_FACE('',(#966),#481,.T.);
#9135=ADVANCED_FACE('',(#967),#482,.T.);
#9136=ADVANCED_FACE('',(#968),#483,.T.);
#9137=ADVANCED_FACE('',(#969,#159),#484,.F.);
#9138=ADVANCED_FACE('',(#970),#8703,.F.);
#9139=ADVANCED_FACE('',(#971),#485,.T.);
#9140=ADVANCED_FACE('',(#972),#8704,.T.);
#9141=ADVANCED_FACE('',(#973),#486,.T.);
#9142=ADVANCED_FACE('',(#974),#487,.T.);
#9143=ADVANCED_FACE('',(#975),#488,.F.);
#9144=ADVANCED_FACE('',(#976),#489,.F.);
#9145=ADVANCED_FACE('',(#977),#490,.F.);
#9146=ADVANCED_FACE('',(#978),#491,.F.);
#9147=ADVANCED_FACE('',(#979),#492,.T.);
#9148=ADVANCED_FACE('',(#980),#8705,.F.);
#9149=ADVANCED_FACE('',(#981),#493,.T.);
#9150=ADVANCED_FACE('',(#982),#494,.T.);
#9151=ADVANCED_FACE('',(#983),#495,.T.);
#9152=ADVANCED_FACE('',(#984),#496,.T.);
#9153=ADVANCED_FACE('',(#985,#160),#497,.T.);
#9154=ADVANCED_FACE('',(#986,#161),#498,.F.);
#9155=ADVANCED_FACE('',(#987),#8706,.F.);
#9156=ADVANCED_FACE('',(#988),#499,.T.);
#9157=ADVANCED_FACE('',(#989),#8707,.T.);
#9158=ADVANCED_FACE('',(#990,#162),#500,.T.);
#9159=ADVANCED_FACE('',(#991),#501,.T.);
#9160=ADVANCED_FACE('',(#992),#502,.F.);
#9161=ADVANCED_FACE('',(#993),#503,.F.);
#9162=ADVANCED_FACE('',(#994),#504,.F.);
#9163=ADVANCED_FACE('',(#995),#505,.F.);
#9164=ADVANCED_FACE('',(#996),#506,.T.);
#9165=ADVANCED_FACE('',(#997,#163),#507,.F.);
#9166=ADVANCED_FACE('',(#998),#8708,.F.);
#9167=ADVANCED_FACE('',(#999),#508,.T.);
#9168=ADVANCED_FACE('',(#1000),#509,.T.);
#9169=ADVANCED_FACE('',(#1001),#510,.T.);
#9170=ADVANCED_FACE('',(#1002),#511,.T.);
#9171=ADVANCED_FACE('',(#1003),#512,.T.);
#9172=ADVANCED_FACE('',(#1004),#8709,.F.);
#9173=ADVANCED_FACE('',(#1005),#513,.T.);
#9174=ADVANCED_FACE('',(#1006),#8710,.T.);
#9175=ADVANCED_FACE('',(#1007,#164),#514,.T.);
#9176=ADVANCED_FACE('',(#1008),#515,.T.);
#9177=ADVANCED_FACE('',(#1009),#516,.F.);
#9178=ADVANCED_FACE('',(#1010),#517,.F.);
#9179=ADVANCED_FACE('',(#1011),#518,.F.);
#9180=ADVANCED_FACE('',(#1012),#519,.F.);
#9181=ADVANCED_FACE('',(#1013),#520,.T.);
#9182=ADVANCED_FACE('',(#1014),#8711,.F.);
#9183=ADVANCED_FACE('',(#1015),#521,.T.);
#9184=ADVANCED_FACE('',(#1016),#522,.T.);
#9185=ADVANCED_FACE('',(#1017),#523,.T.);
#9186=ADVANCED_FACE('',(#1018),#524,.T.);
#9187=ADVANCED_FACE('',(#1019),#525,.T.);
#9188=ADVANCED_FACE('',(#1020,#165),#526,.F.);
#9189=ADVANCED_FACE('',(#1021),#8712,.F.);
#9190=ADVANCED_FACE('',(#1022),#527,.T.);
#9191=ADVANCED_FACE('',(#1023),#8713,.T.);
#9192=ADVANCED_FACE('',(#1024),#528,.T.);
#9193=ADVANCED_FACE('',(#1025),#529,.T.);
#9194=ADVANCED_FACE('',(#1026),#530,.F.);
#9195=ADVANCED_FACE('',(#1027),#531,.F.);
#9196=ADVANCED_FACE('',(#1028),#532,.F.);
#9197=ADVANCED_FACE('',(#1029),#533,.F.);
#9198=ADVANCED_FACE('',(#1030),#534,.T.);
#9199=ADVANCED_FACE('',(#1031),#8714,.F.);
#9200=ADVANCED_FACE('',(#1032),#535,.T.);
#9201=ADVANCED_FACE('',(#1033),#536,.T.);
#9202=ADVANCED_FACE('',(#1034),#537,.T.);
#9203=ADVANCED_FACE('',(#1035),#538,.T.);
#9204=ADVANCED_FACE('',(#1036,#166),#539,.T.);
#9205=ADVANCED_FACE('',(#1037,#167),#540,.F.);
#9206=ADVANCED_FACE('',(#1038),#268,.T.);
#9207=ADVANCED_FACE('',(#1039,#168),#541,.F.);
#9208=ADVANCED_FACE('',(#1040),#269,.T.);
#9209=ADVANCED_FACE('',(#1041,#169),#542,.F.);
#9210=ADVANCED_FACE('',(#1042),#270,.T.);
#9211=ADVANCED_FACE('',(#1043,#170),#543,.F.);
#9212=ADVANCED_FACE('',(#1044),#271,.T.);
#9213=ADVANCED_FACE('',(#1045,#171),#544,.F.);
#9214=ADVANCED_FACE('',(#1046),#272,.T.);
#9215=ADVANCED_FACE('',(#1047,#172),#545,.F.);
#9216=ADVANCED_FACE('',(#1048),#273,.T.);
#9217=ADVANCED_FACE('',(#1049,#173),#546,.F.);
#9218=CLOSED_SHELL('',(#8715,#8716,#8717,#8718,#8719,#8720,#8721,#8722,
#8723,#8724,#8725,#8726,#8727,#8728,#8729,#8730,#8731,#8732,#8733,#8734,
#8735,#8736,#8737,#8738,#8739,#8740,#8741,#8742,#8743,#8744,#8745,#8746,
#8747,#8748,#8749,#8750,#8751,#8752,#8753,#8754,#8755,#8756,#8757,#8758,
#8759,#8760,#8761,#8762,#8763,#8764,#8765,#8766,#8767,#8768,#8769,#8770,
#8771,#8772,#8773,#8774,#8775,#8776,#8777,#8778,#8779,#8780,#8781,#8782,
#8783,#8784,#8785,#8786,#8787,#8788,#8789,#8790,#8791,#8792,#8793,#8794,
#8795,#8796,#8797,#8798,#8799,#8800,#8801,#8802,#8803,#8804,#8805,#8806,
#8807,#8808,#8809,#8810,#8811,#8812,#8813,#8814,#8815,#8816,#8817,#8818,
#8819,#8820,#8821,#8822,#8823,#8824,#8825,#8826,#8827,#8828,#8829,#8830,
#8831,#8832,#8833,#8834,#8835,#8836,#8837,#8838,#8839,#8840,#8841,#8842,
#8843,#8844,#8845,#8846,#8847,#8848,#8849,#8850,#8851,#8852,#8853,#8854,
#8855,#8856));
#9219=CLOSED_SHELL('',(#8857,#8858,#8859,#8860,#8861,#8862,#8863,#8864,
#8865,#8866,#8867,#8868,#8869,#8870,#8871,#8872,#8873,#8874,#8875,#8876,
#8877,#8878,#8879,#8880,#8881,#8882,#8883,#8884,#8885,#8886,#8887,#8888,
#8889,#8890,#8891,#8892,#8893,#8894,#8895,#8896,#8897,#8898,#8899,#8900,
#8901,#8902,#8903,#8904,#8905,#8906,#8907,#8908,#8909,#8910,#8911,#8912,
#8913,#8914,#8915));
#9220=CLOSED_SHELL('',(#8916,#8917,#8918,#8919,#8920,#8921,#8922,#8923,
#8924,#8925,#8926,#8927,#8928,#8929,#8930,#8931,#8932,#8933,#8934,#8935,
#8936,#8937,#8938,#8939,#8940,#8941,#8942,#8943,#8944,#8945,#8946,#8947,
#8948,#8949,#8950,#8951,#8952,#8953,#8954,#8955,#8956,#8957,#8958,#8959,
#8960,#8961,#8962,#8963,#8964,#8965,#8966,#8967,#8968,#8969,#8970,#8971,
#8972,#8973,#8974,#8975,#8976,#8977,#8978,#8979,#8980,#8981,#8982,#8983,
#8984,#8985,#8986,#8987,#8988,#8989,#8990,#8991,#8992,#8993,#8994,#8995,
#8996,#8997,#8998,#8999,#9000,#9001,#9002,#9003,#9004,#9005,#9006,#9007,
#9008,#9009,#9010,#9011,#9012,#9013,#9014,#9015,#9016,#9017,#9018,#9019,
#9020,#9021,#9022,#9023,#9024,#9025,#9026,#9027,#9028,#9029,#9030,#9031,
#9032,#9033,#9034,#9035,#9036,#9037,#9038,#9039,#9040,#9041,#9042,#9043,
#9044,#9045,#9046,#9047,#9048,#9049,#9050,#9051,#9052,#9053,#9054,#9055,
#9056,#9057,#9058,#9059,#9060,#9061,#9062,#9063,#9064,#9065,#9066,#9067,
#9068,#9069,#9070,#9071,#9072,#9073,#9074,#9075,#9076,#9077,#9078,#9079,
#9080,#9081,#9082,#9083,#9084,#9085,#9086,#9087,#9088,#9089,#9090,#9091,
#9092,#9093,#9094,#9095,#9096,#9097,#9098,#9099,#9100,#9101,#9102,#9103));
#9221=CLOSED_SHELL('',(#9104,#9105,#9106,#9107,#9108,#9109,#9110,#9111,
#9112,#9113,#9114,#9115,#9116,#9117,#9118,#9119,#9120));
#9222=CLOSED_SHELL('',(#9121,#9122,#9123,#9124,#9125,#9126,#9127,#9128,
#9129,#9130,#9131,#9132,#9133,#9134,#9135,#9136,#9137));
#9223=CLOSED_SHELL('',(#9138,#9139,#9140,#9141,#9142,#9143,#9144,#9145,
#9146,#9147,#9148,#9149,#9150,#9151,#9152,#9153,#9154));
#9224=CLOSED_SHELL('',(#9155,#9156,#9157,#9158,#9159,#9160,#9161,#9162,
#9163,#9164,#9165,#9166,#9167,#9168,#9169,#9170,#9171));
#9225=CLOSED_SHELL('',(#9172,#9173,#9174,#9175,#9176,#9177,#9178,#9179,
#9180,#9181,#9182,#9183,#9184,#9185,#9186,#9187,#9188));
#9226=CLOSED_SHELL('',(#9189,#9190,#9191,#9192,#9193,#9194,#9195,#9196,
#9197,#9198,#9199,#9200,#9201,#9202,#9203,#9204,#9205));
#9227=CLOSED_SHELL('',(#9206,#9207));
#9228=CLOSED_SHELL('',(#9208,#9209));
#9229=CLOSED_SHELL('',(#9210,#9211));
#9230=CLOSED_SHELL('',(#9212,#9213));
#9231=CLOSED_SHELL('',(#9214,#9215));
#9232=CLOSED_SHELL('',(#9216,#9217));
#9233=DERIVED_UNIT_ELEMENT(#9235,1.);
#9234=DERIVED_UNIT_ELEMENT(#16993,-3.);
#9235=(
MASS_UNIT()
NAMED_UNIT(*)
SI_UNIT(.KILO.,.GRAM.)
);
#9236=DERIVED_UNIT((#9233,#9234));
#9237=MEASURE_REPRESENTATION_ITEM('density measure',
POSITIVE_RATIO_MEASURE(7850.),#9236);
#9238=PROPERTY_DEFINITION_REPRESENTATION(#9243,#9240);
#9239=PROPERTY_DEFINITION_REPRESENTATION(#9244,#9241);
#9240=REPRESENTATION('material name',(#9242),#16990);
#9241=REPRESENTATION('density',(#9237),#16990);
#9242=DESCRIPTIVE_REPRESENTATION_ITEM('Steel','Steel');
#9243=PROPERTY_DEFINITION('material property','material name',#17000);
#9244=PROPERTY_DEFINITION('material property','density of part',#17000);
#9245=AXIS2_PLACEMENT_3D('',#12707,#10114,#10115);
#9246=AXIS2_PLACEMENT_3D('',#12708,#10116,#10117);
#9247=AXIS2_PLACEMENT_3D('',#12711,#10118,#10119);
#9248=AXIS2_PLACEMENT_3D('',#12715,#10121,#10122);
#9249=AXIS2_PLACEMENT_3D('',#12717,#10124,#10125);
#9250=AXIS2_PLACEMENT_3D('',#12723,#10129,#10130);
#9251=AXIS2_PLACEMENT_3D('',#12730,#10134,#10135);
#9252=AXIS2_PLACEMENT_3D('',#12731,#10136,#10137);
#9253=AXIS2_PLACEMENT_3D('',#12733,#10138,#10139);
#9254=AXIS2_PLACEMENT_3D('',#12735,#10141,#10142);
#9255=AXIS2_PLACEMENT_3D('',#12737,#10143,#10144);
#9256=AXIS2_PLACEMENT_3D('',#12741,#10146,#10147);
#9257=AXIS2_PLACEMENT_3D('',#12743,#10149,#10150);
#9258=AXIS2_PLACEMENT_3D('',#12746,#10151,#10152);
#9259=AXIS2_PLACEMENT_3D('',#12750,#10154,#10155);
#9260=AXIS2_PLACEMENT_3D('',#12752,#10157,#10158);
#9261=AXIS2_PLACEMENT_3D('',#12758,#10162,#10163);
#9262=AXIS2_PLACEMENT_3D('',#12762,#10165,#10166);
#9263=AXIS2_PLACEMENT_3D('',#12767,#10169,#10170);
#9264=AXIS2_PLACEMENT_3D('',#12768,#10171,#10172);
#9265=AXIS2_PLACEMENT_3D('',#12770,#10173,#10174);
#9266=AXIS2_PLACEMENT_3D('',#12772,#10176,#10177);
#9267=AXIS2_PLACEMENT_3D('',#12774,#10178,#10179);
#9268=AXIS2_PLACEMENT_3D('',#12778,#10181,#10182);
#9269=AXIS2_PLACEMENT_3D('',#12780,#10184,#10185);
#9270=AXIS2_PLACEMENT_3D('',#12783,#10186,#10187);
#9271=AXIS2_PLACEMENT_3D('',#12787,#10189,#10190);
#9272=AXIS2_PLACEMENT_3D('',#12789,#10192,#10193);
#9273=AXIS2_PLACEMENT_3D('',#12793,#10195,#10196);
#9274=AXIS2_PLACEMENT_3D('',#12801,#10201,#10202);
#9275=AXIS2_PLACEMENT_3D('',#12805,#10204,#10205);
#9276=AXIS2_PLACEMENT_3D('',#12809,#10208,#10209);
#9277=AXIS2_PLACEMENT_3D('',#12813,#10211,#10212);
#9278=AXIS2_PLACEMENT_3D('',#12815,#10214,#10215);
#9279=AXIS2_PLACEMENT_3D('',#12824,#10220,#10221);
#9280=AXIS2_PLACEMENT_3D('',#12825,#10222,#10223);
#9281=AXIS2_PLACEMENT_3D('',#12828,#10226,#10227);
#9282=AXIS2_PLACEMENT_3D('',#12830,#10229,#10230);
#9283=AXIS2_PLACEMENT_3D('',#12831,#10231,#10232);
#9284=AXIS2_PLACEMENT_3D('',#12837,#10236,#10237);
#9285=AXIS2_PLACEMENT_3D('',#12840,#10238,#10239);
#9286=AXIS2_PLACEMENT_3D('',#12843,#10242,#10243);
#9287=AXIS2_PLACEMENT_3D('',#12845,#10244,#10245);
#9288=AXIS2_PLACEMENT_3D('',#12849,#10247,#10248);
#9289=AXIS2_PLACEMENT_3D('',#12851,#10250,#10251);
#9290=AXIS2_PLACEMENT_3D('',#12863,#10252,#10253);
#9291=AXIS2_PLACEMENT_3D('',#12864,#10254,#10255);
#9292=AXIS2_PLACEMENT_3D('',#12866,#10256,#10257);
#9293=AXIS2_PLACEMENT_3D('',#12870,#10259,#10260);
#9294=AXIS2_PLACEMENT_3D('',#12877,#10261,#10262);
#9295=AXIS2_PLACEMENT_3D('',#12880,#10265,#10266);
#9296=AXIS2_PLACEMENT_3D('',#12885,#10269,#10270);
#9297=AXIS2_PLACEMENT_3D('',#12887,#10272,#10273);
#9298=AXIS2_PLACEMENT_3D('',#12891,#10275,#10276);
#9299=AXIS2_PLACEMENT_3D('',#12897,#10280,#10281);
#9300=AXIS2_PLACEMENT_3D('',#12901,#10284,#10285);
#9301=AXIS2_PLACEMENT_3D('',#12912,#10292,#10293);
#9302=AXIS2_PLACEMENT_3D('',#12913,#10294,#10295);
#9303=AXIS2_PLACEMENT_3D('',#12915,#10297,#10298);
#9304=AXIS2_PLACEMENT_3D('',#12916,#10299,#10300);
#9305=AXIS2_PLACEMENT_3D('',#12917,#10301,#10302);
#9306=AXIS2_PLACEMENT_3D('',#12918,#10303,#10304);
#9307=AXIS2_PLACEMENT_3D('',#12921,#10305,#10306);
#9308=AXIS2_PLACEMENT_3D('',#12925,#10308,#10309);
#9309=AXIS2_PLACEMENT_3D('',#12927,#10311,#10312);
#9310=AXIS2_PLACEMENT_3D('',#12937,#10318,#10319);
#9311=AXIS2_PLACEMENT_3D('',#12941,#10321,#10322);
#9312=AXIS2_PLACEMENT_3D('',#12945,#10324,#10325);
#9313=AXIS2_PLACEMENT_3D('',#12949,#10327,#10328);
#9314=AXIS2_PLACEMENT_3D('',#12951,#10329,#10330);
#9315=AXIS2_PLACEMENT_3D('',#12955,#10332,#10333);
#9316=AXIS2_PLACEMENT_3D('',#12965,#10338,#10339);
#9317=AXIS2_PLACEMENT_3D('',#12975,#10344,#10345);
#9318=AXIS2_PLACEMENT_3D('',#12979,#10347,#10348);
#9319=AXIS2_PLACEMENT_3D('',#12983,#10350,#10351);
#9320=AXIS2_PLACEMENT_3D('',#12986,#10353,#10354);
#9321=AXIS2_PLACEMENT_3D('',#12991,#10356,#10357);
#9322=AXIS2_PLACEMENT_3D('',#12995,#10359,#10360);
#9323=AXIS2_PLACEMENT_3D('',#12999,#10362,#10363);
#9324=AXIS2_PLACEMENT_3D('',#13002,#10365,#10366);
#9325=AXIS2_PLACEMENT_3D('',#13003,#10367,#10368);
#9326=AXIS2_PLACEMENT_3D('',#13006,#10369,#10370);
#9327=AXIS2_PLACEMENT_3D('',#13009,#10373,#10374);
#9328=AXIS2_PLACEMENT_3D('',#13012,#10375,#10376);
#9329=AXIS2_PLACEMENT_3D('',#13016,#10378,#10379);
#9330=AXIS2_PLACEMENT_3D('',#13018,#10381,#10382);
#9331=AXIS2_PLACEMENT_3D('',#13024,#10386,#10387);
#9332=AXIS2_PLACEMENT_3D('',#13027,#10388,#10389);
#9333=AXIS2_PLACEMENT_3D('',#13031,#10391,#10392);
#9334=AXIS2_PLACEMENT_3D('',#13033,#10394,#10395);
#9335=AXIS2_PLACEMENT_3D('',#13036,#10398,#10399);
#9336=AXIS2_PLACEMENT_3D('',#13039,#10400,#10401);
#9337=AXIS2_PLACEMENT_3D('',#13043,#10403,#10404);
#9338=AXIS2_PLACEMENT_3D('',#13045,#10406,#10407);
#9339=AXIS2_PLACEMENT_3D('',#13048,#10410,#10411);
#9340=AXIS2_PLACEMENT_3D('',#13051,#10412,#10413);
#9341=AXIS2_PLACEMENT_3D('',#13055,#10415,#10416);
#9342=AXIS2_PLACEMENT_3D('',#13057,#10418,#10419);
#9343=AXIS2_PLACEMENT_3D('',#13060,#10422,#10423);
#9344=AXIS2_PLACEMENT_3D('',#13063,#10426,#10427);
#9345=AXIS2_PLACEMENT_3D('',#13066,#10428,#10429);
#9346=AXIS2_PLACEMENT_3D('',#13069,#10432,#10433);
#9347=AXIS2_PLACEMENT_3D('',#13073,#10436,#10437);
#9348=AXIS2_PLACEMENT_3D('',#13076,#10438,#10439);
#9349=AXIS2_PLACEMENT_3D('',#13079,#10442,#10443);
#9350=AXIS2_PLACEMENT_3D('',#13083,#10446,#10447);
#9351=AXIS2_PLACEMENT_3D('',#13086,#10448,#10449);
#9352=AXIS2_PLACEMENT_3D('',#13089,#10452,#10453);
#9353=AXIS2_PLACEMENT_3D('',#13091,#10455,#10456);
#9354=AXIS2_PLACEMENT_3D('',#13094,#10457,#10458);
#9355=AXIS2_PLACEMENT_3D('',#13097,#10461,#10462);
#9356=AXIS2_PLACEMENT_3D('',#13099,#10464,#10465);
#9357=AXIS2_PLACEMENT_3D('',#13102,#10466,#10467);
#9358=AXIS2_PLACEMENT_3D('',#13105,#10470,#10471);
#9359=AXIS2_PLACEMENT_3D('',#13107,#10473,#10474);
#9360=AXIS2_PLACEMENT_3D('',#13110,#10475,#10476);
#9361=AXIS2_PLACEMENT_3D('',#13113,#10479,#10480);
#9362=AXIS2_PLACEMENT_3D('',#13115,#10482,#10483);
#9363=AXIS2_PLACEMENT_3D('',#13117,#10484,#10485);
#9364=AXIS2_PLACEMENT_3D('',#13119,#10487,#10488);
#9365=AXIS2_PLACEMENT_3D('',#13121,#10490,#10491);
#9366=AXIS2_PLACEMENT_3D('',#13123,#10492,#10493);
#9367=AXIS2_PLACEMENT_3D('',#13125,#10495,#10496);
#9368=AXIS2_PLACEMENT_3D('',#13127,#10498,#10499);
#9369=AXIS2_PLACEMENT_3D('',#13130,#10500,#10501);
#9370=AXIS2_PLACEMENT_3D('',#13133,#10504,#10505);
#9371=AXIS2_PLACEMENT_3D('',#13135,#10507,#10508);
#9372=AXIS2_PLACEMENT_3D('',#13138,#10509,#10510);
#9373=AXIS2_PLACEMENT_3D('',#13141,#10513,#10514);
#9374=AXIS2_PLACEMENT_3D('',#13143,#10516,#10517);
#9375=AXIS2_PLACEMENT_3D('',#13145,#10519,#10520);
#9376=AXIS2_PLACEMENT_3D('',#13155,#10525,#10526);
#9377=AXIS2_PLACEMENT_3D('',#13167,#10532,#10533);
#9378=AXIS2_PLACEMENT_3D('',#13170,#10535,#10536);
#9379=AXIS2_PLACEMENT_3D('',#13171,#10537,#10538);
#9380=AXIS2_PLACEMENT_3D('',#13173,#10540,#10541);
#9381=AXIS2_PLACEMENT_3D('',#13176,#10544,#10545);
#9382=AXIS2_PLACEMENT_3D('',#13182,#10549,#10550);
#9383=AXIS2_PLACEMENT_3D('',#13185,#10553,#10554);
#9384=AXIS2_PLACEMENT_3D('',#13187,#10556,#10557);
#9385=AXIS2_PLACEMENT_3D('',#13189,#10559,#10560);
#9386=AXIS2_PLACEMENT_3D('',#13191,#10562,#10563);
#9387=AXIS2_PLACEMENT_3D('',#13193,#10565,#10566);
#9388=AXIS2_PLACEMENT_3D('',#13199,#10570,#10571);
#9389=AXIS2_PLACEMENT_3D('',#13200,#10572,#10573);
#9390=AXIS2_PLACEMENT_3D('',#13203,#10574,#10575);
#9391=AXIS2_PLACEMENT_3D('',#13207,#10577,#10578);
#9392=AXIS2_PLACEMENT_3D('',#13209,#10580,#10581);
#9393=AXIS2_PLACEMENT_3D('',#13215,#10585,#10586);
#9394=AXIS2_PLACEMENT_3D('',#13217,#10587,#10588);
#9395=AXIS2_PLACEMENT_3D('',#13219,#10589,#10590);
#9396=AXIS2_PLACEMENT_3D('',#13221,#10592,#10593);
#9397=AXIS2_PLACEMENT_3D('',#13227,#10597,#10598);
#9398=AXIS2_PLACEMENT_3D('',#13229,#10600,#10601);
#9399=AXIS2_PLACEMENT_3D('',#13232,#10603,#10604);
#9400=AXIS2_PLACEMENT_3D('',#13234,#10605,#10606);
#9401=AXIS2_PLACEMENT_3D('',#13237,#10608,#10609);
#9402=AXIS2_PLACEMENT_3D('',#13261,#10621,#10622);
#9403=AXIS2_PLACEMENT_3D('',#13265,#10624,#10625);
#9404=AXIS2_PLACEMENT_3D('',#13268,#10627,#10628);
#9405=AXIS2_PLACEMENT_3D('',#13273,#10630,#10631);
#9406=AXIS2_PLACEMENT_3D('',#13277,#10633,#10634);
#9407=AXIS2_PLACEMENT_3D('',#13281,#10636,#10637);
#9408=AXIS2_PLACEMENT_3D('',#13284,#10639,#10640);
#9409=AXIS2_PLACEMENT_3D('',#13287,#10641,#10642);
#9410=AXIS2_PLACEMENT_3D('',#13291,#10644,#10645);
#9411=AXIS2_PLACEMENT_3D('',#13295,#10647,#10648);
#9412=AXIS2_PLACEMENT_3D('',#13299,#10650,#10651);
#9413=AXIS2_PLACEMENT_3D('',#13303,#10653,#10654);
#9414=AXIS2_PLACEMENT_3D('',#13307,#10656,#10657);
#9415=AXIS2_PLACEMENT_3D('',#13310,#10659,#10660);
#9416=AXIS2_PLACEMENT_3D('',#13311,#10661,#10662);
#9417=AXIS2_PLACEMENT_3D('',#13314,#10663,#10664);
#9418=AXIS2_PLACEMENT_3D('',#13318,#10666,#10667);
#9419=AXIS2_PLACEMENT_3D('',#13331,#10668,#10669);
#9420=AXIS2_PLACEMENT_3D('',#13337,#10673,#10674);
#9421=AXIS2_PLACEMENT_3D('',#13341,#10676,#10677);
#9422=AXIS2_PLACEMENT_3D('',#13344,#10679,#10680);
#9423=AXIS2_PLACEMENT_3D('',#13345,#10681,#10682);
#9424=AXIS2_PLACEMENT_3D('',#13349,#10685,#10686);
#9425=AXIS2_PLACEMENT_3D('',#13358,#10691,#10692);
#9426=AXIS2_PLACEMENT_3D('',#13359,#10693,#10694);
#9427=AXIS2_PLACEMENT_3D('',#13361,#10696,#10697);
#9428=AXIS2_PLACEMENT_3D('',#13362,#10698,#10699);
#9429=AXIS2_PLACEMENT_3D('',#13363,#10700,#10701);
#9430=AXIS2_PLACEMENT_3D('',#13371,#10705,#10706);
#9431=AXIS2_PLACEMENT_3D('',#13373,#10708,#10709);
#9432=AXIS2_PLACEMENT_3D('',#13377,#10711,#10712);
#9433=AXIS2_PLACEMENT_3D('',#13379,#10714,#10715);
#9434=AXIS2_PLACEMENT_3D('',#13383,#10718,#10719);
#9435=AXIS2_PLACEMENT_3D('',#13386,#10721,#10722);
#9436=AXIS2_PLACEMENT_3D('',#13387,#10723,#10724);
#9437=AXIS2_PLACEMENT_3D('',#13391,#10727,#10728);
#9438=AXIS2_PLACEMENT_3D('',#13392,#10729,#10730);
#9439=AXIS2_PLACEMENT_3D('',#13394,#10731,#10732);
#9440=AXIS2_PLACEMENT_3D('',#13401,#10737,#10738);
#9441=AXIS2_PLACEMENT_3D('',#13402,#10739,#10740);
#9442=AXIS2_PLACEMENT_3D('',#13404,#10742,#10743);
#9443=AXIS2_PLACEMENT_3D('',#13410,#10747,#10748);
#9444=AXIS2_PLACEMENT_3D('',#13412,#10749,#10750);
#9445=AXIS2_PLACEMENT_3D('',#13414,#10752,#10753);
#9446=AXIS2_PLACEMENT_3D('',#13418,#10756,#10757);
#9447=AXIS2_PLACEMENT_3D('',#13420,#10758,#10759);
#9448=AXIS2_PLACEMENT_3D('',#13422,#10761,#10762);
#9449=AXIS2_PLACEMENT_3D('',#13426,#10765,#10766);
#9450=AXIS2_PLACEMENT_3D('',#13428,#10767,#10768);
#9451=AXIS2_PLACEMENT_3D('',#13430,#10770,#10771);
#9452=AXIS2_PLACEMENT_3D('',#13436,#10775,#10776);
#9453=AXIS2_PLACEMENT_3D('',#13438,#10777,#10778);
#9454=AXIS2_PLACEMENT_3D('',#13440,#10780,#10781);
#9455=AXIS2_PLACEMENT_3D('',#13444,#10784,#10785);
#9456=AXIS2_PLACEMENT_3D('',#13445,#10786,#10787);
#9457=AXIS2_PLACEMENT_3D('',#13446,#10788,#10789);
#9458=AXIS2_PLACEMENT_3D('',#13447,#10790,#10791);
#9459=AXIS2_PLACEMENT_3D('',#13449,#10793,#10794);
#9460=AXIS2_PLACEMENT_3D('',#13451,#10796,#10797);
#9461=AXIS2_PLACEMENT_3D('',#13453,#10799,#10800);
#9462=AXIS2_PLACEMENT_3D('',#13454,#10801,#10802);
#9463=AXIS2_PLACEMENT_3D('',#13455,#10803,#10804);
#9464=AXIS2_PLACEMENT_3D('',#13457,#10806,#10807);
#9465=AXIS2_PLACEMENT_3D('',#13459,#10809,#10810);
#9466=AXIS2_PLACEMENT_3D('',#13461,#10811,#10812);
#9467=AXIS2_PLACEMENT_3D('',#13463,#10814,#10815);
#9468=AXIS2_PLACEMENT_3D('',#13469,#10819,#10820);
#9469=AXIS2_PLACEMENT_3D('',#13470,#10821,#10822);
#9470=AXIS2_PLACEMENT_3D('',#13471,#10823,#10824);
#9471=AXIS2_PLACEMENT_3D('',#13475,#10826,#10827);
#9472=AXIS2_PLACEMENT_3D('',#13477,#10829,#10830);
#9473=AXIS2_PLACEMENT_3D('',#13481,#10833,#10834);
#9474=AXIS2_PLACEMENT_3D('',#13482,#10835,#10836);
#9475=AXIS2_PLACEMENT_3D('',#13483,#10837,#10838);
#9476=AXIS2_PLACEMENT_3D('',#13487,#10841,#10842);
#9477=AXIS2_PLACEMENT_3D('',#13488,#10843,#10844);
#9478=AXIS2_PLACEMENT_3D('',#13489,#10845,#10846);
#9479=AXIS2_PLACEMENT_3D('',#13491,#10847,#10848);
#9480=AXIS2_PLACEMENT_3D('',#13493,#10850,#10851);
#9481=AXIS2_PLACEMENT_3D('',#13495,#10853,#10854);
#9482=AXIS2_PLACEMENT_3D('',#13497,#10855,#10856);
#9483=AXIS2_PLACEMENT_3D('',#13499,#10858,#10859);
#9484=AXIS2_PLACEMENT_3D('',#13503,#10862,#10863);
#9485=AXIS2_PLACEMENT_3D('',#13505,#10865,#10866);
#9486=AXIS2_PLACEMENT_3D('',#13507,#10868,#10869);
#9487=AXIS2_PLACEMENT_3D('',#13509,#10871,#10872);
#9488=AXIS2_PLACEMENT_3D('',#13511,#10874,#10875);
#9489=AXIS2_PLACEMENT_3D('',#13513,#10876,#10877);
#9490=AXIS2_PLACEMENT_3D('',#13515,#10879,#10880);
#9491=AXIS2_PLACEMENT_3D('',#13528,#10881,#10882);
#9492=AXIS2_PLACEMENT_3D('',#13529,#10883,#10884);
#9493=AXIS2_PLACEMENT_3D('',#13530,#10885,#10886);
#9494=AXIS2_PLACEMENT_3D('',#13543,#10887,#10888);
#9495=AXIS2_PLACEMENT_3D('',#13545,#10889,#10890);
#9496=AXIS2_PLACEMENT_3D('',#13546,#10891,#10892);
#9497=AXIS2_PLACEMENT_3D('',#13547,#10893,#10894);
#9498=AXIS2_PLACEMENT_3D('',#13549,#10896,#10897);
#9499=AXIS2_PLACEMENT_3D('',#13551,#10899,#10900);
#9500=AXIS2_PLACEMENT_3D('',#13553,#10901,#10902);
#9501=AXIS2_PLACEMENT_3D('',#13555,#10904,#10905);
#9502=AXIS2_PLACEMENT_3D('',#13561,#10909,#10910);
#9503=AXIS2_PLACEMENT_3D('',#13565,#10913,#10914);
#9504=AXIS2_PLACEMENT_3D('',#13569,#10917,#10918);
#9505=AXIS2_PLACEMENT_3D('',#13571,#10920,#10921);
#9506=AXIS2_PLACEMENT_3D('',#13573,#10922,#10923);
#9507=AXIS2_PLACEMENT_3D('',#13576,#10925,#10926);
#9508=AXIS2_PLACEMENT_3D('',#13577,#10927,#10928);
#9509=AXIS2_PLACEMENT_3D('',#13580,#10931,#10932);
#9510=AXIS2_PLACEMENT_3D('',#13581,#10933,#10934);
#9511=AXIS2_PLACEMENT_3D('',#13582,#10935,#10936);
#9512=AXIS2_PLACEMENT_3D('',#13584,#10937,#10938);
#9513=AXIS2_PLACEMENT_3D('',#13587,#10940,#10941);
#9514=AXIS2_PLACEMENT_3D('',#13588,#10942,#10943);
#9515=AXIS2_PLACEMENT_3D('',#13590,#10944,#10945);
#9516=AXIS2_PLACEMENT_3D('',#13593,#10947,#10948);
#9517=AXIS2_PLACEMENT_3D('',#13594,#10949,#10950);
#9518=AXIS2_PLACEMENT_3D('',#13596,#10951,#10952);
#9519=AXIS2_PLACEMENT_3D('',#13599,#10954,#10955);
#9520=AXIS2_PLACEMENT_3D('',#13600,#10956,#10957);
#9521=AXIS2_PLACEMENT_3D('',#13602,#10958,#10959);
#9522=AXIS2_PLACEMENT_3D('',#13605,#10961,#10962);
#9523=AXIS2_PLACEMENT_3D('',#13606,#10963,#10964);
#9524=AXIS2_PLACEMENT_3D('',#13608,#10965,#10966);
#9525=AXIS2_PLACEMENT_3D('',#13611,#10968,#10969);
#9526=AXIS2_PLACEMENT_3D('',#13612,#10970,#10971);
#9527=AXIS2_PLACEMENT_3D('',#13614,#10972,#10973);
#9528=AXIS2_PLACEMENT_3D('',#13617,#10975,#10976);
#9529=AXIS2_PLACEMENT_3D('',#13640,#10977,#10978);
#9530=AXIS2_PLACEMENT_3D('',#13642,#10979,#10980);
#9531=AXIS2_PLACEMENT_3D('',#13643,#10981,#10982);
#9532=AXIS2_PLACEMENT_3D('',#13644,#10983,#10984);
#9533=AXIS2_PLACEMENT_3D('',#13648,#10986,#10987);
#9534=AXIS2_PLACEMENT_3D('',#13650,#10989,#10990);
#9535=AXIS2_PLACEMENT_3D('',#13654,#10992,#10993);
#9536=AXIS2_PLACEMENT_3D('',#13656,#10995,#10996);
#9537=AXIS2_PLACEMENT_3D('',#13662,#10999,#11000);
#9538=AXIS2_PLACEMENT_3D('',#13666,#11002,#11003);
#9539=AXIS2_PLACEMENT_3D('',#13670,#11005,#11006);
#9540=AXIS2_PLACEMENT_3D('',#13678,#11010,#11011);
#9541=AXIS2_PLACEMENT_3D('',#13682,#11013,#11014);
#9542=AXIS2_PLACEMENT_3D('',#13690,#11018,#11019);
#9543=AXIS2_PLACEMENT_3D('',#13698,#11023,#11024);
#9544=AXIS2_PLACEMENT_3D('',#13703,#11027,#11028);
#9545=AXIS2_PLACEMENT_3D('',#13706,#11029,#11030);
#9546=AXIS2_PLACEMENT_3D('',#13710,#11032,#11033);
#9547=AXIS2_PLACEMENT_3D('',#13714,#11035,#11036);
#9548=AXIS2_PLACEMENT_3D('',#13718,#11038,#11039);
#9549=AXIS2_PLACEMENT_3D('',#13722,#11041,#11042);
#9550=AXIS2_PLACEMENT_3D('',#13726,#11044,#11045);
#9551=AXIS2_PLACEMENT_3D('',#13729,#11047,#11048);
#9552=AXIS2_PLACEMENT_3D('',#13732,#11049,#11050);
#9553=AXIS2_PLACEMENT_3D('',#13736,#11052,#11053);
#9554=AXIS2_PLACEMENT_3D('',#13740,#11055,#11056);
#9555=AXIS2_PLACEMENT_3D('',#13744,#11058,#11059);
#9556=AXIS2_PLACEMENT_3D('',#13746,#11061,#11062);
#9557=AXIS2_PLACEMENT_3D('',#13750,#11064,#11065);
#9558=AXIS2_PLACEMENT_3D('',#13752,#11067,#11068);
#9559=AXIS2_PLACEMENT_3D('',#13756,#11071,#11072);
#9560=AXIS2_PLACEMENT_3D('',#13764,#11076,#11077);
#9561=AXIS2_PLACEMENT_3D('',#13772,#11081,#11082);
#9562=AXIS2_PLACEMENT_3D('',#13780,#11086,#11087);
#9563=AXIS2_PLACEMENT_3D('',#13784,#11089,#11090);
#9564=AXIS2_PLACEMENT_3D('',#13792,#11094,#11095);
#9565=AXIS2_PLACEMENT_3D('',#13796,#11097,#11098);
#9566=AXIS2_PLACEMENT_3D('',#13800,#11100,#11101);
#9567=AXIS2_PLACEMENT_3D('',#13806,#11104,#11105);
#9568=AXIS2_PLACEMENT_3D('',#13810,#11107,#11108);
#9569=AXIS2_PLACEMENT_3D('',#13814,#11110,#11111);
#9570=AXIS2_PLACEMENT_3D('',#13818,#11113,#11114);
#9571=AXIS2_PLACEMENT_3D('',#13821,#11116,#11117);
#9572=AXIS2_PLACEMENT_3D('',#13824,#11118,#11119);
#9573=AXIS2_PLACEMENT_3D('',#13828,#11121,#11122);
#9574=AXIS2_PLACEMENT_3D('',#13832,#11124,#11125);
#9575=AXIS2_PLACEMENT_3D('',#13836,#11127,#11128);
#9576=AXIS2_PLACEMENT_3D('',#13840,#11130,#11131);
#9577=AXIS2_PLACEMENT_3D('',#13844,#11133,#11134);
#9578=AXIS2_PLACEMENT_3D('',#13847,#11136,#11137);
#9579=AXIS2_PLACEMENT_3D('',#13848,#11138,#11139);
#9580=AXIS2_PLACEMENT_3D('',#13851,#11142,#11143);
#9581=AXIS2_PLACEMENT_3D('',#13853,#11145,#11146);
#9582=AXIS2_PLACEMENT_3D('',#13856,#11149,#11150);
#9583=AXIS2_PLACEMENT_3D('',#13858,#11152,#11153);
#9584=AXIS2_PLACEMENT_3D('',#13861,#11156,#11157);
#9585=AXIS2_PLACEMENT_3D('',#13863,#11159,#11160);
#9586=AXIS2_PLACEMENT_3D('',#13865,#11162,#11163);
#9587=AXIS2_PLACEMENT_3D('',#13868,#11166,#11167);
#9588=AXIS2_PLACEMENT_3D('',#13870,#11169,#11170);
#9589=AXIS2_PLACEMENT_3D('',#13872,#11172,#11173);
#9590=AXIS2_PLACEMENT_3D('',#13875,#11176,#11177);
#9591=AXIS2_PLACEMENT_3D('',#13877,#11179,#11180);
#9592=AXIS2_PLACEMENT_3D('',#13879,#11182,#11183);
#9593=AXIS2_PLACEMENT_3D('',#13882,#11186,#11187);
#9594=AXIS2_PLACEMENT_3D('',#13884,#11189,#11190);
#9595=AXIS2_PLACEMENT_3D('',#13886,#11192,#11193);
#9596=AXIS2_PLACEMENT_3D('',#13887,#11194,#11195);
#9597=AXIS2_PLACEMENT_3D('',#13890,#11198,#11199);
#9598=AXIS2_PLACEMENT_3D('',#13892,#11201,#11202);
#9599=AXIS2_PLACEMENT_3D('',#13894,#11204,#11205);
#9600=AXIS2_PLACEMENT_3D('',#13896,#11207,#11208);
#9601=AXIS2_PLACEMENT_3D('',#13898,#11210,#11211);
#9602=AXIS2_PLACEMENT_3D('',#13900,#11213,#11214);
#9603=AXIS2_PLACEMENT_3D('',#13902,#11216,#11217);
#9604=AXIS2_PLACEMENT_3D('',#13903,#11218,#11219);
#9605=AXIS2_PLACEMENT_3D('',#13905,#11221,#11222);
#9606=AXIS2_PLACEMENT_3D('',#13908,#11225,#11226);
#9607=AXIS2_PLACEMENT_3D('',#13910,#11228,#11229);
#9608=AXIS2_PLACEMENT_3D('',#13912,#11231,#11232);
#9609=AXIS2_PLACEMENT_3D('',#13914,#11234,#11235);
#9610=AXIS2_PLACEMENT_3D('',#13916,#11237,#11238);
#9611=AXIS2_PLACEMENT_3D('',#13918,#11240,#11241);
#9612=AXIS2_PLACEMENT_3D('',#13920,#11243,#11244);
#9613=AXIS2_PLACEMENT_3D('',#13921,#11245,#11246);
#9614=AXIS2_PLACEMENT_3D('',#13923,#11248,#11249);
#9615=AXIS2_PLACEMENT_3D('',#13925,#11251,#11252);
#9616=AXIS2_PLACEMENT_3D('',#13926,#11253,#11254);
#9617=AXIS2_PLACEMENT_3D('',#13927,#11255,#11256);
#9618=AXIS2_PLACEMENT_3D('',#13928,#11257,#11258);
#9619=AXIS2_PLACEMENT_3D('',#13930,#11260,#11261);
#9620=AXIS2_PLACEMENT_3D('',#13931,#11262,#11263);
#9621=AXIS2_PLACEMENT_3D('',#13933,#11265,#11266);
#9622=AXIS2_PLACEMENT_3D('',#13934,#11267,#11268);
#9623=AXIS2_PLACEMENT_3D('',#13936,#11270,#11271);
#9624=AXIS2_PLACEMENT_3D('',#13938,#11273,#11274);
#9625=AXIS2_PLACEMENT_3D('',#14192,#11275,#11276);
#9626=AXIS2_PLACEMENT_3D('',#14193,#11277,#11278);
#9627=AXIS2_PLACEMENT_3D('',#14194,#11279,#11280);
#9628=AXIS2_PLACEMENT_3D('',#14196,#11281,#11282);
#9629=AXIS2_PLACEMENT_3D('',#14199,#11284,#11285);
#9630=AXIS2_PLACEMENT_3D('',#14200,#11286,#11287);
#9631=AXIS2_PLACEMENT_3D('',#14202,#11288,#11289);
#9632=AXIS2_PLACEMENT_3D('',#14203,#11290,#11291);
#9633=AXIS2_PLACEMENT_3D('',#14206,#11293,#11294);
#9634=AXIS2_PLACEMENT_3D('',#14207,#11295,#11296);
#9635=AXIS2_PLACEMENT_3D('',#14216,#11301,#11302);
#9636=AXIS2_PLACEMENT_3D('',#14222,#11306,#11307);
#9637=AXIS2_PLACEMENT_3D('',#14233,#11313,#11314);
#9638=AXIS2_PLACEMENT_3D('',#14234,#11315,#11316);
#9639=AXIS2_PLACEMENT_3D('',#14243,#11321,#11322);
#9640=AXIS2_PLACEMENT_3D('',#14266,#11328,#11329);
#9641=AXIS2_PLACEMENT_3D('',#14271,#11332,#11333);
#9642=AXIS2_PLACEMENT_3D('',#14272,#11334,#11335);
#9643=AXIS2_PLACEMENT_3D('',#14283,#11341,#11342);
#9644=AXIS2_PLACEMENT_3D('',#14287,#11345,#11346);
#9645=AXIS2_PLACEMENT_3D('',#14293,#11350,#11351);
#9646=AXIS2_PLACEMENT_3D('',#14297,#11354,#11355);
#9647=AXIS2_PLACEMENT_3D('',#14303,#11359,#11360);
#9648=AXIS2_PLACEMENT_3D('',#14306,#11362,#11363);
#9649=AXIS2_PLACEMENT_3D('',#14308,#11365,#11366);
#9650=AXIS2_PLACEMENT_3D('',#14313,#11369,#11370);
#9651=AXIS2_PLACEMENT_3D('',#14319,#11373,#11374);
#9652=AXIS2_PLACEMENT_3D('',#14323,#11376,#11377);
#9653=AXIS2_PLACEMENT_3D('',#14331,#11381,#11382);
#9654=AXIS2_PLACEMENT_3D('',#14333,#11384,#11385);
#9655=AXIS2_PLACEMENT_3D('',#14335,#11386,#11387);
#9656=AXIS2_PLACEMENT_3D('',#14337,#11389,#11390);
#9657=AXIS2_PLACEMENT_3D('',#14339,#11392,#11393);
#9658=AXIS2_PLACEMENT_3D('',#14344,#11395,#11396);
#9659=AXIS2_PLACEMENT_3D('',#14347,#11398,#11399);
#9660=AXIS2_PLACEMENT_3D('',#14348,#11400,#11401);
#9661=AXIS2_PLACEMENT_3D('',#14349,#11402,#11403);
#9662=AXIS2_PLACEMENT_3D('',#14367,#11407,#11408);
#9663=AXIS2_PLACEMENT_3D('',#14368,#11409,#11410);
#9664=AXIS2_PLACEMENT_3D('',#14369,#11411,#11412);
#9665=AXIS2_PLACEMENT_3D('',#14370,#11413,#11414);
#9666=AXIS2_PLACEMENT_3D('',#14371,#11415,#11416);
#9667=AXIS2_PLACEMENT_3D('',#14373,#11417,#11418);
#9668=AXIS2_PLACEMENT_3D('',#14376,#11420,#11421);
#9669=AXIS2_PLACEMENT_3D('',#14386,#11422,#11423);
#9670=AXIS2_PLACEMENT_3D('',#14387,#11424,#11425);
#9671=AXIS2_PLACEMENT_3D('',#14388,#11426,#11427);
#9672=AXIS2_PLACEMENT_3D('',#14390,#11428,#11429);
#9673=AXIS2_PLACEMENT_3D('',#14392,#11430,#11431);
#9674=AXIS2_PLACEMENT_3D('',#14404,#11433,#11434);
#9675=AXIS2_PLACEMENT_3D('',#14405,#11435,#11436);
#9676=AXIS2_PLACEMENT_3D('',#14406,#11437,#11438);
#9677=AXIS2_PLACEMENT_3D('',#14409,#11440,#11441);
#9678=AXIS2_PLACEMENT_3D('',#14410,#11442,#11443);
#9679=AXIS2_PLACEMENT_3D('',#14412,#11444,#11445);
#9680=AXIS2_PLACEMENT_3D('',#14423,#11447,#11448);
#9681=AXIS2_PLACEMENT_3D('',#14433,#11449,#11450);
#9682=AXIS2_PLACEMENT_3D('',#14510,#11451,#11452);
#9683=AXIS2_PLACEMENT_3D('',#14546,#11471,#11472);
#9684=AXIS2_PLACEMENT_3D('',#14552,#11476,#11477);
#9685=AXIS2_PLACEMENT_3D('',#14556,#11479,#11480);
#9686=AXIS2_PLACEMENT_3D('',#14557,#11481,#11482);
#9687=AXIS2_PLACEMENT_3D('',#14558,#11483,#11484);
#9688=AXIS2_PLACEMENT_3D('',#14564,#11488,#11489);
#9689=AXIS2_PLACEMENT_3D('',#14568,#11491,#11492);
#9690=AXIS2_PLACEMENT_3D('',#14569,#11493,#11494);
#9691=AXIS2_PLACEMENT_3D('',#14570,#11495,#11496);
#9692=AXIS2_PLACEMENT_3D('',#14574,#11498,#11499);
#9693=AXIS2_PLACEMENT_3D('',#14576,#11501,#11502);
#9694=AXIS2_PLACEMENT_3D('',#14579,#11503,#11504);
#9695=AXIS2_PLACEMENT_3D('',#14582,#11507,#11508);
#9696=AXIS2_PLACEMENT_3D('',#14584,#11509,#11510);
#9697=AXIS2_PLACEMENT_3D('',#14585,#11511,#11512);
#9698=AXIS2_PLACEMENT_3D('',#14586,#11513,#11514);
#9699=AXIS2_PLACEMENT_3D('',#14595,#11519,#11520);
#9700=AXIS2_PLACEMENT_3D('',#14599,#11522,#11523);
#9701=AXIS2_PLACEMENT_3D('',#14600,#11524,#11525);
#9702=AXIS2_PLACEMENT_3D('',#14601,#11526,#11527);
#9703=AXIS2_PLACEMENT_3D('',#14605,#11529,#11530);
#9704=AXIS2_PLACEMENT_3D('',#14609,#11533,#11534);
#9705=AXIS2_PLACEMENT_3D('',#14627,#11543,#11544);
#9706=AXIS2_PLACEMENT_3D('',#14631,#11546,#11547);
#9707=AXIS2_PLACEMENT_3D('',#14642,#11553,#11554);
#9708=AXIS2_PLACEMENT_3D('',#14644,#11555,#11556);
#9709=AXIS2_PLACEMENT_3D('',#14646,#11557,#11558);
#9710=AXIS2_PLACEMENT_3D('',#14647,#11559,#11560);
#9711=AXIS2_PLACEMENT_3D('',#14649,#11561,#11562);
#9712=AXIS2_PLACEMENT_3D('',#14651,#11563,#11564);
#9713=AXIS2_PLACEMENT_3D('',#14685,#11565,#11566);
#9714=AXIS2_PLACEMENT_3D('',#14702,#11567,#11568);
#9715=AXIS2_PLACEMENT_3D('',#14770,#11570,#11571);
#9716=AXIS2_PLACEMENT_3D('',#14834,#11572,#11573);
#9717=AXIS2_PLACEMENT_3D('',#14836,#11575,#11576);
#9718=AXIS2_PLACEMENT_3D('',#14920,#11577,#11578);
#9719=AXIS2_PLACEMENT_3D('',#15003,#11579,#11580);
#9720=AXIS2_PLACEMENT_3D('',#15005,#11581,#11582);
#9721=AXIS2_PLACEMENT_3D('',#15006,#11583,#11584);
#9722=AXIS2_PLACEMENT_3D('',#15008,#11585,#11586);
#9723=AXIS2_PLACEMENT_3D('',#15018,#11587,#11588);
#9724=AXIS2_PLACEMENT_3D('',#15025,#11589,#11590);
#9725=AXIS2_PLACEMENT_3D('',#15072,#11591,#11592);
#9726=AXIS2_PLACEMENT_3D('',#15132,#11593,#11594);
#9727=AXIS2_PLACEMENT_3D('',#15177,#11596,#11597);
#9728=AXIS2_PLACEMENT_3D('',#15242,#11598,#11599);
#9729=AXIS2_PLACEMENT_3D('',#15304,#11601,#11602);
#9730=AXIS2_PLACEMENT_3D('',#15364,#11603,#11604);
#9731=AXIS2_PLACEMENT_3D('',#15480,#11606,#11607);
#9732=AXIS2_PLACEMENT_3D('',#15546,#11608,#11609);
#9733=AXIS2_PLACEMENT_3D('',#15608,#11611,#11612);
#9734=AXIS2_PLACEMENT_3D('',#15674,#11613,#11614);
#9735=AXIS2_PLACEMENT_3D('',#15718,#11616,#11617);
#9736=AXIS2_PLACEMENT_3D('',#15778,#11618,#11619);
#9737=AXIS2_PLACEMENT_3D('',#15780,#11621,#11622);
#9738=AXIS2_PLACEMENT_3D('',#15781,#11623,#11624);
#9739=AXIS2_PLACEMENT_3D('',#15791,#11625,#11626);
#9740=AXIS2_PLACEMENT_3D('',#15801,#11627,#11628);
#9741=AXIS2_PLACEMENT_3D('',#15856,#11629,#11630);
#9742=AXIS2_PLACEMENT_3D('',#15857,#11631,#11632);
#9743=AXIS2_PLACEMENT_3D('',#15859,#11633,#11634);
#9744=AXIS2_PLACEMENT_3D('',#15861,#11636,#11637);
#9745=AXIS2_PLACEMENT_3D('',#15867,#11641,#11642);
#9746=AXIS2_PLACEMENT_3D('',#15872,#11645,#11646);
#9747=AXIS2_PLACEMENT_3D('',#15873,#11647,#11648);
#9748=AXIS2_PLACEMENT_3D('',#15879,#11652,#11653);
#9749=AXIS2_PLACEMENT_3D('',#15890,#11659,#11660);
#9750=AXIS2_PLACEMENT_3D('',#15891,#11661,#11662);
#9751=AXIS2_PLACEMENT_3D('',#15897,#11666,#11667);
#9752=AXIS2_PLACEMENT_3D('',#15900,#11669,#11670);
#9753=AXIS2_PLACEMENT_3D('',#15903,#11672,#11673);
#9754=AXIS2_PLACEMENT_3D('',#15904,#11674,#11675);
#9755=AXIS2_PLACEMENT_3D('',#15931,#11690,#11691);
#9756=AXIS2_PLACEMENT_3D('',#15932,#11692,#11693);
#9757=AXIS2_PLACEMENT_3D('',#15933,#11694,#11695);
#9758=AXIS2_PLACEMENT_3D('',#15934,#11696,#11697);
#9759=AXIS2_PLACEMENT_3D('',#15935,#11698,#11699);
#9760=AXIS2_PLACEMENT_3D('',#15936,#11700,#11701);
#9761=AXIS2_PLACEMENT_3D('',#15937,#11702,#11703);
#9762=AXIS2_PLACEMENT_3D('',#15943,#11707,#11708);
#9763=AXIS2_PLACEMENT_3D('',#15945,#11710,#11711);
#9764=AXIS2_PLACEMENT_3D('',#15949,#11714,#11715);
#9765=AXIS2_PLACEMENT_3D('',#15951,#11717,#11718);
#9766=AXIS2_PLACEMENT_3D('',#15953,#11719,#11720);
#9767=AXIS2_PLACEMENT_3D('',#15956,#11722,#11723);
#9768=AXIS2_PLACEMENT_3D('',#15957,#11724,#11725);
#9769=AXIS2_PLACEMENT_3D('',#15959,#11726,#11727);
#9770=AXIS2_PLACEMENT_3D('',#15961,#11729,#11730);
#9771=AXIS2_PLACEMENT_3D('',#15963,#11731,#11732);
#9772=AXIS2_PLACEMENT_3D('',#15964,#11733,#11734);
#9773=AXIS2_PLACEMENT_3D('',#15966,#11736,#11737);
#9774=AXIS2_PLACEMENT_3D('',#15968,#11739,#11740);
#9775=AXIS2_PLACEMENT_3D('',#16034,#11741,#11742);
#9776=AXIS2_PLACEMENT_3D('',#16035,#11743,#11744);
#9777=AXIS2_PLACEMENT_3D('',#16036,#11745,#11746);
#9778=AXIS2_PLACEMENT_3D('',#16039,#11748,#11749);
#9779=AXIS2_PLACEMENT_3D('',#16040,#11750,#11751);
#9780=AXIS2_PLACEMENT_3D('',#16042,#11752,#11753);
#9781=AXIS2_PLACEMENT_3D('',#16095,#11754,#11755);
#9782=AXIS2_PLACEMENT_3D('',#16126,#11756,#11757);
#9783=AXIS2_PLACEMENT_3D('',#16130,#11759,#11760);
#9784=AXIS2_PLACEMENT_3D('',#16131,#11761,#11762);
#9785=AXIS2_PLACEMENT_3D('',#16132,#11763,#11764);
#9786=AXIS2_PLACEMENT_3D('',#16134,#11765,#11766);
#9787=AXIS2_PLACEMENT_3D('',#16135,#11767,#11768);
#9788=AXIS2_PLACEMENT_3D('',#16136,#11769,#11770);
#9789=AXIS2_PLACEMENT_3D('',#16139,#11771,#11772);
#9790=AXIS2_PLACEMENT_3D('',#16140,#11773,#11774);
#9791=AXIS2_PLACEMENT_3D('',#16141,#11775,#11776);
#9792=AXIS2_PLACEMENT_3D('',#16142,#11777,#11778);
#9793=AXIS2_PLACEMENT_3D('',#16145,#11780,#11781);
#9794=AXIS2_PLACEMENT_3D('',#16146,#11782,#11783);
#9795=AXIS2_PLACEMENT_3D('',#16148,#11785,#11786);
#9796=AXIS2_PLACEMENT_3D('',#16150,#11787,#11788);
#9797=AXIS2_PLACEMENT_3D('',#16151,#11789,#11790);
#9798=AXIS2_PLACEMENT_3D('',#16152,#11791,#11792);
#9799=AXIS2_PLACEMENT_3D('',#16153,#11793,#11794);
#9800=AXIS2_PLACEMENT_3D('',#16154,#11795,#11796);
#9801=AXIS2_PLACEMENT_3D('',#16155,#11797,#11798);
#9802=AXIS2_PLACEMENT_3D('',#16156,#11799,#11800);
#9803=AXIS2_PLACEMENT_3D('',#16157,#11801,#11802);
#9804=AXIS2_PLACEMENT_3D('',#16159,#11803,#11804);
#9805=AXIS2_PLACEMENT_3D('',#16161,#11806,#11807);
#9806=AXIS2_PLACEMENT_3D('',#16165,#11809,#11810);
#9807=AXIS2_PLACEMENT_3D('',#16166,#11811,#11812);
#9808=AXIS2_PLACEMENT_3D('',#16167,#11813,#11814);
#9809=AXIS2_PLACEMENT_3D('',#16170,#11816,#11817);
#9810=AXIS2_PLACEMENT_3D('',#16171,#11818,#11819);
#9811=AXIS2_PLACEMENT_3D('',#16173,#11820,#11821);
#9812=AXIS2_PLACEMENT_3D('',#16175,#11823,#11824);
#9813=AXIS2_PLACEMENT_3D('',#16176,#11825,#11826);
#9814=AXIS2_PLACEMENT_3D('',#16177,#11827,#11828);
#9815=AXIS2_PLACEMENT_3D('',#16179,#11829,#11830);
#9816=AXIS2_PLACEMENT_3D('',#16181,#11831,#11832);
#9817=AXIS2_PLACEMENT_3D('',#16183,#11834,#11835);
#9818=AXIS2_PLACEMENT_3D('',#16184,#11836,#11837);
#9819=AXIS2_PLACEMENT_3D('',#16185,#11838,#11839);
#9820=AXIS2_PLACEMENT_3D('',#16186,#11840,#11841);
#9821=AXIS2_PLACEMENT_3D('',#16187,#11842,#11843);
#9822=AXIS2_PLACEMENT_3D('',#16188,#11844,#11845);
#9823=AXIS2_PLACEMENT_3D('',#16189,#11846,#11847);
#9824=AXIS2_PLACEMENT_3D('',#16190,#11848,#11849);
#9825=AXIS2_PLACEMENT_3D('',#16191,#11850,#11851);
#9826=AXIS2_PLACEMENT_3D('',#16192,#11852,#11853);
#9827=AXIS2_PLACEMENT_3D('',#16193,#11854,#11855);
#9828=AXIS2_PLACEMENT_3D('',#16194,#11856,#11857);
#9829=AXIS2_PLACEMENT_3D('',#16204,#11863,#11864);
#9830=AXIS2_PLACEMENT_3D('',#16207,#11866,#11867);
#9831=AXIS2_PLACEMENT_3D('',#16208,#11868,#11869);
#9832=AXIS2_PLACEMENT_3D('',#16212,#11872,#11873);
#9833=AXIS2_PLACEMENT_3D('',#16216,#11876,#11877);
#9834=AXIS2_PLACEMENT_3D('',#16220,#11880,#11881);
#9835=AXIS2_PLACEMENT_3D('',#16223,#11883,#11884);
#9836=AXIS2_PLACEMENT_3D('',#16224,#11885,#11886);
#9837=AXIS2_PLACEMENT_3D('',#16228,#11889,#11890);
#9838=AXIS2_PLACEMENT_3D('',#16229,#11891,#11892);
#9839=AXIS2_PLACEMENT_3D('',#16230,#11893,#11894);
#9840=AXIS2_PLACEMENT_3D('',#16232,#11895,#11896);
#9841=AXIS2_PLACEMENT_3D('',#16233,#11897,#11898);
#9842=AXIS2_PLACEMENT_3D('',#16234,#11899,#11900);
#9843=AXIS2_PLACEMENT_3D('',#16237,#11902,#11903);
#9844=AXIS2_PLACEMENT_3D('',#16238,#11904,#11905);
#9845=AXIS2_PLACEMENT_3D('',#16240,#11906,#11907);
#9846=AXIS2_PLACEMENT_3D('',#16241,#11908,#11909);
#9847=AXIS2_PLACEMENT_3D('',#16242,#11910,#11911);
#9848=AXIS2_PLACEMENT_3D('',#16243,#11912,#11913);
#9849=AXIS2_PLACEMENT_3D('',#16244,#11914,#11915);
#9850=AXIS2_PLACEMENT_3D('',#16245,#11916,#11917);
#9851=AXIS2_PLACEMENT_3D('',#16246,#11918,#11919);
#9852=AXIS2_PLACEMENT_3D('',#16247,#11920,#11921);
#9853=AXIS2_PLACEMENT_3D('',#16248,#11922,#11923);
#9854=AXIS2_PLACEMENT_3D('',#16249,#11924,#11925);
#9855=AXIS2_PLACEMENT_3D('',#16250,#11926,#11927);
#9856=AXIS2_PLACEMENT_3D('',#16251,#11928,#11929);
#9857=AXIS2_PLACEMENT_3D('',#16252,#11930,#11931);
#9858=AXIS2_PLACEMENT_3D('',#16253,#11932,#11933);
#9859=AXIS2_PLACEMENT_3D('',#16254,#11934,#11935);
#9860=AXIS2_PLACEMENT_3D('',#16255,#11936,#11937);
#9861=AXIS2_PLACEMENT_3D('',#16256,#11938,#11939);
#9862=AXIS2_PLACEMENT_3D('',#16258,#11940,#11941);
#9863=AXIS2_PLACEMENT_3D('',#16259,#11942,#11943);
#9864=AXIS2_PLACEMENT_3D('',#16260,#11944,#11945);
#9865=AXIS2_PLACEMENT_3D('',#16261,#11946,#11947);
#9866=AXIS2_PLACEMENT_3D('',#16262,#11948,#11949);
#9867=AXIS2_PLACEMENT_3D('',#16263,#11950,#11951);
#9868=AXIS2_PLACEMENT_3D('',#16264,#11952,#11953);
#9869=AXIS2_PLACEMENT_3D('',#16265,#11954,#11955);
#9870=AXIS2_PLACEMENT_3D('',#16266,#11956,#11957);
#9871=AXIS2_PLACEMENT_3D('',#16268,#11958,#11959);
#9872=AXIS2_PLACEMENT_3D('',#16269,#11960,#11961);
#9873=AXIS2_PLACEMENT_3D('',#16270,#11962,#11963);
#9874=AXIS2_PLACEMENT_3D('',#16273,#11965,#11966);
#9875=AXIS2_PLACEMENT_3D('',#16274,#11967,#11968);
#9876=AXIS2_PLACEMENT_3D('',#16276,#11969,#11970);
#9877=AXIS2_PLACEMENT_3D('',#16278,#11972,#11973);
#9878=AXIS2_PLACEMENT_3D('',#16280,#11974,#11975);
#9879=AXIS2_PLACEMENT_3D('',#16281,#11976,#11977);
#9880=AXIS2_PLACEMENT_3D('',#16282,#11978,#11979);
#9881=AXIS2_PLACEMENT_3D('',#16284,#11980,#11981);
#9882=AXIS2_PLACEMENT_3D('',#16286,#11983,#11984);
#9883=AXIS2_PLACEMENT_3D('',#16288,#11985,#11986);
#9884=AXIS2_PLACEMENT_3D('',#16289,#11987,#11988);
#9885=AXIS2_PLACEMENT_3D('',#16290,#11989,#11990);
#9886=AXIS2_PLACEMENT_3D('',#16292,#11992,#11993);
#9887=AXIS2_PLACEMENT_3D('',#16293,#11994,#11995);
#9888=AXIS2_PLACEMENT_3D('',#16294,#11996,#11997);
#9889=AXIS2_PLACEMENT_3D('',#16295,#11998,#11999);
#9890=AXIS2_PLACEMENT_3D('',#16296,#12000,#12001);
#9891=AXIS2_PLACEMENT_3D('',#16297,#12002,#12003);
#9892=AXIS2_PLACEMENT_3D('',#16298,#12004,#12005);
#9893=AXIS2_PLACEMENT_3D('',#16299,#12006,#12007);
#9894=AXIS2_PLACEMENT_3D('',#16302,#12009,#12010);
#9895=AXIS2_PLACEMENT_3D('',#16303,#12011,#12012);
#9896=AXIS2_PLACEMENT_3D('',#16305,#12014,#12015);
#9897=AXIS2_PLACEMENT_3D('',#16306,#12016,#12017);
#9898=AXIS2_PLACEMENT_3D('',#16307,#12018,#12019);
#9899=AXIS2_PLACEMENT_3D('',#16308,#12020,#12021);
#9900=AXIS2_PLACEMENT_3D('',#16309,#12022,#12023);
#9901=AXIS2_PLACEMENT_3D('',#16311,#12024,#12025);
#9902=AXIS2_PLACEMENT_3D('',#16312,#12026,#12027);
#9903=AXIS2_PLACEMENT_3D('',#16313,#12028,#12029);
#9904=AXIS2_PLACEMENT_3D('',#16315,#12031,#12032);
#9905=AXIS2_PLACEMENT_3D('',#16318,#12034,#12035);
#9906=AXIS2_PLACEMENT_3D('',#16319,#12036,#12037);
#9907=AXIS2_PLACEMENT_3D('',#16321,#12039,#12040);
#9908=AXIS2_PLACEMENT_3D('',#16324,#12042,#12043);
#9909=AXIS2_PLACEMENT_3D('',#16325,#12044,#12045);
#9910=AXIS2_PLACEMENT_3D('',#16328,#12047,#12048);
#9911=AXIS2_PLACEMENT_3D('',#16329,#12049,#12050);
#9912=AXIS2_PLACEMENT_3D('',#16331,#12051,#12052);
#9913=AXIS2_PLACEMENT_3D('',#16332,#12053,#12054);
#9914=AXIS2_PLACEMENT_3D('',#16333,#12055,#12056);
#9915=AXIS2_PLACEMENT_3D('',#16335,#12058,#12059);
#9916=AXIS2_PLACEMENT_3D('',#16338,#12062,#12063);
#9917=AXIS2_PLACEMENT_3D('',#16340,#12064,#12065);
#9918=AXIS2_PLACEMENT_3D('',#16342,#12067,#12068);
#9919=AXIS2_PLACEMENT_3D('',#16348,#12072,#12073);
#9920=AXIS2_PLACEMENT_3D('',#16351,#12075,#12076);
#9921=AXIS2_PLACEMENT_3D('',#16352,#12077,#12078);
#9922=AXIS2_PLACEMENT_3D('',#16354,#12080,#12081);
#9923=AXIS2_PLACEMENT_3D('',#16358,#12084,#12085);
#9924=AXIS2_PLACEMENT_3D('',#16361,#12087,#12088);
#9925=AXIS2_PLACEMENT_3D('',#16362,#12089,#12090);
#9926=AXIS2_PLACEMENT_3D('',#16364,#12091,#12092);
#9927=AXIS2_PLACEMENT_3D('',#16366,#12094,#12095);
#9928=AXIS2_PLACEMENT_3D('',#16368,#12097,#12098);
#9929=AXIS2_PLACEMENT_3D('',#16369,#12099,#12100);
#9930=AXIS2_PLACEMENT_3D('',#16371,#12102,#12103);
#9931=AXIS2_PLACEMENT_3D('',#16372,#12104,#12105);
#9932=AXIS2_PLACEMENT_3D('',#16374,#12107,#12108);
#9933=AXIS2_PLACEMENT_3D('',#16375,#12109,#12110);
#9934=AXIS2_PLACEMENT_3D('',#16377,#12111,#12112);
#9935=AXIS2_PLACEMENT_3D('',#16378,#12113,#12114);
#9936=AXIS2_PLACEMENT_3D('',#16379,#12115,#12116);
#9937=AXIS2_PLACEMENT_3D('',#16382,#12118,#12119);
#9938=AXIS2_PLACEMENT_3D('',#16383,#12120,#12121);
#9939=AXIS2_PLACEMENT_3D('',#16385,#12122,#12123);
#9940=AXIS2_PLACEMENT_3D('',#16386,#12124,#12125);
#9941=AXIS2_PLACEMENT_3D('',#16387,#12126,#12127);
#9942=AXIS2_PLACEMENT_3D('',#16390,#12129,#12130);
#9943=AXIS2_PLACEMENT_3D('',#16391,#12131,#12132);
#9944=AXIS2_PLACEMENT_3D('',#16392,#12133,#12134);
#9945=AXIS2_PLACEMENT_3D('',#16393,#12135,#12136);
#9946=AXIS2_PLACEMENT_3D('',#16394,#12137,#12138);
#9947=AXIS2_PLACEMENT_3D('',#16397,#12139,#12140);
#9948=AXIS2_PLACEMENT_3D('',#16401,#12142,#12143);
#9949=AXIS2_PLACEMENT_3D('',#16403,#12145,#12146);
#9950=AXIS2_PLACEMENT_3D('',#16417,#12154,#12155);
#9951=AXIS2_PLACEMENT_3D('',#16420,#12156,#12157);
#9952=AXIS2_PLACEMENT_3D('',#16424,#12159,#12160);
#9953=AXIS2_PLACEMENT_3D('',#16426,#12162,#12163);
#9954=AXIS2_PLACEMENT_3D('',#16435,#12169,#12170);
#9955=AXIS2_PLACEMENT_3D('',#16447,#12177,#12178);
#9956=AXIS2_PLACEMENT_3D('',#16450,#12181,#12182);
#9957=AXIS2_PLACEMENT_3D('',#16452,#12184,#12185);
#9958=AXIS2_PLACEMENT_3D('',#16454,#12187,#12188);
#9959=AXIS2_PLACEMENT_3D('',#16456,#12190,#12191);
#9960=AXIS2_PLACEMENT_3D('',#16457,#12192,#12193);
#9961=AXIS2_PLACEMENT_3D('',#16459,#12194,#12195);
#9962=AXIS2_PLACEMENT_3D('',#16462,#12197,#12198);
#9963=AXIS2_PLACEMENT_3D('',#16463,#12199,#12200);
#9964=AXIS2_PLACEMENT_3D('',#16472,#12205,#12206);
#9965=AXIS2_PLACEMENT_3D('',#16475,#12209,#12210);
#9966=AXIS2_PLACEMENT_3D('',#16481,#12214,#12215);
#9967=AXIS2_PLACEMENT_3D('',#16484,#12218,#12219);
#9968=AXIS2_PLACEMENT_3D('',#16485,#12220,#12221);
#9969=AXIS2_PLACEMENT_3D('',#16486,#12222,#12223);
#9970=AXIS2_PLACEMENT_3D('',#16489,#12224,#12225);
#9971=AXIS2_PLACEMENT_3D('',#16493,#12227,#12228);
#9972=AXIS2_PLACEMENT_3D('',#16495,#12230,#12231);
#9973=AXIS2_PLACEMENT_3D('',#16509,#12239,#12240);
#9974=AXIS2_PLACEMENT_3D('',#16512,#12241,#12242);
#9975=AXIS2_PLACEMENT_3D('',#16516,#12244,#12245);
#9976=AXIS2_PLACEMENT_3D('',#16518,#12247,#12248);
#9977=AXIS2_PLACEMENT_3D('',#16529,#12254,#12255);
#9978=AXIS2_PLACEMENT_3D('',#16530,#12256,#12257);
#9979=AXIS2_PLACEMENT_3D('',#16537,#12262,#12263);
#9980=AXIS2_PLACEMENT_3D('',#16541,#12266,#12267);
#9981=AXIS2_PLACEMENT_3D('',#16545,#12270,#12271);
#9982=AXIS2_PLACEMENT_3D('',#16551,#12275,#12276);
#9983=AXIS2_PLACEMENT_3D('',#16555,#12279,#12280);
#9984=AXIS2_PLACEMENT_3D('',#16557,#12282,#12283);
#9985=AXIS2_PLACEMENT_3D('',#16560,#12285,#12286);
#9986=AXIS2_PLACEMENT_3D('',#16561,#12287,#12288);
#9987=AXIS2_PLACEMENT_3D('',#16567,#12292,#12293);
#9988=AXIS2_PLACEMENT_3D('',#16569,#12295,#12296);
#9989=AXIS2_PLACEMENT_3D('',#16571,#12298,#12299);
#9990=AXIS2_PLACEMENT_3D('',#16575,#12302,#12303);
#9991=AXIS2_PLACEMENT_3D('',#16577,#12305,#12306);
#9992=AXIS2_PLACEMENT_3D('',#16578,#12307,#12308);
#9993=AXIS2_PLACEMENT_3D('',#16581,#12309,#12310);
#9994=AXIS2_PLACEMENT_3D('',#16585,#12312,#12313);
#9995=AXIS2_PLACEMENT_3D('',#16587,#12315,#12316);
#9996=AXIS2_PLACEMENT_3D('',#16601,#12324,#12325);
#9997=AXIS2_PLACEMENT_3D('',#16604,#12326,#12327);
#9998=AXIS2_PLACEMENT_3D('',#16608,#12329,#12330);
#9999=AXIS2_PLACEMENT_3D('',#16610,#12332,#12333);
#10000=AXIS2_PLACEMENT_3D('',#16619,#12339,#12340);
#10001=AXIS2_PLACEMENT_3D('',#16631,#12347,#12348);
#10002=AXIS2_PLACEMENT_3D('',#16634,#12351,#12352);
#10003=AXIS2_PLACEMENT_3D('',#16636,#12354,#12355);
#10004=AXIS2_PLACEMENT_3D('',#16638,#12357,#12358);
#10005=AXIS2_PLACEMENT_3D('',#16640,#12360,#12361);
#10006=AXIS2_PLACEMENT_3D('',#16641,#12362,#12363);
#10007=AXIS2_PLACEMENT_3D('',#16643,#12364,#12365);
#10008=AXIS2_PLACEMENT_3D('',#16646,#12367,#12368);
#10009=AXIS2_PLACEMENT_3D('',#16647,#12369,#12370);
#10010=AXIS2_PLACEMENT_3D('',#16656,#12375,#12376);
#10011=AXIS2_PLACEMENT_3D('',#16659,#12379,#12380);
#10012=AXIS2_PLACEMENT_3D('',#16665,#12384,#12385);
#10013=AXIS2_PLACEMENT_3D('',#16668,#12388,#12389);
#10014=AXIS2_PLACEMENT_3D('',#16669,#12390,#12391);
#10015=AXIS2_PLACEMENT_3D('',#16670,#12392,#12393);
#10016=AXIS2_PLACEMENT_3D('',#16673,#12394,#12395);
#10017=AXIS2_PLACEMENT_3D('',#16677,#12397,#12398);
#10018=AXIS2_PLACEMENT_3D('',#16679,#12400,#12401);
#10019=AXIS2_PLACEMENT_3D('',#16693,#12409,#12410);
#10020=AXIS2_PLACEMENT_3D('',#16696,#12411,#12412);
#10021=AXIS2_PLACEMENT_3D('',#16700,#12414,#12415);
#10022=AXIS2_PLACEMENT_3D('',#16702,#12417,#12418);
#10023=AXIS2_PLACEMENT_3D('',#16713,#12424,#12425);
#10024=AXIS2_PLACEMENT_3D('',#16714,#12426,#12427);
#10025=AXIS2_PLACEMENT_3D('',#16721,#12432,#12433);
#10026=AXIS2_PLACEMENT_3D('',#16725,#12436,#12437);
#10027=AXIS2_PLACEMENT_3D('',#16729,#12440,#12441);
#10028=AXIS2_PLACEMENT_3D('',#16735,#12445,#12446);
#10029=AXIS2_PLACEMENT_3D('',#16739,#12449,#12450);
#10030=AXIS2_PLACEMENT_3D('',#16741,#12452,#12453);
#10031=AXIS2_PLACEMENT_3D('',#16750,#12458,#12459);
#10032=AXIS2_PLACEMENT_3D('',#16751,#12460,#12461);
#10033=AXIS2_PLACEMENT_3D('',#16753,#12463,#12464);
#10034=AXIS2_PLACEMENT_3D('',#16755,#12466,#12467);
#10035=AXIS2_PLACEMENT_3D('',#16757,#12469,#12470);
#10036=AXIS2_PLACEMENT_3D('',#16759,#12472,#12473);
#10037=AXIS2_PLACEMENT_3D('',#16761,#12475,#12476);
#10038=AXIS2_PLACEMENT_3D('',#16762,#12477,#12478);
#10039=AXIS2_PLACEMENT_3D('',#16765,#12479,#12480);
#10040=AXIS2_PLACEMENT_3D('',#16769,#12482,#12483);
#10041=AXIS2_PLACEMENT_3D('',#16771,#12485,#12486);
#10042=AXIS2_PLACEMENT_3D('',#16785,#12494,#12495);
#10043=AXIS2_PLACEMENT_3D('',#16788,#12496,#12497);
#10044=AXIS2_PLACEMENT_3D('',#16792,#12499,#12500);
#10045=AXIS2_PLACEMENT_3D('',#16794,#12502,#12503);
#10046=AXIS2_PLACEMENT_3D('',#16805,#12509,#12510);
#10047=AXIS2_PLACEMENT_3D('',#16806,#12511,#12512);
#10048=AXIS2_PLACEMENT_3D('',#16813,#12517,#12518);
#10049=AXIS2_PLACEMENT_3D('',#16817,#12521,#12522);
#10050=AXIS2_PLACEMENT_3D('',#16821,#12525,#12526);
#10051=AXIS2_PLACEMENT_3D('',#16827,#12530,#12531);
#10052=AXIS2_PLACEMENT_3D('',#16831,#12534,#12535);
#10053=AXIS2_PLACEMENT_3D('',#16833,#12537,#12538);
#10054=AXIS2_PLACEMENT_3D('',#16836,#12540,#12541);
#10055=AXIS2_PLACEMENT_3D('',#16837,#12542,#12543);
#10056=AXIS2_PLACEMENT_3D('',#16843,#12547,#12548);
#10057=AXIS2_PLACEMENT_3D('',#16845,#12550,#12551);
#10058=AXIS2_PLACEMENT_3D('',#16847,#12553,#12554);
#10059=AXIS2_PLACEMENT_3D('',#16851,#12557,#12558);
#10060=AXIS2_PLACEMENT_3D('',#16853,#12560,#12561);
#10061=AXIS2_PLACEMENT_3D('',#16854,#12562,#12563);
#10062=AXIS2_PLACEMENT_3D('',#16857,#12564,#12565);
#10063=AXIS2_PLACEMENT_3D('',#16861,#12567,#12568);
#10064=AXIS2_PLACEMENT_3D('',#16863,#12570,#12571);
#10065=AXIS2_PLACEMENT_3D('',#16877,#12579,#12580);
#10066=AXIS2_PLACEMENT_3D('',#16880,#12581,#12582);
#10067=AXIS2_PLACEMENT_3D('',#16884,#12584,#12585);
#10068=AXIS2_PLACEMENT_3D('',#16886,#12587,#12588);
#10069=AXIS2_PLACEMENT_3D('',#16895,#12594,#12595);
#10070=AXIS2_PLACEMENT_3D('',#16907,#12602,#12603);
#10071=AXIS2_PLACEMENT_3D('',#16910,#12606,#12607);
#10072=AXIS2_PLACEMENT_3D('',#16912,#12609,#12610);
#10073=AXIS2_PLACEMENT_3D('',#16914,#12612,#12613);
#10074=AXIS2_PLACEMENT_3D('',#16916,#12615,#12616);
#10075=AXIS2_PLACEMENT_3D('',#16917,#12617,#12618);
#10076=AXIS2_PLACEMENT_3D('',#16919,#12619,#12620);
#10077=AXIS2_PLACEMENT_3D('',#16922,#12622,#12623);
#10078=AXIS2_PLACEMENT_3D('',#16923,#12624,#12625);
#10079=AXIS2_PLACEMENT_3D('',#16932,#12630,#12631);
#10080=AXIS2_PLACEMENT_3D('',#16935,#12634,#12635);
#10081=AXIS2_PLACEMENT_3D('',#16941,#12639,#12640);
#10082=AXIS2_PLACEMENT_3D('',#16944,#12643,#12644);
#10083=AXIS2_PLACEMENT_3D('',#16945,#12645,#12646);
#10084=AXIS2_PLACEMENT_3D('',#16946,#12647,#12648);
#10085=AXIS2_PLACEMENT_3D('',#16948,#12649,#12650);
#10086=AXIS2_PLACEMENT_3D('',#16950,#12651,#12652);
#10087=AXIS2_PLACEMENT_3D('',#16951,#12653,#12654);
#10088=AXIS2_PLACEMENT_3D('',#16952,#12655,#12656);
#10089=AXIS2_PLACEMENT_3D('',#16953,#12657,#12658);
#10090=AXIS2_PLACEMENT_3D('',#16955,#12659,#12660);
#10091=AXIS2_PLACEMENT_3D('',#16957,#12661,#12662);
#10092=AXIS2_PLACEMENT_3D('',#16958,#12663,#12664);
#10093=AXIS2_PLACEMENT_3D('',#16959,#12665,#12666);
#10094=AXIS2_PLACEMENT_3D('',#16960,#12667,#12668);
#10095=AXIS2_PLACEMENT_3D('',#16962,#12669,#12670);
#10096=AXIS2_PLACEMENT_3D('',#16964,#12671,#12672);
#10097=AXIS2_PLACEMENT_3D('',#16965,#12673,#12674);
#10098=AXIS2_PLACEMENT_3D('',#16966,#12675,#12676);
#10099=AXIS2_PLACEMENT_3D('',#16967,#12677,#12678);
#10100=AXIS2_PLACEMENT_3D('',#16969,#12679,#12680);
#10101=AXIS2_PLACEMENT_3D('',#16971,#12681,#12682);
#10102=AXIS2_PLACEMENT_3D('',#16972,#12683,#12684);
#10103=AXIS2_PLACEMENT_3D('',#16973,#12685,#12686);
#10104=AXIS2_PLACEMENT_3D('',#16974,#12687,#12688);
#10105=AXIS2_PLACEMENT_3D('',#16976,#12689,#12690);
#10106=AXIS2_PLACEMENT_3D('',#16978,#12691,#12692);
#10107=AXIS2_PLACEMENT_3D('',#16979,#12693,#12694);
#10108=AXIS2_PLACEMENT_3D('',#16980,#12695,#12696);
#10109=AXIS2_PLACEMENT_3D('',#16981,#12697,#12698);
#10110=AXIS2_PLACEMENT_3D('',#16983,#12699,#12700);
#10111=AXIS2_PLACEMENT_3D('',#16985,#12701,#12702);
#10112=AXIS2_PLACEMENT_3D('',#16986,#12703,#12704);
#10113=AXIS2_PLACEMENT_3D('',#16987,#12705,#12706);
#10114=DIRECTION('axis',(0.,0.,1.));
#10115=DIRECTION('refdir',(1.,0.,0.));
#10116=DIRECTION('center_axis',(0.,0.,1.));
#10117=DIRECTION('ref_axis',(-0.707106781186548,0.707106781186548,0.));
#10118=DIRECTION('center_axis',(0.,0.,-1.));
#10119=DIRECTION('ref_axis',(-0.707106781186548,0.707106781186548,0.));
#10120=DIRECTION('',(0.,0.,-1.));
#10121=DIRECTION('center_axis',(1.33088751134069E-15,3.51805228161074E-31,
1.));
#10122=DIRECTION('ref_axis',(-0.707106781186548,0.707106781186548,0.));
#10123=DIRECTION('',(0.,0.,1.));
#10124=DIRECTION('center_axis',(-2.64338815386942E-16,1.,0.));
#10125=DIRECTION('ref_axis',(0.,0.,1.));
#10126=DIRECTION('',(1.,1.32169407693471E-16,0.));
#10127=DIRECTION('',(0.,0.,1.));
#10128=DIRECTION('',(-1.,-1.32169407693471E-16,1.33088751134069E-15));
#10129=DIRECTION('center_axis',(0.,0.,1.));
#10130=DIRECTION('ref_axis',(1.,0.,0.));
#10131=DIRECTION('',(-2.64338815386942E-16,1.,0.));
#10132=DIRECTION('',(-1.,0.,0.));
#10133=DIRECTION('',(0.,1.,0.));
#10134=DIRECTION('center_axis',(0.,0.,-1.));
#10135=DIRECTION('ref_axis',(0.707106781186546,0.707106781186549,0.));
#10136=DIRECTION('center_axis',(0.,0.,-1.));
#10137=DIRECTION('ref_axis',(0.707106781186546,0.707106781186549,0.));
#10138=DIRECTION('center_axis',(1.33088751134069E-15,3.51805228161074E-31,
1.));
#10139=DIRECTION('ref_axis',(0.707106781186546,0.707106781186549,0.));
#10140=DIRECTION('',(0.,0.,-1.));
#10141=DIRECTION('center_axis',(1.,0.,0.));
#10142=DIRECTION('ref_axis',(0.,1.,0.));
#10143=DIRECTION('center_axis',(-1.,0.,0.));
#10144=DIRECTION('ref_axis',(0.,-0.707106781186548,0.707106781186547));
#10145=DIRECTION('',(0.,-1.,0.));
#10146=DIRECTION('center_axis',(1.,0.,0.));
#10147=DIRECTION('ref_axis',(6.16790569236198E-16,-0.89580641647761,0.444444444444457));
#10148=DIRECTION('',(-2.64338815386942E-16,1.,0.));
#10149=DIRECTION('center_axis',(0.,0.,-1.));
#10150=DIRECTION('ref_axis',(0.707106781186548,0.707106781186548,0.));
#10151=DIRECTION('center_axis',(1.00696747673569E-16,0.,1.));
#10152=DIRECTION('ref_axis',(0.707106781186548,0.707106781186548,0.));
#10153=DIRECTION('',(0.,0.,1.));
#10154=DIRECTION('center_axis',(-1.82456398519793E-8,0.,-1.));
#10155=DIRECTION('ref_axis',(0.707106781186548,0.707106781186548,-1.29016156664221E-8));
#10156=DIRECTION('',(0.,0.,-1.));
#10157=DIRECTION('center_axis',(0.,1.,0.));
#10158=DIRECTION('ref_axis',(0.,0.,1.));
#10159=DIRECTION('',(-1.,-1.32169407693471E-16,1.00696747673569E-16));
#10160=DIRECTION('',(0.,0.,-1.));
#10161=DIRECTION('',(1.,1.32169407693471E-16,-1.82456398519793E-8));
#10162=DIRECTION('center_axis',(-1.00696747673569E-16,0.,-1.));
#10163=DIRECTION('ref_axis',(1.,1.32169407693471E-16,-1.00696747673569E-16));
#10164=DIRECTION('',(0.,-1.,0.));
#10165=DIRECTION('center_axis',(-1.00696747673569E-16,0.,-1.));
#10166=DIRECTION('ref_axis',(0.217123949656169,0.976144041873793,-2.18636755724159E-17));
#10167=DIRECTION('',(1.,0.,-1.00696747673569E-16));
#10168=DIRECTION('',(0.,1.,0.));
#10169=DIRECTION('center_axis',(1.00696747673569E-16,0.,1.));
#10170=DIRECTION('ref_axis',(-0.707106781186548,0.707106781186547,0.));
#10171=DIRECTION('center_axis',(0.,0.,1.));
#10172=DIRECTION('ref_axis',(-0.707106781186548,0.707106781186547,0.));
#10173=DIRECTION('center_axis',(-1.82456398519793E-8,0.,-1.));
#10174=DIRECTION('ref_axis',(-0.707106781186548,0.707106781186547,1.29016156664221E-8));
#10175=DIRECTION('',(0.,0.,1.));
#10176=DIRECTION('center_axis',(-1.,0.,0.));
#10177=DIRECTION('ref_axis',(0.,-1.,0.));
#10178=DIRECTION('center_axis',(-1.,0.,0.));
#10179=DIRECTION('ref_axis',(0.,-0.707106781186547,0.707106781186548));
#10180=DIRECTION('',(0.,1.,0.));
#10181=DIRECTION('center_axis',(1.,0.,0.));
#10182=DIRECTION('ref_axis',(0.,-0.707106781186548,0.707106781186547));
#10183=DIRECTION('',(0.,1.,0.));
#10184=DIRECTION('center_axis',(0.,0.,-1.));
#10185=DIRECTION('ref_axis',(-0.707106781186549,-0.707106781186546,0.));
#10186=DIRECTION('center_axis',(0.,0.,1.));
#10187=DIRECTION('ref_axis',(-0.707106781186549,-0.707106781186546,0.));
#10188=DIRECTION('',(0.,0.,1.));
#10189=DIRECTION('center_axis',(0.,0.,-1.));
#10190=DIRECTION('ref_axis',(-0.707106781186549,-0.707106781186546,0.));
#10191=DIRECTION('',(0.,0.,-1.));
#10192=DIRECTION('center_axis',(-1.,0.,0.));
#10193=DIRECTION('ref_axis',(0.,-1.,0.));
#10194=DIRECTION('',(0.,-1.,0.));
#10195=DIRECTION('center_axis',(1.,0.,0.));
#10196=DIRECTION('ref_axis',(0.,0.707106781186548,0.707106781186547));
#10197=DIRECTION('',(0.,0.,1.));
#10198=DIRECTION('',(0.,1.,0.));
#10199=DIRECTION('',(0.,0.,1.));
#10200=DIRECTION('',(0.,-1.,0.));
#10201=DIRECTION('center_axis',(0.,0.,1.));
#10202=DIRECTION('ref_axis',(1.,0.,0.));
#10203=DIRECTION('',(-1.,0.,0.));
#10204=DIRECTION('center_axis',(0.,0.,-1.));
#10205=DIRECTION('ref_axis',(0.707106781186546,-0.707106781186549,0.));
#10206=DIRECTION('',(0.,-1.,0.));
#10207=DIRECTION('',(1.,0.,0.));
#10208=DIRECTION('center_axis',(0.,0.,1.));
#10209=DIRECTION('ref_axis',(0.707106781186546,-0.707106781186549,0.));
#10210=DIRECTION('',(0.,0.,-1.));
#10211=DIRECTION('center_axis',(0.,0.,1.));
#10212=DIRECTION('ref_axis',(0.707106781186546,-0.707106781186549,0.));
#10213=DIRECTION('',(0.,0.,1.));
#10214=DIRECTION('center_axis',(1.,0.,0.));
#10215=DIRECTION('ref_axis',(0.,1.,0.));
#10216=DIRECTION('',(0.,-1.,0.));
#10217=DIRECTION('',(0.,0.,1.));
#10218=DIRECTION('',(0.,-1.,0.));
#10219=DIRECTION('',(0.,0.,1.));
#10220=DIRECTION('center_axis',(-1.,0.,0.));
#10221=DIRECTION('ref_axis',(0.,0.707106781186548,0.707106781186547));
#10222=DIRECTION('center_axis',(0.,0.,-1.));
#10223=DIRECTION('ref_axis',(1.,0.,0.));
#10224=DIRECTION('',(-1.,0.,0.));
#10225=DIRECTION('',(1.,0.,0.));
#10226=DIRECTION('center_axis',(-1.,0.,0.));
#10227=DIRECTION('ref_axis',(0.,0.707106781186548,0.707106781186547));
#10228=DIRECTION('',(-1.,0.,0.));
#10229=DIRECTION('center_axis',(0.,-1.,0.));
#10230=DIRECTION('ref_axis',(0.,0.,-1.));
#10231=DIRECTION('center_axis',(0.,0.,1.));
#10232=DIRECTION('ref_axis',(1.,0.,0.));
#10233=DIRECTION('',(1.,0.,0.));
#10234=DIRECTION('',(0.,-1.,0.));
#10235=DIRECTION('',(-1.,0.,0.));
#10236=DIRECTION('center_axis',(-1.,4.68213184583937E-46,1.33088751134069E-15));
#10237=DIRECTION('ref_axis',(6.16790569236198E-16,-0.89580641647761,0.444444444444457));
#10238=DIRECTION('center_axis',(-1.,0.,0.));
#10239=DIRECTION('ref_axis',(6.16790569236198E-16,-0.89580641647761,0.444444444444457));
#10240=DIRECTION('',(1.,-4.68213184583937E-46,-1.33088751134069E-15));
#10241=DIRECTION('',(-1.,0.,0.));
#10242=DIRECTION('center_axis',(1.,0.,-1.00696747673569E-16));
#10243=DIRECTION('ref_axis',(0.,-0.707106781186547,0.707106781186548));
#10244=DIRECTION('center_axis',(1.,0.,0.));
#10245=DIRECTION('ref_axis',(0.,0.,1.));
#10246=DIRECTION('',(-1.,0.,1.00696747673569E-16));
#10247=DIRECTION('center_axis',(-1.,0.,0.));
#10248=DIRECTION('ref_axis',(0.,-0.707106781186547,0.707106781186548));
#10249=DIRECTION('',(1.,0.,-1.00696747673569E-16));
#10250=DIRECTION('center_axis',(-1.00696747673569E-16,0.,-1.));
#10251=DIRECTION('ref_axis',(-1.,0.,0.));
#10252=DIRECTION('center_axis',(1.00696747673569E-16,0.,1.));
#10253=DIRECTION('ref_axis',(0.217123949656169,0.976144041873793,0.));
#10254=DIRECTION('center_axis',(1.,0.,0.));
#10255=DIRECTION('ref_axis',(0.,-0.707106781186548,0.707106781186547));
#10256=DIRECTION('center_axis',(1.,0.,0.));
#10257=DIRECTION('ref_axis',(0.,-0.707106781186548,0.707106781186547));
#10258=DIRECTION('',(1.,0.,0.));
#10259=DIRECTION('center_axis',(-1.,0.,0.));
#10260=DIRECTION('ref_axis',(0.,-0.707106781186548,0.707106781186547));
#10261=DIRECTION('center_axis',(-1.,0.,0.));
#10262=DIRECTION('ref_axis',(0.,-0.707106781186548,0.707106781186547));
#10263=DIRECTION('',(1.,0.,-1.82456398519793E-8));
#10264=DIRECTION('',(-1.,0.,0.));
#10265=DIRECTION('center_axis',(0.,0.,1.));
#10266=DIRECTION('ref_axis',(0.707106781186558,0.707106781186537,0.));
#10267=DIRECTION('',(0.,0.,1.));
#10268=DIRECTION('',(0.,0.,-1.));
#10269=DIRECTION('center_axis',(0.,0.,-1.));
#10270=DIRECTION('ref_axis',(0.707106781186558,0.707106781186537,0.));
#10271=DIRECTION('',(0.,0.,1.));
#10272=DIRECTION('center_axis',(1.,0.,0.));
#10273=DIRECTION('ref_axis',(0.,1.,0.));
#10274=DIRECTION('',(0.,0.,1.));
#10275=DIRECTION('center_axis',(-1.,0.,0.));
#10276=DIRECTION('ref_axis',(0.,-0.707106781186545,-0.70710678118655));
#10277=DIRECTION('',(0.,1.,0.));
#10278=DIRECTION('',(0.,0.,1.));
#10279=DIRECTION('',(0.,1.,0.));
#10280=DIRECTION('center_axis',(0.,-1.,0.));
#10281=DIRECTION('ref_axis',(1.,0.,0.));
#10282=DIRECTION('',(0.,0.,1.));
#10283=DIRECTION('',(-1.,0.,0.));
#10284=DIRECTION('center_axis',(-1.,0.,0.));
#10285=DIRECTION('ref_axis',(0.,-1.,0.));
#10286=DIRECTION('',(-2.64338815386942E-16,1.,0.));
#10287=DIRECTION('',(0.,-1.,0.));
#10288=DIRECTION('',(0.,0.,1.));
#10289=DIRECTION('',(0.,-1.,0.));
#10290=DIRECTION('',(0.,0.,1.));
#10291=DIRECTION('',(0.,-1.,0.));
#10292=DIRECTION('center_axis',(1.,0.,0.));
#10293=DIRECTION('ref_axis',(0.,-0.707106781186545,-0.70710678118655));
#10294=DIRECTION('center_axis',(1.,0.,0.));
#10295=DIRECTION('ref_axis',(0.,0.,1.));
#10296=DIRECTION('',(0.,1.,0.));
#10297=DIRECTION('center_axis',(1.82456398519793E-8,0.,1.));
#10298=DIRECTION('ref_axis',(-1.,-1.32169407693471E-16,1.82456398519793E-8));
#10299=DIRECTION('center_axis',(-1.33088751134069E-15,-3.51805228161074E-31,
-1.));
#10300=DIRECTION('ref_axis',(-1.,-1.32169407693471E-16,1.33088751134069E-15));
#10301=DIRECTION('center_axis',(0.,0.,1.));
#10302=DIRECTION('ref_axis',(1.,0.,0.));
#10303=DIRECTION('center_axis',(1.,2.43104771580089E-15,0.));
#10304=DIRECTION('ref_axis',(0.,0.707106781186548,0.707106781186547));
#10305=DIRECTION('center_axis',(-1.,3.34389375259822E-15,0.));
#10306=DIRECTION('ref_axis',(0.,0.707106781186548,0.707106781186547));
#10307=DIRECTION('',(-1.,-2.43104771580089E-15,0.));
#10308=DIRECTION('center_axis',(1.,0.,0.));
#10309=DIRECTION('ref_axis',(0.,0.707106781186548,0.707106781186547));
#10310=DIRECTION('',(1.,2.43104771580089E-15,0.));
#10311=DIRECTION('center_axis',(-2.43104771580089E-15,1.,0.));
#10312=DIRECTION('ref_axis',(-1.,-2.43104771580089E-15,0.));
#10313=DIRECTION('',(0.,0.,1.));
#10314=DIRECTION('',(-1.,-2.43104771580089E-15,0.));
#10315=DIRECTION('',(0.,0.,1.));
#10316=DIRECTION('',(1.,2.43104771580089E-15,0.));
#10317=DIRECTION('',(0.,0.,1.));
#10318=DIRECTION('center_axis',(1.,-3.34389375259822E-15,0.));
#10319=DIRECTION('ref_axis',(3.34389375259822E-15,1.,0.));
#10320=DIRECTION('',(-3.34389375259822E-15,-1.,0.));
#10321=DIRECTION('center_axis',(1.,-3.34389375259822E-15,0.));
#10322=DIRECTION('ref_axis',(0.,-0.707106781186548,-0.707106781186547));
#10323=DIRECTION('',(0.,0.,1.));
#10324=DIRECTION('center_axis',(1.,-3.34389375259822E-15,0.));
#10325=DIRECTION('ref_axis',(0.,-0.707106781186548,0.707106781186548));
#10326=DIRECTION('',(3.34389375259822E-15,1.,0.));
#10327=DIRECTION('center_axis',(-1.,3.34389375259822E-15,0.));
#10328=DIRECTION('ref_axis',(0.,0.707106781186548,-0.707106781186548));
#10329=DIRECTION('center_axis',(-1.,3.34389375259822E-15,0.));
#10330=DIRECTION('ref_axis',(0.,0.707106781186548,0.707106781186547));
#10331=DIRECTION('',(3.34389375259822E-15,1.,0.));
#10332=DIRECTION('center_axis',(-1.,3.34389375259822E-15,0.));
#10333=DIRECTION('ref_axis',(-3.14018491736755E-15,-0.707106781186548,0.707106781186547));
#10334=DIRECTION('',(0.,0.,1.));
#10335=DIRECTION('',(-3.34389375259822E-15,-1.,0.));
#10336=DIRECTION('',(8.32667268468867E-16,-1.,0.));
#10337=DIRECTION('',(0.,0.,1.));
#10338=DIRECTION('center_axis',(-1.,3.34389375259822E-15,0.));
#10339=DIRECTION('ref_axis',(0.,-0.707106781186548,-0.707106781186547));
#10340=DIRECTION('',(0.,0.,1.));
#10341=DIRECTION('',(8.32667268468867E-16,-1.,0.));
#10342=DIRECTION('',(1.55959853874961E-15,-1.,0.));
#10343=DIRECTION('',(3.34389375259822E-15,1.,0.));
#10344=DIRECTION('center_axis',(1.,-3.34389375259822E-15,0.));
#10345=DIRECTION('ref_axis',(0.,0.707106781186549,0.707106781186546));
#10346=DIRECTION('',(0.,0.,-1.));
#10347=DIRECTION('center_axis',(1.,-3.34389375259822E-15,0.));
#10348=DIRECTION('ref_axis',(0.,0.70710678118655,-0.707106781186545));
#10349=DIRECTION('',(-3.34389375259822E-15,-1.,0.));
#10350=DIRECTION('center_axis',(1.,-3.34389375259822E-15,0.));
#10351=DIRECTION('ref_axis',(0.,-0.707106781186547,-0.707106781186548));
#10352=DIRECTION('',(0.,0.,1.));
#10353=DIRECTION('center_axis',(1.,-3.34389375259822E-15,0.));
#10354=DIRECTION('ref_axis',(0.,-0.707106781186546,0.707106781186549));
#10355=DIRECTION('',(3.34389375259822E-15,1.,0.));
#10356=DIRECTION('center_axis',(1.,-3.34389375259822E-15,0.));
#10357=DIRECTION('ref_axis',(0.,0.707106781186548,0.707106781186548));
#10358=DIRECTION('',(0.,0.,-1.));
#10359=DIRECTION('center_axis',(1.,-3.34389375259822E-15,0.));
#10360=DIRECTION('ref_axis',(0.,0.707106793344293,-0.707106769028802));
#10361=DIRECTION('',(-3.34389375259822E-15,-0.999999999999999,-3.43872951481271E-8));
#10362=DIRECTION('center_axis',(1.,-3.34389375259822E-15,0.));
#10363=DIRECTION('ref_axis',(0.,-0.707106769028802,-0.707106793344293));
#10364=DIRECTION('',(0.,0.,1.));
#10365=DIRECTION('center_axis',(1.,-3.34389375259822E-15,0.));
#10366=DIRECTION('ref_axis',(0.,-0.707106781186548,0.707106781186548));
#10367=DIRECTION('center_axis',(-1.,-2.43104771580089E-15,0.));
#10368=DIRECTION('ref_axis',(0.,0.707106781186548,-0.707106781186548));
#10369=DIRECTION('center_axis',(1.,0.,0.));
#10370=DIRECTION('ref_axis',(0.,0.707106781186548,-0.707106781186548));
#10371=DIRECTION('',(-1.,-2.43104771580089E-15,0.));
#10372=DIRECTION('',(-1.,-2.43104771580089E-15,0.));
#10373=DIRECTION('center_axis',(-1.,0.,0.));
#10374=DIRECTION('ref_axis',(0.,-0.707106766926339,-0.707106795446756));
#10375=DIRECTION('center_axis',(1.,0.,0.));
#10376=DIRECTION('ref_axis',(0.,-0.707106766926339,-0.707106795446756));
#10377=DIRECTION('',(-1.,0.,0.));
#10378=DIRECTION('center_axis',(-1.,4.6516052511372E-15,0.));
#10379=DIRECTION('ref_axis',(0.,-0.707106766926339,-0.707106795446756));
#10380=DIRECTION('',(1.,0.,0.));
#10381=DIRECTION('center_axis',(0.,4.03339692472259E-8,-0.999999999999999));
#10382=DIRECTION('ref_axis',(0.,-0.999999999999999,-4.03339692472259E-8));
#10383=DIRECTION('',(0.,-0.999999999999999,-4.03339692472259E-8));
#10384=DIRECTION('',(-1.,0.,0.));
#10385=DIRECTION('',(4.65160525113719E-15,0.999999999999999,4.03339692472259E-8));
#10386=DIRECTION('center_axis',(-1.,0.,0.));
#10387=DIRECTION('ref_axis',(0.,-0.707106781186546,0.707106781186549));
#10388=DIRECTION('center_axis',(1.,0.,0.));
#10389=DIRECTION('ref_axis',(0.,-0.707106781186546,0.707106781186549));
#10390=DIRECTION('',(-1.,0.,0.));
#10391=DIRECTION('center_axis',(-1.,4.6516052511372E-15,0.));
#10392=DIRECTION('ref_axis',(0.,-0.707106781186546,0.707106781186549));
#10393=DIRECTION('',(1.,0.,0.));
#10394=DIRECTION('center_axis',(0.,-1.,0.));
#10395=DIRECTION('ref_axis',(0.,0.,1.));
#10396=DIRECTION('',(0.,0.,-1.));
#10397=DIRECTION('',(0.,0.,1.));
#10398=DIRECTION('center_axis',(-1.,0.,0.));
#10399=DIRECTION('ref_axis',(0.,0.707106781186546,0.707106781186549));
#10400=DIRECTION('center_axis',(1.,0.,0.));
#10401=DIRECTION('ref_axis',(0.,0.707106781186546,0.707106781186549));
#10402=DIRECTION('',(-1.,0.,0.));
#10403=DIRECTION('center_axis',(-1.,4.6516052511372E-15,0.));
#10404=DIRECTION('ref_axis',(0.,0.707106781186546,0.707106781186549));
#10405=DIRECTION('',(1.,0.,0.));
#10406=DIRECTION('center_axis',(0.,0.,1.));
#10407=DIRECTION('ref_axis',(0.,1.,0.));
#10408=DIRECTION('',(-4.6516052511372E-15,-1.,0.));
#10409=DIRECTION('',(0.,1.,0.));
#10410=DIRECTION('center_axis',(-1.,0.,0.));
#10411=DIRECTION('ref_axis',(0.,0.707106766926339,-0.707106795446755));
#10412=DIRECTION('center_axis',(1.,0.,0.));
#10413=DIRECTION('ref_axis',(0.,0.707106766926339,-0.707106795446755));
#10414=DIRECTION('',(-1.,0.,0.));
#10415=DIRECTION('center_axis',(-1.,4.6516052511372E-15,0.));
#10416=DIRECTION('ref_axis',(0.,0.707106766926339,-0.707106795446755));
#10417=DIRECTION('',(1.,0.,0.));
#10418=DIRECTION('center_axis',(0.,1.,0.));
#10419=DIRECTION('ref_axis',(0.,0.,-1.));
#10420=DIRECTION('',(0.,0.,1.));
#10421=DIRECTION('',(0.,0.,-1.));
#10422=DIRECTION('center_axis',(0.,-4.0333969247226E-8,-0.999999999999999));
#10423=DIRECTION('ref_axis',(0.,-0.999999999999999,4.0333969247226E-8));
#10424=DIRECTION('',(4.65160525113719E-15,0.999999999999999,-4.0333969247226E-8));
#10425=DIRECTION('',(0.,-0.999999999999999,4.0333969247226E-8));
#10426=DIRECTION('center_axis',(1.,0.,0.));
#10427=DIRECTION('ref_axis',(0.,-0.707106769028802,-0.707106793344293));
#10428=DIRECTION('center_axis',(-1.,0.,0.));
#10429=DIRECTION('ref_axis',(0.,-0.707106769028802,-0.707106793344293));
#10430=DIRECTION('',(1.,0.,0.));
#10431=DIRECTION('',(-1.,0.,0.));
#10432=DIRECTION('center_axis',(0.,-1.,0.));
#10433=DIRECTION('ref_axis',(0.,0.,-1.));
#10434=DIRECTION('',(0.,0.,-1.));
#10435=DIRECTION('',(-1.,0.,0.));
#10436=DIRECTION('center_axis',(1.,0.,0.));
#10437=DIRECTION('ref_axis',(0.,-0.707106781186547,-0.707106781186548));
#10438=DIRECTION('center_axis',(-1.,0.,0.));
#10439=DIRECTION('ref_axis',(0.,-0.707106781186547,-0.707106781186548));
#10440=DIRECTION('',(1.,0.,0.));
#10441=DIRECTION('',(-1.,0.,0.));
#10442=DIRECTION('center_axis',(0.,-1.,0.));
#10443=DIRECTION('ref_axis',(0.,0.,-1.));
#10444=DIRECTION('',(0.,0.,-1.));
#10445=DIRECTION('',(-1.,0.,0.));
#10446=DIRECTION('center_axis',(1.,0.,0.));
#10447=DIRECTION('ref_axis',(0.,0.70710678118655,-0.707106781186545));
#10448=DIRECTION('center_axis',(-1.,0.,0.));
#10449=DIRECTION('ref_axis',(0.,0.70710678118655,-0.707106781186545));
#10450=DIRECTION('',(1.,0.,0.));
#10451=DIRECTION('',(-1.,0.,0.));
#10452=DIRECTION('center_axis',(0.,0.,-1.));
#10453=DIRECTION('ref_axis',(0.,1.,0.));
#10454=DIRECTION('',(0.,1.,0.));
#10455=DIRECTION('center_axis',(1.,0.,0.));
#10456=DIRECTION('ref_axis',(0.,0.707106793344293,-0.707106769028802));
#10457=DIRECTION('center_axis',(-1.,0.,0.));
#10458=DIRECTION('ref_axis',(0.,0.707106793344293,-0.707106769028802));
#10459=DIRECTION('',(1.,0.,0.));
#10460=DIRECTION('',(-1.,0.,0.));
#10461=DIRECTION('center_axis',(0.,3.43872951481271E-8,-0.999999999999999));
#10462=DIRECTION('ref_axis',(0.,0.999999999999999,3.43872951481271E-8));
#10463=DIRECTION('',(0.,0.999999999999999,3.43872951481271E-8));
#10464=DIRECTION('center_axis',(1.,0.,0.));
#10465=DIRECTION('ref_axis',(0.,0.707106781186549,0.707106781186546));
#10466=DIRECTION('center_axis',(-1.,0.,0.));
#10467=DIRECTION('ref_axis',(0.,0.707106781186549,0.707106781186546));
#10468=DIRECTION('',(1.,0.,0.));
#10469=DIRECTION('',(-1.,0.,0.));
#10470=DIRECTION('center_axis',(0.,1.,0.));
#10471=DIRECTION('ref_axis',(0.,0.,1.));
#10472=DIRECTION('',(0.,0.,1.));
#10473=DIRECTION('center_axis',(1.,0.,0.));
#10474=DIRECTION('ref_axis',(0.,0.707106781186548,0.707106781186548));
#10475=DIRECTION('center_axis',(-1.,0.,0.));
#10476=DIRECTION('ref_axis',(0.,0.707106781186548,0.707106781186548));
#10477=DIRECTION('',(1.,0.,0.));
#10478=DIRECTION('',(-1.,0.,0.));
#10479=DIRECTION('center_axis',(0.,1.,0.));
#10480=DIRECTION('ref_axis',(0.,0.,1.));
#10481=DIRECTION('',(0.,0.,1.));
#10482=DIRECTION('center_axis',(1.,0.,0.));
#10483=DIRECTION('ref_axis',(0.,-0.707106781186546,0.707106781186549));
#10484=DIRECTION('center_axis',(-1.,0.,0.));
#10485=DIRECTION('ref_axis',(0.,-0.707106781186546,0.707106781186549));
#10486=DIRECTION('',(1.,0.,0.));
#10487=DIRECTION('center_axis',(0.,0.,1.));
#10488=DIRECTION('ref_axis',(0.,-1.,0.));
#10489=DIRECTION('',(0.,-1.,0.));
#10490=DIRECTION('center_axis',(1.,0.,0.));
#10491=DIRECTION('ref_axis',(0.,-0.707106781186548,0.707106781186548));
#10492=DIRECTION('center_axis',(-1.,0.,0.));
#10493=DIRECTION('ref_axis',(0.,-0.707106781186548,0.707106781186548));
#10494=DIRECTION('',(1.,0.,0.));
#10495=DIRECTION('center_axis',(0.,0.,1.));
#10496=DIRECTION('ref_axis',(0.,-1.,0.));
#10497=DIRECTION('',(0.,-1.,0.));
#10498=DIRECTION('center_axis',(1.,0.,0.));
#10499=DIRECTION('ref_axis',(0.,-0.707106781186548,0.707106781186548));
#10500=DIRECTION('center_axis',(-1.,0.,0.));
#10501=DIRECTION('ref_axis',(0.,-0.707106781186548,0.707106781186548));
#10502=DIRECTION('',(1.,0.,0.));
#10503=DIRECTION('',(-1.,0.,0.));
#10504=DIRECTION('center_axis',(0.,0.,1.));
#10505=DIRECTION('ref_axis',(0.,-1.,0.));
#10506=DIRECTION('',(0.,-1.,0.));
#10507=DIRECTION('center_axis',(1.,0.,0.));
#10508=DIRECTION('ref_axis',(0.,-0.707106781186548,-0.707106781186547));
#10509=DIRECTION('center_axis',(-1.,0.,0.));
#10510=DIRECTION('ref_axis',(0.,-0.707106781186548,-0.707106781186547));
#10511=DIRECTION('',(1.,0.,0.));
#10512=DIRECTION('',(-1.,0.,0.));
#10513=DIRECTION('center_axis',(0.,-1.,0.));
#10514=DIRECTION('ref_axis',(0.,0.,-1.));
#10515=DIRECTION('',(0.,0.,-1.));
#10516=DIRECTION('center_axis',(0.,0.,-1.));
#10517=DIRECTION('ref_axis',(0.,1.,0.));
#10518=DIRECTION('',(0.,1.,0.));
#10519=DIRECTION('center_axis',(-1.,0.,0.));
#10520=DIRECTION('ref_axis',(0.,-1.,0.));
#10521=DIRECTION('',(0.,-1.,0.));
#10522=DIRECTION('',(0.,0.,1.));
#10523=DIRECTION('',(8.32667268468867E-16,-1.,0.));
#10524=DIRECTION('',(0.,0.,1.));
#10525=DIRECTION('center_axis',(1.,0.,0.));
#10526=DIRECTION('ref_axis',(0.,0.707106781186548,-0.707106781186547));
#10527=DIRECTION('',(0.,0.,1.));
#10528=DIRECTION('',(8.32667268468867E-16,-1.,0.));
#10529=DIRECTION('',(0.,0.,1.));
#10530=DIRECTION('',(0.,-1.,0.));
#10531=DIRECTION('',(0.,0.,1.));
#10532=DIRECTION('center_axis',(1.,0.,0.));
#10533=DIRECTION('ref_axis',(-3.14018491736755E-15,-0.707106781186548,0.707106781186547));
#10534=DIRECTION('',(0.,-1.,0.));
#10535=DIRECTION('center_axis',(1.,0.,0.));
#10536=DIRECTION('ref_axis',(0.,0.707106781186548,0.707106781186547));
#10537=DIRECTION('center_axis',(-1.,-2.43104771580089E-15,0.));
#10538=DIRECTION('ref_axis',(0.,0.707106781186548,0.707106781186547));
#10539=DIRECTION('',(1.,2.43104771580089E-15,0.));
#10540=DIRECTION('center_axis',(1.,-3.24139695440119E-15,0.));
#10541=DIRECTION('ref_axis',(-3.14018491736755E-15,-0.707106781186548,0.707106781186547));
#10542=DIRECTION('',(-1.,3.24139695440119E-15,0.));
#10543=DIRECTION('',(1.,-3.24139695440119E-15,0.));
#10544=DIRECTION('center_axis',(-3.24139695440119E-15,-1.,0.));
#10545=DIRECTION('ref_axis',(1.,-3.24139695440119E-15,0.));
#10546=DIRECTION('',(-1.,3.24139695440119E-15,0.));
#10547=DIRECTION('',(0.,0.,1.));
#10548=DIRECTION('',(1.,-3.24139695440119E-15,0.));
#10549=DIRECTION('center_axis',(1.,0.,0.));
#10550=DIRECTION('ref_axis',(0.,0.707106781186548,-0.707106781186547));
#10551=DIRECTION('',(-1.,0.,0.));
#10552=DIRECTION('',(1.,0.,0.));
#10553=DIRECTION('center_axis',(0.,1.,0.));
#10554=DIRECTION('ref_axis',(-1.,0.,0.));
#10555=DIRECTION('',(-1.,0.,-2.2351741753764E-8));
#10556=DIRECTION('center_axis',(0.,-1.,0.));
#10557=DIRECTION('ref_axis',(1.,0.,0.));
#10558=DIRECTION('',(1.,0.,2.2351741753764E-8));
#10559=DIRECTION('center_axis',(2.2351741753764E-8,1.86115637516282E-23,
-1.));
#10560=DIRECTION('ref_axis',(1.,9.22610069532588E-16,2.2351741753764E-8));
#10561=DIRECTION('',(-1.,-9.22610069532588E-16,-2.2351741753764E-8));
#10562=DIRECTION('center_axis',(2.2351741753764E-8,1.86115637516282E-23,
-1.));
#10563=DIRECTION('ref_axis',(1.,9.22610069532588E-16,2.2351741753764E-8));
#10564=DIRECTION('',(1.,7.38088055626071E-16,2.2351741753764E-8));
#10565=DIRECTION('center_axis',(-7.38088055626071E-16,1.,0.));
#10566=DIRECTION('ref_axis',(-1.,-7.38088055626071E-16,0.));
#10567=DIRECTION('',(-1.,-7.38088055626071E-16,0.));
#10568=DIRECTION('',(0.,0.,1.));
#10569=DIRECTION('',(1.,7.38088055626071E-16,0.));
#10570=DIRECTION('center_axis',(0.,0.,1.));
#10571=DIRECTION('ref_axis',(1.,0.,0.));
#10572=DIRECTION('center_axis',(0.,1.,-9.25185853854296E-16));
#10573=DIRECTION('ref_axis',(0.707106781186547,0.,0.707106781186548));
#10574=DIRECTION('center_axis',(0.,-1.,0.));
#10575=DIRECTION('ref_axis',(0.707106781186547,0.,0.707106781186548));
#10576=DIRECTION('',(0.,1.,-9.25185853854296E-16));
#10577=DIRECTION('center_axis',(0.,1.,0.));
#10578=DIRECTION('ref_axis',(0.707106781186547,0.,0.707106781186548));
#10579=DIRECTION('',(0.,-1.,9.25185853854296E-16));
#10580=DIRECTION('center_axis',(0.,-9.25185853854296E-16,-1.));
#10581=DIRECTION('ref_axis',(0.,-1.,9.25185853854296E-16));
#10582=DIRECTION('',(-1.,0.,0.));
#10583=DIRECTION('',(0.,-1.,9.25185853854296E-16));
#10584=DIRECTION('',(-1.,0.,0.));
#10585=DIRECTION('center_axis',(0.,-1.,9.25185853854296E-16));
#10586=DIRECTION('ref_axis',(-0.707106781186548,0.,0.707106781186548));
#10587=DIRECTION('center_axis',(0.,1.,0.));
#10588=DIRECTION('ref_axis',(-0.707106781186548,0.,0.707106781186548));
#10589=DIRECTION('center_axis',(0.,-1.,0.));
#10590=DIRECTION('ref_axis',(-0.707106781186548,0.,0.707106781186548));
#10591=DIRECTION('',(0.,1.,-9.25185853854296E-16));
#10592=DIRECTION('center_axis',(-1.,0.,0.));
#10593=DIRECTION('ref_axis',(0.,-1.,0.));
#10594=DIRECTION('',(0.,0.,1.));
#10595=DIRECTION('',(0.,-1.,0.));
#10596=DIRECTION('',(0.,0.,1.));
#10597=DIRECTION('center_axis',(1.,0.,0.));
#10598=DIRECTION('ref_axis',(0.,-0.707106781186545,-0.70710678118655));
#10599=DIRECTION('',(1.,0.,0.));
#10600=DIRECTION('center_axis',(0.,0.,1.));
#10601=DIRECTION('ref_axis',(1.,0.,0.));
#10602=DIRECTION('',(1.,0.,0.));
#10603=DIRECTION('center_axis',(0.,0.,1.));
#10604=DIRECTION('ref_axis',(0.,-1.,0.));
#10605=DIRECTION('center_axis',(0.,0.,1.));
#10606=DIRECTION('ref_axis',(0.,-1.,0.));
#10607=DIRECTION('',(1.,0.,0.));
#10608=DIRECTION('center_axis',(0.,0.,1.));
#10609=DIRECTION('ref_axis',(0.,-1.,0.));
#10610=DIRECTION('',(-1.,2.02587309650074E-16,0.));
#10611=DIRECTION('',(0.,-1.,0.));
#10612=DIRECTION('',(-1.,0.,0.));
#10613=DIRECTION('',(0.,1.,0.));
#10614=DIRECTION('',(-1.,0.,0.));
#10615=DIRECTION('',(0.,1.,0.));
#10616=DIRECTION('',(-1.,0.,0.));
#10617=DIRECTION('',(0.,1.,0.));
#10618=DIRECTION('',(-1.,0.,0.));
#10619=DIRECTION('',(0.,1.,0.));
#10620=DIRECTION('',(-1.,4.49952457094266E-15,0.));
#10621=DIRECTION('center_axis',(0.,0.,1.));
#10622=DIRECTION('ref_axis',(0.,1.,0.));
#10623=DIRECTION('',(0.,1.,0.));
#10624=DIRECTION('center_axis',(0.,0.,1.));
#10625=DIRECTION('ref_axis',(0.,1.,0.));
#10626=DIRECTION('',(1.,0.,0.));
#10627=DIRECTION('center_axis',(0.,0.,-1.));
#10628=DIRECTION('ref_axis',(1.,0.,0.));
#10629=DIRECTION('',(-0.624695047554424,-0.780868809443031,0.));
#10630=DIRECTION('center_axis',(0.,0.,-1.));
#10631=DIRECTION('ref_axis',(0.78086880944303,-0.624695047554425,0.));
#10632=DIRECTION('',(0.780868809443031,-0.624695047554424,0.));
#10633=DIRECTION('center_axis',(0.,0.,-1.));
#10634=DIRECTION('ref_axis',(0.624695047554425,0.78086880944303,0.));
#10635=DIRECTION('',(0.624695047554424,0.780868809443031,0.));
#10636=DIRECTION('center_axis',(0.,0.,-1.));
#10637=DIRECTION('ref_axis',(-0.78086880944303,0.624695047554425,0.));
#10638=DIRECTION('',(-0.780868809443031,0.624695047554424,0.));
#10639=DIRECTION('center_axis',(0.,0.,-1.));
#10640=DIRECTION('ref_axis',(-0.624695047554423,-0.780868809443032,0.));
#10641=DIRECTION('center_axis',(0.,0.,-1.));
#10642=DIRECTION('ref_axis',(0.,1.,0.));
#10643=DIRECTION('',(-1.,0.,0.));
#10644=DIRECTION('center_axis',(0.,0.,-1.));
#10645=DIRECTION('ref_axis',(0.,-1.,0.));
#10646=DIRECTION('',(1.,0.,0.));
#10647=DIRECTION('center_axis',(0.,0.,-1.));
#10648=DIRECTION('ref_axis',(-0.780868809443032,-0.624695047554422,0.));
#10649=DIRECTION('',(-0.780868809443031,-0.624695047554423,0.));
#10650=DIRECTION('center_axis',(0.,0.,-1.));
#10651=DIRECTION('ref_axis',(0.624695047554423,-0.780868809443031,0.));
#10652=DIRECTION('',(0.624695047554423,-0.780868809443031,0.));
#10653=DIRECTION('center_axis',(0.,0.,-1.));
#10654=DIRECTION('ref_axis',(0.780868809443033,0.624695047554421,0.));
#10655=DIRECTION('',(0.78086880944303,0.624695047554424,0.));
#10656=DIRECTION('center_axis',(0.,0.,-1.));
#10657=DIRECTION('ref_axis',(-0.624695047554421,0.780868809443033,0.));
#10658=DIRECTION('',(-0.624695047554424,0.780868809443031,0.));
#10659=DIRECTION('center_axis',(0.,0.,-1.));
#10660=DIRECTION('ref_axis',(1.,0.,0.));
#10661=DIRECTION('center_axis',(0.,1.,0.));
#10662=DIRECTION('ref_axis',(0.707106781186548,0.,-0.707106781186547));
#10663=DIRECTION('center_axis',(0.,-1.,0.));
#10664=DIRECTION('ref_axis',(0.707106781186548,0.,-0.707106781186547));
#10665=DIRECTION('',(0.,-1.,0.));
#10666=DIRECTION('center_axis',(4.49952457094266E-15,1.,0.));
#10667=DIRECTION('ref_axis',(0.707106781186548,0.,-0.707106781186547));
#10668=DIRECTION('center_axis',(-4.49952457094266E-15,-1.,0.));
#10669=DIRECTION('ref_axis',(1.,-4.49952457094266E-15,0.));
#10670=DIRECTION('',(0.,0.,1.));
#10671=DIRECTION('',(1.,-4.49952457094266E-15,0.));
#10672=DIRECTION('',(0.,0.,1.));
#10673=DIRECTION('center_axis',(1.,0.,0.));
#10674=DIRECTION('ref_axis',(0.,1.,0.));
#10675=DIRECTION('',(0.,0.,1.));
#10676=DIRECTION('center_axis',(-1.,0.,0.));
#10677=DIRECTION('ref_axis',(0.,0.707106781186547,0.707106781186547));
#10678=DIRECTION('',(0.,1.,0.));
#10679=DIRECTION('center_axis',(-1.,0.,0.));
#10680=DIRECTION('ref_axis',(-4.18691322315673E-15,-0.707106781186549,0.707106781186546));
#10681=DIRECTION('center_axis',(0.,1.,0.));
#10682=DIRECTION('ref_axis',(-1.,0.,0.));
#10683=DIRECTION('',(0.,0.,1.));
#10684=DIRECTION('',(-1.,0.,0.));
#10685=DIRECTION('center_axis',(1.,0.,0.));
#10686=DIRECTION('ref_axis',(0.,1.,0.));
#10687=DIRECTION('',(0.,-1.,0.));
#10688=DIRECTION('',(0.,0.,1.));
#10689=DIRECTION('',(0.,1.,0.));
#10690=DIRECTION('',(0.,0.,1.));
#10691=DIRECTION('center_axis',(-1.,0.,0.));
#10692=DIRECTION('ref_axis',(0.,0.707106781186548,-0.707106781186547));
#10693=DIRECTION('center_axis',(-1.,0.,0.));
#10694=DIRECTION('ref_axis',(0.,0.707106781186548,-0.707106781186547));
#10695=DIRECTION('',(1.,0.,0.));
#10696=DIRECTION('center_axis',(1.,0.,0.));
#10697=DIRECTION('ref_axis',(0.,0.707106781186548,-0.707106781186547));
#10698=DIRECTION('center_axis',(0.,1.,0.));
#10699=DIRECTION('ref_axis',(-1.,0.,0.));
#10700=DIRECTION('center_axis',(0.,-1.,0.));
#10701=DIRECTION('ref_axis',(0.707106781186547,0.,0.707106781186548));
#10702=DIRECTION('',(0.,0.,1.));
#10703=DIRECTION('',(1.,0.,0.));
#10704=DIRECTION('',(0.,0.,1.));
#10705=DIRECTION('center_axis',(0.,-1.,0.));
#10706=DIRECTION('ref_axis',(-0.707106781186548,0.,0.707106781186548));
#10707=DIRECTION('',(-1.,0.,0.));
#10708=DIRECTION('center_axis',(0.,0.,1.));
#10709=DIRECTION('ref_axis',(0.624695047554425,0.78086880944303,0.));
#10710=DIRECTION('',(0.,0.,1.));
#10711=DIRECTION('center_axis',(0.,0.,-1.));
#10712=DIRECTION('ref_axis',(0.624695047554425,0.78086880944303,0.));
#10713=DIRECTION('',(0.,0.,1.));
#10714=DIRECTION('center_axis',(-0.624695047554424,-0.780868809443031,0.));
#10715=DIRECTION('ref_axis',(0.780868809443031,-0.624695047554424,0.));
#10716=DIRECTION('',(0.,0.,1.));
#10717=DIRECTION('',(0.780868809443031,-0.624695047554424,0.));
#10718=DIRECTION('center_axis',(0.,0.,1.));
#10719=DIRECTION('ref_axis',(0.78086880944303,-0.624695047554425,0.));
#10720=DIRECTION('',(0.,0.,1.));
#10721=DIRECTION('center_axis',(0.,0.,-1.));
#10722=DIRECTION('ref_axis',(0.78086880944303,-0.624695047554425,0.));
#10723=DIRECTION('center_axis',(0.,0.,1.));
#10724=DIRECTION('ref_axis',(1.,0.,0.));
#10725=DIRECTION('',(0.,1.,0.));
#10726=DIRECTION('',(1.,0.,0.));
#10727=DIRECTION('center_axis',(0.,-1.,0.));
#10728=DIRECTION('ref_axis',(1.,0.,0.));
#10729=DIRECTION('center_axis',(0.,1.,0.));
#10730=DIRECTION('ref_axis',(0.707106781186547,0.,0.707106781186548));
#10731=DIRECTION('center_axis',(0.,1.,0.));
#10732=DIRECTION('ref_axis',(-0.707106781186548,0.,0.707106781186548));
#10733=DIRECTION('',(0.,0.,1.));
#10734=DIRECTION('',(-1.,0.,0.));
#10735=DIRECTION('',(0.,0.,1.));
#10736=DIRECTION('',(-1.,0.,0.));
#10737=DIRECTION('center_axis',(0.,1.,0.));
#10738=DIRECTION('ref_axis',(0.707106781186547,0.,0.707106781186548));
#10739=DIRECTION('center_axis',(1.,0.,0.));
#10740=DIRECTION('ref_axis',(0.,0.,-1.));
#10741=DIRECTION('',(0.,0.,1.));
#10742=DIRECTION('center_axis',(-0.624695047554423,0.780868809443031,0.));
#10743=DIRECTION('ref_axis',(-0.780868809443031,-0.624695047554423,0.));
#10744=DIRECTION('',(0.,0.,1.));
#10745=DIRECTION('',(-0.780868809443031,-0.624695047554423,0.));
#10746=DIRECTION('',(0.,0.,1.));
#10747=DIRECTION('center_axis',(0.,0.,1.));
#10748=DIRECTION('ref_axis',(0.624695047554423,-0.780868809443031,0.));
#10749=DIRECTION('center_axis',(0.,0.,-1.));
#10750=DIRECTION('ref_axis',(0.624695047554423,-0.780868809443031,0.));
#10751=DIRECTION('',(0.,0.,1.));
#10752=DIRECTION('center_axis',(0.780868809443031,-0.624695047554424,0.));
#10753=DIRECTION('ref_axis',(0.624695047554424,0.780868809443031,0.));
#10754=DIRECTION('',(0.624695047554424,0.780868809443031,0.));
#10755=DIRECTION('',(0.,0.,1.));
#10756=DIRECTION('center_axis',(0.,0.,1.));
#10757=DIRECTION('ref_axis',(-0.78086880944303,0.624695047554425,0.));
#10758=DIRECTION('center_axis',(0.,0.,-1.));
#10759=DIRECTION('ref_axis',(-0.78086880944303,0.624695047554425,0.));
#10760=DIRECTION('',(0.,0.,1.));
#10761=DIRECTION('center_axis',(0.624695047554424,0.780868809443031,0.));
#10762=DIRECTION('ref_axis',(-0.780868809443031,0.624695047554424,0.));
#10763=DIRECTION('',(-0.780868809443031,0.624695047554424,0.));
#10764=DIRECTION('',(0.,0.,1.));
#10765=DIRECTION('center_axis',(0.,0.,1.));
#10766=DIRECTION('ref_axis',(-0.624695047554423,-0.780868809443032,0.));
#10767=DIRECTION('center_axis',(0.,0.,-1.));
#10768=DIRECTION('ref_axis',(-0.624695047554423,-0.780868809443032,0.));
#10769=DIRECTION('',(0.,0.,1.));
#10770=DIRECTION('center_axis',(0.,1.,0.));
#10771=DIRECTION('ref_axis',(-1.,0.,0.));
#10772=DIRECTION('',(0.,0.,1.));
#10773=DIRECTION('',(-1.,0.,0.));
#10774=DIRECTION('',(0.,0.,1.));
#10775=DIRECTION('center_axis',(0.,0.,1.));
#10776=DIRECTION('ref_axis',(0.,-1.,0.));
#10777=DIRECTION('center_axis',(0.,0.,-1.));
#10778=DIRECTION('ref_axis',(0.,-1.,0.));
#10779=DIRECTION('',(0.,0.,1.));
#10780=DIRECTION('center_axis',(0.,-1.,0.));
#10781=DIRECTION('ref_axis',(1.,0.,0.));
#10782=DIRECTION('',(1.,0.,0.));
#10783=DIRECTION('',(0.,0.,1.));
#10784=DIRECTION('center_axis',(0.,0.,1.));
#10785=DIRECTION('ref_axis',(0.,1.,0.));
#10786=DIRECTION('center_axis',(0.,0.,-1.));
#10787=DIRECTION('ref_axis',(0.,1.,0.));
#10788=DIRECTION('center_axis',(1.,0.,0.));
#10789=DIRECTION('ref_axis',(0.,0.,-1.));
#10790=DIRECTION('center_axis',(-1.,0.,0.));
#10791=DIRECTION('ref_axis',(0.,0.707106781186548,-0.707106781186547));
#10792=DIRECTION('',(0.,0.,1.));
#10793=DIRECTION('center_axis',(-0.780868809443031,0.624695047554424,0.));
#10794=DIRECTION('ref_axis',(-0.624695047554424,-0.780868809443031,0.));
#10795=DIRECTION('',(-0.624695047554424,-0.780868809443031,0.));
#10796=DIRECTION('center_axis',(0.,1.,0.));
#10797=DIRECTION('ref_axis',(-1.,0.,0.));
#10798=DIRECTION('',(-1.,0.,0.));
#10799=DIRECTION('center_axis',(-1.,0.,0.));
#10800=DIRECTION('ref_axis',(0.,0.707106781186548,-0.707106781186547));
#10801=DIRECTION('center_axis',(1.,0.,0.));
#10802=DIRECTION('ref_axis',(0.,0.707106781186548,-0.707106781186547));
#10803=DIRECTION('center_axis',(1.,0.,0.));
#10804=DIRECTION('ref_axis',(0.,1.,0.));
#10805=DIRECTION('',(0.,1.,0.));
#10806=DIRECTION('center_axis',(0.,-1.,0.));
#10807=DIRECTION('ref_axis',(-0.707106781186548,0.,0.707106781186548));
#10808=DIRECTION('',(0.,-1.,0.));
#10809=DIRECTION('center_axis',(0.,0.,1.));
#10810=DIRECTION('ref_axis',(1.,0.,0.));
#10811=DIRECTION('center_axis',(0.,0.,-1.));
#10812=DIRECTION('ref_axis',(1.,0.,0.));
#10813=DIRECTION('',(0.,0.,-1.));
#10814=DIRECTION('center_axis',(0.780868809443031,0.624695047554424,0.));
#10815=DIRECTION('ref_axis',(-0.624695047554424,0.780868809443031,0.));
#10816=DIRECTION('',(0.,0.,1.));
#10817=DIRECTION('',(-0.624695047554424,0.780868809443031,0.));
#10818=DIRECTION('',(0.,0.,1.));
#10819=DIRECTION('center_axis',(0.,0.,1.));
#10820=DIRECTION('ref_axis',(-0.780868809443032,-0.624695047554422,0.));
#10821=DIRECTION('center_axis',(0.,0.,-1.));
#10822=DIRECTION('ref_axis',(-0.780868809443032,-0.624695047554422,0.));
#10823=DIRECTION('center_axis',(0.,0.,1.));
#10824=DIRECTION('ref_axis',(0.780868809443033,0.624695047554421,0.));
#10825=DIRECTION('',(0.,0.,1.));
#10826=DIRECTION('center_axis',(0.,0.,-1.));
#10827=DIRECTION('ref_axis',(0.780868809443033,0.624695047554421,0.));
#10828=DIRECTION('',(0.,0.,1.));
#10829=DIRECTION('center_axis',(0.624695047554424,-0.78086880944303,0.));
#10830=DIRECTION('ref_axis',(0.78086880944303,0.624695047554424,0.));
#10831=DIRECTION('',(0.78086880944303,0.624695047554424,0.));
#10832=DIRECTION('',(0.,0.,1.));
#10833=DIRECTION('center_axis',(0.,0.,1.));
#10834=DIRECTION('ref_axis',(-0.624695047554421,0.780868809443033,0.));
#10835=DIRECTION('center_axis',(0.,0.,-1.));
#10836=DIRECTION('ref_axis',(-0.624695047554421,0.780868809443033,0.));
#10837=DIRECTION('center_axis',(0.,1.,0.));
#10838=DIRECTION('ref_axis',(-1.,0.,0.));
#10839=DIRECTION('',(-1.,0.,0.));
#10840=DIRECTION('',(0.,0.,1.));
#10841=DIRECTION('center_axis',(0.,0.,1.));
#10842=DIRECTION('ref_axis',(0.,-1.,0.));
#10843=DIRECTION('center_axis',(0.,0.,-1.));
#10844=DIRECTION('ref_axis',(0.,-1.,0.));
#10845=DIRECTION('center_axis',(0.,0.,1.));
#10846=DIRECTION('ref_axis',(0.,-1.,0.));
#10847=DIRECTION('center_axis',(0.,0.,-1.));
#10848=DIRECTION('ref_axis',(0.,-1.,0.));
#10849=DIRECTION('',(0.,0.,1.));
#10850=DIRECTION('center_axis',(9.22610069532589E-16,-1.,0.));
#10851=DIRECTION('ref_axis',(1.,9.22610069532589E-16,0.));
#10852=DIRECTION('',(1.,9.22610069532589E-16,0.));
#10853=DIRECTION('center_axis',(0.,0.,1.));
#10854=DIRECTION('ref_axis',(0.,-1.,0.));
#10855=DIRECTION('center_axis',(0.,0.,-1.));
#10856=DIRECTION('ref_axis',(0.,-1.,0.));
#10857=DIRECTION('',(0.,0.,1.));
#10858=DIRECTION('center_axis',(-2.02587309650074E-16,-1.,0.));
#10859=DIRECTION('ref_axis',(1.,-2.02587309650074E-16,0.));
#10860=DIRECTION('',(1.,-2.02587309650074E-16,0.));
#10861=DIRECTION('',(0.,0.,1.));
#10862=DIRECTION('center_axis',(-1.,0.,0.));
#10863=DIRECTION('ref_axis',(0.,-1.,0.));
#10864=DIRECTION('',(0.,-1.,0.));
#10865=DIRECTION('center_axis',(-0.780868809443031,-0.624695047554423,0.));
#10866=DIRECTION('ref_axis',(0.624695047554423,-0.780868809443031,0.));
#10867=DIRECTION('',(0.624695047554423,-0.780868809443031,0.));
#10868=DIRECTION('center_axis',(1.,0.,0.));
#10869=DIRECTION('ref_axis',(0.,0.,-1.));
#10870=DIRECTION('',(0.,0.,1.));
#10871=DIRECTION('center_axis',(0.,1.,0.));
#10872=DIRECTION('ref_axis',(-1.,0.,0.));
#10873=DIRECTION('',(1.,0.,0.));
#10874=DIRECTION('center_axis',(-1.,0.,0.));
#10875=DIRECTION('ref_axis',(0.,0.707106781186547,0.707106781186547));
#10876=DIRECTION('center_axis',(1.,0.,0.));
#10877=DIRECTION('ref_axis',(0.,1.,0.));
#10878=DIRECTION('',(1.,0.,0.));
#10879=DIRECTION('center_axis',(0.,0.,-1.));
#10880=DIRECTION('ref_axis',(-1.,0.,0.));
#10881=DIRECTION('center_axis',(0.,0.,1.));
#10882=DIRECTION('ref_axis',(-0.107020722368528,-0.994256790262817,0.));
#10883=DIRECTION('center_axis',(0.,0.,-1.));
#10884=DIRECTION('ref_axis',(-0.107020722368528,-0.994256790262817,0.));
#10885=DIRECTION('center_axis',(0.,0.,-1.));
#10886=DIRECTION('ref_axis',(-1.,0.,0.));
#10887=DIRECTION('center_axis',(0.,0.,-1.));
#10888=DIRECTION('ref_axis',(-0.107020722368558,0.994256790262813,0.));
#10889=DIRECTION('center_axis',(-1.,0.,0.));
#10890=DIRECTION('ref_axis',(0.,-1.,0.));
#10891=DIRECTION('center_axis',(0.,0.,1.));
#10892=DIRECTION('ref_axis',(-0.107020722368558,0.994256790262813,0.));
#10893=DIRECTION('center_axis',(1.,-4.49952457094266E-15,0.));
#10894=DIRECTION('ref_axis',(-4.18691322315673E-15,-0.707106781186549,0.707106781186546));
#10895=DIRECTION('',(-1.,4.49952457094266E-15,0.));
#10896=DIRECTION('center_axis',(0.,0.,1.));
#10897=DIRECTION('ref_axis',(1.,0.,0.));
#10898=DIRECTION('',(-4.6516052511372E-15,-1.,0.));
#10899=DIRECTION('center_axis',(0.,0.,1.));
#10900=DIRECTION('ref_axis',(1.,0.,0.));
#10901=DIRECTION('center_axis',(0.,0.,-1.));
#10902=DIRECTION('ref_axis',(1.,0.,0.));
#10903=DIRECTION('',(0.,0.,-1.));
#10904=DIRECTION('center_axis',(1.,0.,0.));
#10905=DIRECTION('ref_axis',(0.,1.,0.));
#10906=DIRECTION('',(0.,0.,1.));
#10907=DIRECTION('',(0.,1.,0.));
#10908=DIRECTION('',(0.,0.,1.));
#10909=DIRECTION('center_axis',(-4.49952457094266E-15,-1.,0.));
#10910=DIRECTION('ref_axis',(1.,-4.49952457094266E-15,0.));
#10911=DIRECTION('',(1.,-4.49952457094266E-15,0.));
#10912=DIRECTION('',(0.,0.,1.));
#10913=DIRECTION('center_axis',(0.,1.,0.));
#10914=DIRECTION('ref_axis',(-1.,0.,0.));
#10915=DIRECTION('',(0.,0.,1.));
#10916=DIRECTION('',(-1.,0.,0.));
#10917=DIRECTION('center_axis',(0.,1.,0.));
#10918=DIRECTION('ref_axis',(-1.,0.,0.));
#10919=DIRECTION('',(-1.,0.,0.));
#10920=DIRECTION('center_axis',(0.,0.,1.));
#10921=DIRECTION('ref_axis',(1.,0.,0.));
#10922=DIRECTION('center_axis',(0.,0.,-1.));
#10923=DIRECTION('ref_axis',(0.,1.,0.));
#10924=DIRECTION('',(-4.6516052511372E-15,-1.,0.));
#10925=DIRECTION('center_axis',(0.,0.,-1.));
#10926=DIRECTION('ref_axis',(0.,1.,0.));
#10927=DIRECTION('center_axis',(-1.,4.6516052511372E-15,0.));
#10928=DIRECTION('ref_axis',(-4.6516052511372E-15,-1.,0.));
#10929=DIRECTION('',(0.,0.,1.));
#10930=DIRECTION('',(0.,0.,1.));
#10931=DIRECTION('center_axis',(0.,0.,1.));
#10932=DIRECTION('ref_axis',(0.,1.,0.));
#10933=DIRECTION('center_axis',(0.,0.,1.));
#10934=DIRECTION('ref_axis',(0.,1.,0.));
#10935=DIRECTION('center_axis',(0.,0.,-1.));
#10936=DIRECTION('ref_axis',(-1.,0.,0.));
#10937=DIRECTION('center_axis',(0.,0.,-1.));
#10938=DIRECTION('ref_axis',(-1.,0.,0.));
#10939=DIRECTION('',(0.,0.,-1.));
#10940=DIRECTION('center_axis',(0.,0.,1.));
#10941=DIRECTION('ref_axis',(-1.,0.,0.));
#10942=DIRECTION('center_axis',(0.,0.,-1.));
#10943=DIRECTION('ref_axis',(-1.,0.,0.));
#10944=DIRECTION('center_axis',(0.,0.,-1.));
#10945=DIRECTION('ref_axis',(-1.,0.,0.));
#10946=DIRECTION('',(0.,0.,-1.));
#10947=DIRECTION('center_axis',(0.,0.,1.));
#10948=DIRECTION('ref_axis',(-1.,0.,0.));
#10949=DIRECTION('center_axis',(0.,0.,-1.));
#10950=DIRECTION('ref_axis',(-1.,0.,0.));
#10951=DIRECTION('center_axis',(0.,0.,-1.));
#10952=DIRECTION('ref_axis',(-1.,0.,0.));
#10953=DIRECTION('',(0.,0.,-1.));
#10954=DIRECTION('center_axis',(0.,0.,1.));
#10955=DIRECTION('ref_axis',(-1.,0.,0.));
#10956=DIRECTION('center_axis',(0.,0.,-1.));
#10957=DIRECTION('ref_axis',(-1.,0.,0.));
#10958=DIRECTION('center_axis',(0.,0.,-1.));
#10959=DIRECTION('ref_axis',(-1.,0.,0.));
#10960=DIRECTION('',(0.,0.,-1.));
#10961=DIRECTION('center_axis',(0.,0.,1.));
#10962=DIRECTION('ref_axis',(-1.,0.,0.));
#10963=DIRECTION('center_axis',(0.,0.,-1.));
#10964=DIRECTION('ref_axis',(-1.,0.,0.));
#10965=DIRECTION('center_axis',(0.,0.,-1.));
#10966=DIRECTION('ref_axis',(-1.,0.,0.));
#10967=DIRECTION('',(0.,0.,-1.));
#10968=DIRECTION('center_axis',(0.,0.,1.));
#10969=DIRECTION('ref_axis',(-1.,0.,0.));
#10970=DIRECTION('center_axis',(0.,0.,-1.));
#10971=DIRECTION('ref_axis',(-1.,0.,0.));
#10972=DIRECTION('center_axis',(0.,0.,-1.));
#10973=DIRECTION('ref_axis',(-1.,0.,0.));
#10974=DIRECTION('',(0.,0.,-1.));
#10975=DIRECTION('center_axis',(0.,0.,1.));
#10976=DIRECTION('ref_axis',(-1.,0.,0.));
#10977=DIRECTION('center_axis',(0.948683298050514,-0.316227766016838,-7.0216669371534E-15));
#10978=DIRECTION('ref_axis',(0.316227766016838,0.948683298050514,0.));
#10979=DIRECTION('center_axis',(-0.316227766016832,0.948683298050516,0.));
#10980=DIRECTION('ref_axis',(0.948683298050516,0.316227766016832,0.));
#10981=DIRECTION('center_axis',(0.,0.,1.));
#10982=DIRECTION('ref_axis',(1.,0.,0.));
#10983=DIRECTION('center_axis',(-3.67448104432096E-16,1.,0.));
#10984=DIRECTION('ref_axis',(0.707106781186551,0.,0.707106781186544));
#10985=DIRECTION('',(3.67448104432096E-16,-1.,0.));
#10986=DIRECTION('center_axis',(0.,1.,0.));
#10987=DIRECTION('ref_axis',(0.707106781186551,0.,0.707106781186544));
#10988=DIRECTION('',(-3.67448104432096E-16,1.,0.));
#10989=DIRECTION('center_axis',(-1.,0.,0.));
#10990=DIRECTION('ref_axis',(0.,0.707106781186546,0.707106781186549));
#10991=DIRECTION('',(-1.,0.,0.));
#10992=DIRECTION('center_axis',(-1.,0.,0.));
#10993=DIRECTION('ref_axis',(0.,0.707106781186546,0.707106781186549));
#10994=DIRECTION('',(1.,0.,0.));
#10995=DIRECTION('center_axis',(0.,0.,1.));
#10996=DIRECTION('ref_axis',(-1.,0.,0.));
#10997=DIRECTION('',(0.,1.,0.));
#10998=DIRECTION('',(1.,-4.71003707416733E-15,0.));
#10999=DIRECTION('center_axis',(0.,0.,-1.));
#11000=DIRECTION('ref_axis',(0.70710678118654,-0.707106781186555,0.));
#11001=DIRECTION('',(0.,1.,0.));
#11002=DIRECTION('center_axis',(0.,0.,-1.));
#11003=DIRECTION('ref_axis',(0.70710678118654,0.707106781186555,0.));
#11004=DIRECTION('',(-1.,0.,0.));
#11005=DIRECTION('center_axis',(0.,0.,-1.));
#11006=DIRECTION('ref_axis',(-0.707106781186548,0.707106781186548,0.));
#11007=DIRECTION('',(0.,-1.,0.));
#11008=DIRECTION('',(-1.,0.,0.));
#11009=DIRECTION('',(0.,1.,0.));
#11010=DIRECTION('center_axis',(0.,0.,-1.));
#11011=DIRECTION('ref_axis',(0.707106781186548,0.707106781186548,0.));
#11012=DIRECTION('',(-1.,0.,0.));
#11013=DIRECTION('center_axis',(0.,0.,-1.));
#11014=DIRECTION('ref_axis',(-0.707106781186548,0.707106781186548,0.));
#11015=DIRECTION('',(0.,-1.,0.));
#11016=DIRECTION('',(-1.,0.,0.));
#11017=DIRECTION('',(7.47881779935883E-5,-0.999999997203364,0.));
#11018=DIRECTION('center_axis',(0.,0.,-1.));
#11019=DIRECTION('ref_axis',(-0.707080339078245,-0.70713322230609,0.));
#11020=DIRECTION('',(1.,0.,0.));
#11021=DIRECTION('',(1.39790524658391E-16,-1.,0.));
#11022=DIRECTION('',(-1.,3.70074341541719E-15,0.));
#11023=DIRECTION('center_axis',(0.,0.,-1.));
#11024=DIRECTION('ref_axis',(-0.707106781186548,0.707106781186548,0.));
#11025=DIRECTION('',(0.,-1.,0.));
#11026=DIRECTION('',(1.,0.,0.));
#11027=DIRECTION('center_axis',(0.,0.,-1.));
#11028=DIRECTION('ref_axis',(-1.,0.,0.));
#11029=DIRECTION('center_axis',(0.,0.,-1.));
#11030=DIRECTION('ref_axis',(0.,1.,0.));
#11031=DIRECTION('',(1.,0.,0.));
#11032=DIRECTION('center_axis',(0.,0.,-1.));
#11033=DIRECTION('ref_axis',(0.,-1.,0.));
#11034=DIRECTION('',(-1.,3.74131612069687E-16,0.));
#11035=DIRECTION('center_axis',(0.,0.,-1.));
#11036=DIRECTION('ref_axis',(-0.624695047554423,-0.780868809443032,0.));
#11037=DIRECTION('',(-0.780868809443031,0.624695047554424,0.));
#11038=DIRECTION('center_axis',(0.,0.,-1.));
#11039=DIRECTION('ref_axis',(-0.78086880944303,0.624695047554425,0.));
#11040=DIRECTION('',(0.624695047554424,0.780868809443031,0.));
#11041=DIRECTION('center_axis',(0.,0.,-1.));
#11042=DIRECTION('ref_axis',(0.624695047554424,0.78086880944303,0.));
#11043=DIRECTION('',(0.780868809443031,-0.624695047554424,0.));
#11044=DIRECTION('center_axis',(0.,0.,-1.));
#11045=DIRECTION('ref_axis',(0.780868809443029,-0.624695047554425,0.));
#11046=DIRECTION('',(-0.624695047554424,-0.780868809443031,0.));
#11047=DIRECTION('center_axis',(0.,0.,-1.));
#11048=DIRECTION('ref_axis',(-1.,0.,0.));
#11049=DIRECTION('center_axis',(0.,0.,-1.));
#11050=DIRECTION('ref_axis',(0.780868809443035,0.624695047554418,0.));
#11051=DIRECTION('',(0.624695047554424,-0.780868809443031,0.));
#11052=DIRECTION('center_axis',(0.,0.,-1.));
#11053=DIRECTION('ref_axis',(0.624695047554422,-0.780868809443032,0.));
#11054=DIRECTION('',(-0.780868809443031,-0.624695047554424,0.));
#11055=DIRECTION('center_axis',(0.,0.,-1.));
#11056=DIRECTION('ref_axis',(-0.780868809443034,-0.62469504755442,0.));
#11057=DIRECTION('',(-0.624695047554424,0.780868809443031,0.));
#11058=DIRECTION('center_axis',(0.,0.,-1.));
#11059=DIRECTION('ref_axis',(-0.624695047554421,0.780868809443033,0.));
#11060=DIRECTION('',(0.78086880944303,0.624695047554424,0.));
#11061=DIRECTION('center_axis',(0.,0.,1.));
#11062=DIRECTION('ref_axis',(0.707106781186548,0.707106781186548,0.));
#11063=DIRECTION('',(0.,0.,-1.));
#11064=DIRECTION('center_axis',(0.,0.,1.));
#11065=DIRECTION('ref_axis',(0.707106781186548,0.707106781186548,0.));
#11066=DIRECTION('',(0.,0.,1.));
#11067=DIRECTION('center_axis',(0.,1.,0.));
#11068=DIRECTION('ref_axis',(-1.,0.,0.));
#11069=DIRECTION('',(-1.,0.,0.));
#11070=DIRECTION('',(0.,0.,1.));
#11071=DIRECTION('center_axis',(0.,0.,1.));
#11072=DIRECTION('ref_axis',(-1.,0.,0.));
#11073=DIRECTION('',(-3.67448104432096E-16,1.,0.));
#11074=DIRECTION('',(1.,0.,0.));
#11075=DIRECTION('',(0.,-1.,0.));
#11076=DIRECTION('center_axis',(0.,0.,1.));
#11077=DIRECTION('ref_axis',(-0.707106781186548,0.707106781186548,0.));
#11078=DIRECTION('',(-1.,3.70074341541719E-15,0.));
#11079=DIRECTION('',(1.39790524658391E-16,-1.,0.));
#11080=DIRECTION('',(1.,0.,0.));
#11081=DIRECTION('center_axis',(0.,0.,1.));
#11082=DIRECTION('ref_axis',(-0.707080339078245,-0.70713322230609,0.));
#11083=DIRECTION('',(7.47881779935883E-5,-0.999999997203364,0.));
#11084=DIRECTION('',(-1.,0.,0.));
#11085=DIRECTION('',(0.,-1.,0.));
#11086=DIRECTION('center_axis',(0.,0.,1.));
#11087=DIRECTION('ref_axis',(-0.707106781186548,0.707106781186548,0.));
#11088=DIRECTION('',(-1.,0.,0.));
#11089=DIRECTION('center_axis',(0.,0.,1.));
#11090=DIRECTION('ref_axis',(0.707106781186548,0.707106781186548,0.));
#11091=DIRECTION('',(0.,-1.,0.));
#11092=DIRECTION('',(-1.,0.,0.));
#11093=DIRECTION('',(0.,-1.,0.));
#11094=DIRECTION('center_axis',(0.,0.,1.));
#11095=DIRECTION('ref_axis',(-0.707106781186548,0.707106781186548,0.));
#11096=DIRECTION('',(-1.,0.,0.));
#11097=DIRECTION('center_axis',(0.,0.,1.));
#11098=DIRECTION('ref_axis',(0.70710678118654,0.707106781186555,0.));
#11099=DIRECTION('',(0.,1.,0.));
#11100=DIRECTION('center_axis',(0.,0.,1.));
#11101=DIRECTION('ref_axis',(0.70710678118654,-0.707106781186555,0.));
#11102=DIRECTION('',(1.,-4.71003707416733E-15,0.));
#11103=DIRECTION('',(0.,1.,0.));
#11104=DIRECTION('center_axis',(0.,0.,-1.));
#11105=DIRECTION('ref_axis',(0.780868809443035,0.624695047554418,0.));
#11106=DIRECTION('',(0.78086880944303,0.624695047554424,0.));
#11107=DIRECTION('center_axis',(0.,0.,-1.));
#11108=DIRECTION('ref_axis',(-0.624695047554421,0.780868809443033,0.));
#11109=DIRECTION('',(-0.624695047554424,0.780868809443031,0.));
#11110=DIRECTION('center_axis',(0.,0.,-1.));
#11111=DIRECTION('ref_axis',(-0.780868809443034,-0.62469504755442,0.));
#11112=DIRECTION('',(-0.780868809443031,-0.624695047554424,0.));
#11113=DIRECTION('center_axis',(0.,0.,-1.));
#11114=DIRECTION('ref_axis',(0.624695047554422,-0.780868809443032,0.));
#11115=DIRECTION('',(0.624695047554424,-0.780868809443031,0.));
#11116=DIRECTION('center_axis',(0.,0.,-1.));
#11117=DIRECTION('ref_axis',(-1.,0.,0.));
#11118=DIRECTION('center_axis',(0.,0.,-1.));
#11119=DIRECTION('ref_axis',(-0.624695047554423,-0.780868809443032,0.));
#11120=DIRECTION('',(-0.624695047554424,-0.780868809443031,0.));
#11121=DIRECTION('center_axis',(0.,0.,-1.));
#11122=DIRECTION('ref_axis',(0.780868809443029,-0.624695047554425,0.));
#11123=DIRECTION('',(0.780868809443031,-0.624695047554424,0.));
#11124=DIRECTION('center_axis',(0.,0.,-1.));
#11125=DIRECTION('ref_axis',(0.624695047554424,0.78086880944303,0.));
#11126=DIRECTION('',(0.624695047554424,0.780868809443031,0.));
#11127=DIRECTION('center_axis',(0.,0.,-1.));
#11128=DIRECTION('ref_axis',(-0.78086880944303,0.624695047554425,0.));
#11129=DIRECTION('',(-0.780868809443031,0.624695047554424,0.));
#11130=DIRECTION('center_axis',(0.,0.,-1.));
#11131=DIRECTION('ref_axis',(0.,1.,0.));
#11132=DIRECTION('',(-1.,3.74131612069687E-16,0.));
#11133=DIRECTION('center_axis',(0.,0.,-1.));
#11134=DIRECTION('ref_axis',(0.,-1.,0.));
#11135=DIRECTION('',(1.,0.,0.));
#11136=DIRECTION('center_axis',(0.,0.,-1.));
#11137=DIRECTION('ref_axis',(-1.,0.,0.));
#11138=DIRECTION('center_axis',(0.,0.,1.));
#11139=DIRECTION('ref_axis',(-0.707106781186548,0.707106781186548,0.));
#11140=DIRECTION('',(0.,0.,-1.));
#11141=DIRECTION('',(0.,0.,1.));
#11142=DIRECTION('center_axis',(-1.,0.,0.));
#11143=DIRECTION('ref_axis',(0.,-1.,0.));
#11144=DIRECTION('',(0.,0.,1.));
#11145=DIRECTION('center_axis',(0.,0.,1.));
#11146=DIRECTION('ref_axis',(-0.707080339078245,-0.70713322230609,0.));
#11147=DIRECTION('',(0.,0.,-1.));
#11148=DIRECTION('',(0.,0.,1.));
#11149=DIRECTION('center_axis',(0.,-1.,0.));
#11150=DIRECTION('ref_axis',(1.,0.,0.));
#11151=DIRECTION('',(0.,0.,1.));
#11152=DIRECTION('center_axis',(0.,0.,1.));
#11153=DIRECTION('ref_axis',(-0.707106781186548,0.707106781186548,0.));
#11154=DIRECTION('',(0.,0.,-1.));
#11155=DIRECTION('',(0.,0.,1.));
#11156=DIRECTION('center_axis',(0.,1.,0.));
#11157=DIRECTION('ref_axis',(-1.,0.,0.));
#11158=DIRECTION('',(0.,0.,1.));
#11159=DIRECTION('center_axis',(0.,0.,1.));
#11160=DIRECTION('ref_axis',(0.707106781186548,0.707106781186548,0.));
#11161=DIRECTION('',(0.,0.,-1.));
#11162=DIRECTION('center_axis',(0.,0.,1.));
#11163=DIRECTION('ref_axis',(-0.707106781186548,0.707106781186548,0.));
#11164=DIRECTION('',(0.,0.,-1.));
#11165=DIRECTION('',(0.,0.,1.));
#11166=DIRECTION('center_axis',(0.,1.,0.));
#11167=DIRECTION('ref_axis',(-1.,0.,0.));
#11168=DIRECTION('',(0.,0.,1.));
#11169=DIRECTION('center_axis',(0.,0.,1.));
#11170=DIRECTION('ref_axis',(0.70710678118654,0.707106781186555,0.));
#11171=DIRECTION('',(0.,0.,-1.));
#11172=DIRECTION('center_axis',(0.,0.,1.));
#11173=DIRECTION('ref_axis',(0.70710678118654,-0.707106781186555,0.));
#11174=DIRECTION('',(0.,0.,-1.));
#11175=DIRECTION('',(0.,0.,1.));
#11176=DIRECTION('center_axis',(-4.71003707416733E-15,-1.,0.));
#11177=DIRECTION('ref_axis',(1.,-4.71003707416733E-15,0.));
#11178=DIRECTION('',(0.,0.,1.));
#11179=DIRECTION('center_axis',(0.,0.,1.));
#11180=DIRECTION('ref_axis',(-1.,0.,0.));
#11181=DIRECTION('',(0.,0.,-1.));
#11182=DIRECTION('center_axis',(3.74131612069687E-16,1.,0.));
#11183=DIRECTION('ref_axis',(-1.,3.74131612069687E-16,0.));
#11184=DIRECTION('',(0.,0.,1.));
#11185=DIRECTION('',(0.,0.,1.));
#11186=DIRECTION('center_axis',(0.,0.,1.));
#11187=DIRECTION('ref_axis',(0.,-1.,0.));
#11188=DIRECTION('',(0.,0.,1.));
#11189=DIRECTION('center_axis',(0.,-1.,0.));
#11190=DIRECTION('ref_axis',(1.,0.,0.));
#11191=DIRECTION('',(0.,0.,1.));
#11192=DIRECTION('center_axis',(0.,0.,1.));
#11193=DIRECTION('ref_axis',(0.,1.,0.));
#11194=DIRECTION('center_axis',(-0.780868809443031,0.624695047554424,0.));
#11195=DIRECTION('ref_axis',(-0.624695047554424,-0.780868809443031,0.));
#11196=DIRECTION('',(0.,0.,1.));
#11197=DIRECTION('',(0.,0.,1.));
#11198=DIRECTION('center_axis',(0.,0.,1.));
#11199=DIRECTION('ref_axis',(0.780868809443029,-0.624695047554425,0.));
#11200=DIRECTION('',(0.,0.,1.));
#11201=DIRECTION('center_axis',(-0.624695047554424,-0.780868809443031,0.));
#11202=DIRECTION('ref_axis',(0.780868809443031,-0.624695047554424,0.));
#11203=DIRECTION('',(0.,0.,1.));
#11204=DIRECTION('center_axis',(0.,0.,1.));
#11205=DIRECTION('ref_axis',(0.624695047554424,0.78086880944303,0.));
#11206=DIRECTION('',(0.,0.,1.));
#11207=DIRECTION('center_axis',(0.780868809443031,-0.624695047554424,0.));
#11208=DIRECTION('ref_axis',(0.624695047554424,0.780868809443031,0.));
#11209=DIRECTION('',(0.,0.,1.));
#11210=DIRECTION('center_axis',(0.,0.,1.));
#11211=DIRECTION('ref_axis',(-0.78086880944303,0.624695047554425,0.));
#11212=DIRECTION('',(0.,0.,1.));
#11213=DIRECTION('center_axis',(0.624695047554424,0.780868809443031,0.));
#11214=DIRECTION('ref_axis',(-0.780868809443031,0.624695047554424,0.));
#11215=DIRECTION('',(0.,0.,1.));
#11216=DIRECTION('center_axis',(0.,0.,1.));
#11217=DIRECTION('ref_axis',(-0.624695047554423,-0.780868809443032,0.));
#11218=DIRECTION('center_axis',(0.,0.,1.));
#11219=DIRECTION('ref_axis',(-1.,0.,0.));
#11220=DIRECTION('',(0.,0.,-1.));
#11221=DIRECTION('center_axis',(0.624695047554424,-0.78086880944303,0.));
#11222=DIRECTION('ref_axis',(0.78086880944303,0.624695047554424,0.));
#11223=DIRECTION('',(0.,0.,1.));
#11224=DIRECTION('',(0.,0.,1.));
#11225=DIRECTION('center_axis',(0.,0.,1.));
#11226=DIRECTION('ref_axis',(-0.624695047554421,0.780868809443033,0.));
#11227=DIRECTION('',(0.,0.,1.));
#11228=DIRECTION('center_axis',(0.780868809443031,0.624695047554424,0.));
#11229=DIRECTION('ref_axis',(-0.624695047554424,0.780868809443031,0.));
#11230=DIRECTION('',(0.,0.,1.));
#11231=DIRECTION('center_axis',(0.,0.,1.));
#11232=DIRECTION('ref_axis',(-0.780868809443034,-0.62469504755442,0.));
#11233=DIRECTION('',(0.,0.,1.));
#11234=DIRECTION('center_axis',(-0.624695047554424,0.780868809443031,0.));
#11235=DIRECTION('ref_axis',(-0.780868809443031,-0.624695047554424,0.));
#11236=DIRECTION('',(0.,0.,1.));
#11237=DIRECTION('center_axis',(0.,0.,1.));
#11238=DIRECTION('ref_axis',(0.624695047554422,-0.780868809443032,0.));
#11239=DIRECTION('',(0.,0.,1.));
#11240=DIRECTION('center_axis',(-0.780868809443031,-0.624695047554424,0.));
#11241=DIRECTION('ref_axis',(0.624695047554424,-0.780868809443031,0.));
#11242=DIRECTION('',(0.,0.,1.));
#11243=DIRECTION('center_axis',(0.,0.,1.));
#11244=DIRECTION('ref_axis',(0.780868809443035,0.624695047554418,0.));
#11245=DIRECTION('center_axis',(1.,0.,0.));
#11246=DIRECTION('ref_axis',(0.,1.,0.));
#11247=DIRECTION('',(0.,0.,1.));
#11248=DIRECTION('center_axis',(0.,1.,0.));
#11249=DIRECTION('ref_axis',(-1.,0.,0.));
#11250=DIRECTION('',(0.,0.,1.));
#11251=DIRECTION('center_axis',(-1.,0.,0.));
#11252=DIRECTION('ref_axis',(0.,-1.,0.));
#11253=DIRECTION('center_axis',(1.,0.,0.));
#11254=DIRECTION('ref_axis',(0.,1.,0.));
#11255=DIRECTION('center_axis',(1.,0.,0.));
#11256=DIRECTION('ref_axis',(0.,1.,0.));
#11257=DIRECTION('center_axis',(1.,3.67448104432096E-16,0.));
#11258=DIRECTION('ref_axis',(-3.67448104432096E-16,1.,0.));
#11259=DIRECTION('',(0.,0.,1.));
#11260=DIRECTION('center_axis',(0.,-1.,0.));
#11261=DIRECTION('ref_axis',(1.,0.,0.));
#11262=DIRECTION('center_axis',(3.70074341541719E-15,1.,0.));
#11263=DIRECTION('ref_axis',(-1.,3.70074341541719E-15,0.));
#11264=DIRECTION('',(0.,0.,1.));
#11265=DIRECTION('center_axis',(-1.,-1.39790524658391E-16,0.));
#11266=DIRECTION('ref_axis',(1.39790524658391E-16,-1.,0.));
#11267=DIRECTION('center_axis',(-0.999999997203364,-7.47881779935883E-5,
0.));
#11268=DIRECTION('ref_axis',(7.47881779935883E-5,-0.999999997203364,0.));
#11269=DIRECTION('',(0.,0.,1.));
#11270=DIRECTION('center_axis',(0.,1.,0.));
#11271=DIRECTION('ref_axis',(-1.,0.,0.));
#11272=DIRECTION('',(0.,0.,1.));
#11273=DIRECTION('center_axis',(-1.,0.,0.));
#11274=DIRECTION('ref_axis',(0.,-1.,0.));
#11275=DIRECTION('center_axis',(-0.000811828910622172,0.999999670466856,
4.76826950660823E-16));
#11276=DIRECTION('ref_axis',(-0.142492198388663,-0.00011567932431067,0.989795918367347));
#11277=DIRECTION('center_axis',(0.,0.,-1.));
#11278=DIRECTION('ref_axis',(-1.,0.,0.));
#11279=DIRECTION('center_axis',(0.,4.67462326157961E-15,-1.));
#11280=DIRECTION('ref_axis',(-1.,1.42964883392854E-44,0.));
#11281=DIRECTION('center_axis',(3.05831882898183E-30,-4.82070523850397E-15,
1.));
#11282=DIRECTION('ref_axis',(-1.,0.,3.05831882898183E-30));
#11283=DIRECTION('',(0.,-4.67462326157961E-15,1.));
#11284=DIRECTION('center_axis',(-3.05831882898183E-30,4.82070523850397E-15,
-1.));
#11285=DIRECTION('ref_axis',(-1.,0.,3.05831882898183E-30));
#11286=DIRECTION('center_axis',(3.05831882898183E-30,-4.82070523850397E-15,
1.));
#11287=DIRECTION('ref_axis',(-1.,0.,3.05831882898183E-30));
#11288=DIRECTION('center_axis',(3.05831882898183E-30,-4.82070523850397E-15,
1.));
#11289=DIRECTION('ref_axis',(-1.,1.50907376914679E-44,0.));
#11290=DIRECTION('center_axis',(0.,4.93432455388958E-15,-1.));
#11291=DIRECTION('ref_axis',(-1.,1.50907376914679E-44,0.));
#11292=DIRECTION('',(0.,4.93432455388958E-15,-1.));
#11293=DIRECTION('center_axis',(6.95072461132235E-31,-1.09561482693272E-15,
1.));
#11294=DIRECTION('ref_axis',(-1.,1.50907376914679E-44,0.));
#11295=DIRECTION('center_axis',(-0.707106781186547,7.85046229341887E-16,
-0.707106781186548));
#11296=DIRECTION('ref_axis',(-0.707106781186548,0.,0.707106781186547));
#11297=DIRECTION('',(-0.707106781186548,-1.12149461334555E-15,0.707106781186547));
#11298=DIRECTION('',(0.,-1.,-1.09561482693272E-15));
#11299=DIRECTION('',(0.707106781186548,1.10280303645645E-15,-0.707106781186547));
#11300=DIRECTION('',(0.,-1.,-1.11022302462516E-15));
#11301=DIRECTION('center_axis',(0.,1.11022302462516E-15,-1.));
#11302=DIRECTION('ref_axis',(-5.68118241448256E-16,1.,1.11022302462516E-15));
#11303=DIRECTION('',(-1.,0.,0.));
#11304=DIRECTION('',(-5.68118241448256E-16,1.,0.));
#11305=DIRECTION('',(-1.,0.,0.));
#11306=DIRECTION('center_axis',(-6.34413156928661E-16,1.,9.25185853854288E-16));
#11307=DIRECTION('ref_axis',(-5.25614960304501E-31,9.25185853854288E-16,
-1.));
#11308=DIRECTION('',(-1.,-6.34413156928661E-16,0.));
#11309=DIRECTION('',(-5.86950078289437E-31,9.25185853854288E-16,-1.));
#11310=DIRECTION('',(-1.,-6.34413156928661E-16,0.));
#11311=DIRECTION('',(-0.707106781186548,2.05607345780011E-16,-0.707106781186548));
#11312=DIRECTION('',(5.25614960304501E-31,-9.25185853854288E-16,1.));
#11313=DIRECTION('center_axis',(0.,1.,0.));
#11314=DIRECTION('ref_axis',(-0.707106781186547,-3.27539314645314E-16,-0.707106781186547));
#11315=DIRECTION('center_axis',(-0.707106781186547,0.,-0.707106781186548));
#11316=DIRECTION('ref_axis',(-0.707106781186548,0.,0.707106781186547));
#11317=DIRECTION('',(-0.707106781186548,-3.14018491736755E-15,0.707106781186547));
#11318=DIRECTION('',(0.,-1.,-1.09561482693272E-15));
#11319=DIRECTION('',(0.707106781186548,0.,-0.707106781186547));
#11320=DIRECTION('',(0.,-1.,0.));
#11321=DIRECTION('center_axis',(0.,0.,-1.));
#11322=DIRECTION('ref_axis',(-5.68118241448256E-16,1.,0.));
#11323=DIRECTION('',(-1.,0.,0.));
#11324=DIRECTION('',(-5.68118241448256E-16,1.,0.));
#11325=DIRECTION('',(-1.,0.,0.));
#11326=DIRECTION('',(-5.68118241448256E-16,1.,0.));
#11327=DIRECTION('',(-1.,0.,0.));
#11328=DIRECTION('center_axis',(0.,1.,0.));
#11329=DIRECTION('ref_axis',(0.,0.,1.));
#11330=DIRECTION('',(-1.,0.,6.95072461132235E-31));
#11331=DIRECTION('',(0.,0.,1.));
#11332=DIRECTION('center_axis',(0.,1.,0.));
#11333=DIRECTION('ref_axis',(-0.707106781186547,-3.27539314645314E-16,-0.707106781186547));
#11334=DIRECTION('center_axis',(-0.707106781186547,-7.85046229341887E-16,
0.707106781186548));
#11335=DIRECTION('ref_axis',(0.707106781186548,0.,0.707106781186547));
#11336=DIRECTION('',(-0.707106781186548,3.14018491736756E-15,-0.707106781186547));
#11337=DIRECTION('',(0.,1.,4.82070523850397E-15));
#11338=DIRECTION('',(0.707106781186548,-3.14018491736755E-15,0.707106781186547));
#11339=DIRECTION('',(0.,1.,1.11022302462516E-15));
#11340=DIRECTION('',(5.68118241448256E-16,-1.,-1.11022302462516E-15));
#11341=DIRECTION('center_axis',(0.,1.,4.44089209850063E-15));
#11342=DIRECTION('ref_axis',(-2.52295180946163E-30,4.44089209850063E-15,
-1.));
#11343=DIRECTION('',(2.52295180946163E-30,-4.44089209850063E-15,1.));
#11344=DIRECTION('',(1.,1.35816639223211E-44,-3.05831882898183E-30));
#11345=DIRECTION('center_axis',(-0.707106781186548,-1.57009245868377E-15,
0.707106781186548));
#11346=DIRECTION('ref_axis',(0.707106781186548,0.,0.707106781186548));
#11347=DIRECTION('',(-1.11022302462516E-15,1.,4.82070523850397E-15));
#11348=DIRECTION('',(0.707106781186548,-2.35513868802566E-15,0.707106781186548));
#11349=DIRECTION('',(5.68118241448256E-16,-1.,-1.11022302462516E-15));
#11350=DIRECTION('center_axis',(1.11022302462516E-15,-1.,-4.44089209850062E-15));
#11351=DIRECTION('ref_axis',(2.52295180946163E-30,-4.44089209850062E-15,
1.));
#11352=DIRECTION('',(-1.,-1.11022302462516E-15,-2.29373912173638E-30));
#11353=DIRECTION('',(-2.52295180946163E-30,4.44089209850062E-15,-1.));
#11354=DIRECTION('center_axis',(-1.,-5.68118241448256E-16,0.));
#11355=DIRECTION('ref_axis',(5.68118241448256E-16,-1.,0.));
#11356=DIRECTION('',(-5.68118241448256E-16,1.,1.09561482693272E-15));
#11357=DIRECTION('',(-9.01054217664868E-31,1.58603289232165E-15,-1.));
#11358=DIRECTION('',(-5.68118241448256E-16,1.,0.));
#11359=DIRECTION('center_axis',(-6.95072461132235E-31,1.09561482693272E-15,
-1.));
#11360=DIRECTION('ref_axis',(5.68118241448256E-16,-1.,-1.09561482693272E-15));
#11361=DIRECTION('',(-1.,-6.34413156928661E-16,0.));
#11362=DIRECTION('center_axis',(6.95072461132235E-31,-1.09561482693272E-15,
1.));
#11363=DIRECTION('ref_axis',(-0.707106781186548,-0.707106781186548,-3.30545780775532E-15));
#11364=DIRECTION('',(1.,1.10240778590269E-45,-6.95072461132235E-31));
#11365=DIRECTION('center_axis',(-1.,-5.68118241448256E-16,0.));
#11366=DIRECTION('ref_axis',(5.68118241448256E-16,-1.,0.));
#11367=DIRECTION('',(5.68118241448256E-16,-1.,-4.82070523850397E-15));
#11368=DIRECTION('',(0.,0.,-1.));
#11369=DIRECTION('center_axis',(1.,5.68118241448256E-16,0.));
#11370=DIRECTION('ref_axis',(4.01720261043841E-16,-0.707106781186553,0.707106781186542));
#11371=DIRECTION('',(5.68118241448256E-16,-1.,0.));
#11372=DIRECTION('',(0.,0.,-1.));
#11373=DIRECTION('center_axis',(1.,5.68118241448256E-16,0.));
#11374=DIRECTION('ref_axis',(4.01720261043838E-16,-0.707106781186547,0.707106781186548));
#11375=DIRECTION('',(5.68118241448256E-16,-1.,0.));
#11376=DIRECTION('center_axis',(1.,5.68118241448256E-16,0.));
#11377=DIRECTION('ref_axis',(-4.0172026104384E-16,0.707106781186551,0.707106781186544));
#11378=DIRECTION('',(5.68118241448256E-16,-1.,0.));
#11379=DIRECTION('',(0.,0.,1.));
#11380=DIRECTION('',(5.68118241448256E-16,-1.,0.));
#11381=DIRECTION('center_axis',(1.,5.68118241448256E-16,0.));
#11382=DIRECTION('ref_axis',(-4.01720261043837E-16,0.707106781186545,-0.70710678118655));
#11383=DIRECTION('',(-5.68118241448256E-16,1.,0.));
#11384=DIRECTION('center_axis',(3.05831882898183E-30,-4.82070523850397E-15,
1.));
#11385=DIRECTION('ref_axis',(-5.68118241448256E-16,1.,4.82070523850397E-15));
#11386=DIRECTION('center_axis',(-3.05831882898183E-30,4.82070523850397E-15,
-1.));
#11387=DIRECTION('ref_axis',(-0.707106781186549,0.707106781186546,6.19773338954122E-16));
#11388=DIRECTION('',(-1.,-6.34413156928661E-16,0.));
#11389=DIRECTION('center_axis',(-5.86950078289437E-31,9.25185853854288E-16,
-1.));
#11390=DIRECTION('ref_axis',(-0.707106781186549,0.707106781186546,6.19773338954122E-16));
#11391=DIRECTION('',(2.81736037578933E-30,-4.44089209850063E-15,1.));
#11392=DIRECTION('center_axis',(0.,0.,-1.));
#11393=DIRECTION('ref_axis',(-0.707106781186547,-0.707106781186547,0.));
#11394=DIRECTION('',(0.,0.,-1.));
#11395=DIRECTION('center_axis',(0.,0.,1.));
#11396=DIRECTION('ref_axis',(-1.,0.,0.));
#11397=DIRECTION('',(0.,0.,1.));
#11398=DIRECTION('center_axis',(0.,0.,1.));
#11399=DIRECTION('ref_axis',(-1.,0.,0.));
#11400=DIRECTION('center_axis',(0.,-1.11022302462516E-15,1.));
#11401=DIRECTION('ref_axis',(-0.707106781186547,-0.707106781186547,0.));
#11402=DIRECTION('center_axis',(0.,-1.,-4.44089209850063E-15));
#11403=DIRECTION('ref_axis',(-2.52295180946163E-30,4.44089209850063E-15,
-1.));
#11404=DIRECTION('',(0.,0.,-1.));
#11405=DIRECTION('',(1.,0.,0.));
#11406=DIRECTION('',(-1.,0.,0.));
#11407=DIRECTION('center_axis',(0.,-1.11022302462516E-15,1.));
#11408=DIRECTION('ref_axis',(5.68118241448256E-16,-1.,-1.11022302462516E-15));
#11409=DIRECTION('center_axis',(-1.,-5.68118241448256E-16,0.));
#11410=DIRECTION('ref_axis',(5.68118241448256E-16,-1.,0.));
#11411=DIRECTION('center_axis',(1.,5.68118241448256E-16,0.));
#11412=DIRECTION('ref_axis',(0.,-0.70710678118654,-0.707106781186555));
#11413=DIRECTION('center_axis',(-5.68118241448256E-16,1.,0.));
#11414=DIRECTION('ref_axis',(-0.707106781186547,-3.27539314645314E-16,-0.707106781186547));
#11415=DIRECTION('center_axis',(0.,-1.,-1.58603289232165E-15));
#11416=DIRECTION('ref_axis',(-0.707106781186547,-3.27539314645314E-16,-0.707106781186547));
#11417=DIRECTION('center_axis',(0.,-1.,0.));
#11418=DIRECTION('ref_axis',(-1.,0.,0.));
#11419=DIRECTION('',(5.68118241448256E-16,-1.,0.));
#11420=DIRECTION('center_axis',(0.,-1.,0.));
#11421=DIRECTION('ref_axis',(-1.,0.,0.));
#11422=DIRECTION('center_axis',(-1.,-5.68118241448256E-16,0.));
#11423=DIRECTION('ref_axis',(3.46944695195363E-16,-0.707106781186545,-0.70710678118655));
#11424=DIRECTION('center_axis',(0.,-1.,-1.58603289232165E-15));
#11425=DIRECTION('ref_axis',(-9.01054217664868E-31,1.58603289232165E-15,
-1.));
#11426=DIRECTION('center_axis',(5.68118241448256E-16,-1.,0.));
#11427=DIRECTION('ref_axis',(-0.707106781186547,-3.27539314645314E-16,0.707106781186547));
#11428=DIRECTION('center_axis',(0.,-1.,0.));
#11429=DIRECTION('ref_axis',(7.41136865570866E-15,0.,1.));
#11430=DIRECTION('center_axis',(0.,1.,0.));
#11431=DIRECTION('ref_axis',(-1.,0.,0.));
#11432=DIRECTION('',(-5.68118241448256E-16,1.,0.));
#11433=DIRECTION('center_axis',(0.,0.,1.));
#11434=DIRECTION('ref_axis',(-1.,0.,0.));
#11435=DIRECTION('center_axis',(-1.,-5.68118241448256E-16,0.));
#11436=DIRECTION('ref_axis',(3.4694469519536E-16,-0.707106781186547,0.707106781186548));
#11437=DIRECTION('center_axis',(0.,0.,-1.));
#11438=DIRECTION('ref_axis',(-0.707106781186547,-0.707106781186547,0.));
#11439=DIRECTION('',(0.,0.,1.));
#11440=DIRECTION('center_axis',(0.,0.707106781186548,0.707106781186548));
#11441=DIRECTION('ref_axis',(0.,-0.707106781186548,0.707106781186548));
#11442=DIRECTION('center_axis',(5.68118241448256E-16,-1.,0.));
#11443=DIRECTION('ref_axis',(-0.707106781186547,0.,0.707106781186547));
#11444=DIRECTION('center_axis',(0.,1.,0.));
#11445=DIRECTION('ref_axis',(-1.,0.,0.));
#11446=DIRECTION('',(-5.68118241448256E-16,1.,0.));
#11447=DIRECTION('center_axis',(-1.,-5.68118241448256E-16,0.));
#11448=DIRECTION('ref_axis',(3.46944695195359E-16,-0.707106781186553,0.707106781186542));
#11449=DIRECTION('center_axis',(-1.,-5.68118241448256E-16,0.));
#11450=DIRECTION('ref_axis',(3.46944695195363E-16,-0.707106781186545,-0.70710678118655));
#11451=DIRECTION('center_axis',(0.,0.,1.));
#11452=DIRECTION('ref_axis',(-1.,0.,0.));
#11453=DIRECTION('',(5.68118241448256E-16,-1.,0.));
#11454=DIRECTION('',(1.,4.62592926927148E-16,0.));
#11455=DIRECTION('',(1.71576562071283E-16,-1.,0.));
#11456=DIRECTION('',(-1.,0.,0.));
#11457=DIRECTION('',(0.,1.,0.));
#11458=DIRECTION('',(-1.,0.,0.));
#11459=DIRECTION('',(0.,-1.,0.));
#11460=DIRECTION('',(-1.,0.,0.));
#11461=DIRECTION('',(0.,1.,0.));
#11462=DIRECTION('',(-1.,0.,0.));
#11463=DIRECTION('',(0.,1.,0.));
#11464=DIRECTION('',(-1.,0.,0.));
#11465=DIRECTION('',(9.47121731859704E-17,1.,0.));
#11466=DIRECTION('',(1.,0.,0.));
#11467=DIRECTION('',(0.,1.,0.));
#11468=DIRECTION('',(-1.,0.,0.));
#11469=DIRECTION('',(-3.80047919987303E-16,1.,0.));
#11470=DIRECTION('',(1.,0.,0.));
#11471=DIRECTION('center_axis',(4.62592926927148E-16,-1.,0.));
#11472=DIRECTION('ref_axis',(1.,4.62592926927148E-16,0.));
#11473=DIRECTION('',(0.,0.,1.));
#11474=DIRECTION('',(-1.,-4.62592926927148E-16,0.));
#11475=DIRECTION('',(1.,4.62592926927148E-16,0.));
#11476=DIRECTION('center_axis',(0.,0.,1.));
#11477=DIRECTION('ref_axis',(-0.707106781186545,-0.70710678118655,0.));
#11478=DIRECTION('',(0.,0.,-1.));
#11479=DIRECTION('center_axis',(0.,0.,-1.));
#11480=DIRECTION('ref_axis',(-0.707106781186544,-0.707106781186551,0.));
#11481=DIRECTION('center_axis',(0.,0.,1.));
#11482=DIRECTION('ref_axis',(0.,-1.,0.));
#11483=DIRECTION('center_axis',(-1.,-1.71576562071283E-16,0.));
#11484=DIRECTION('ref_axis',(1.71576562071283E-16,-1.,0.));
#11485=DIRECTION('',(0.,0.,1.));
#11486=DIRECTION('',(-1.71576562071283E-16,1.,0.));
#11487=DIRECTION('',(1.71576562071283E-16,-1.,0.));
#11488=DIRECTION('center_axis',(0.,0.,1.));
#11489=DIRECTION('ref_axis',(-0.707106781186542,0.707106781186553,0.));
#11490=DIRECTION('',(0.,0.,-1.));
#11491=DIRECTION('center_axis',(0.,0.,-1.));
#11492=DIRECTION('ref_axis',(-0.707106781186544,0.707106781186551,0.));
#11493=DIRECTION('center_axis',(0.,0.,1.));
#11494=DIRECTION('ref_axis',(-1.,0.,0.));
#11495=DIRECTION('center_axis',(-1.,0.,0.));
#11496=DIRECTION('ref_axis',(0.,-0.70710678118654,0.707106781186555));
#11497=DIRECTION('',(1.,0.,0.));
#11498=DIRECTION('center_axis',(0.707106781186548,0.,0.707106781186548));
#11499=DIRECTION('ref_axis',(-0.707106781186548,0.,0.707106781186548));
#11500=DIRECTION('',(-1.,0.,0.));
#11501=DIRECTION('center_axis',(0.,0.,-1.));
#11502=DIRECTION('ref_axis',(-0.707106781186555,-0.70710678118654,0.));
#11503=DIRECTION('center_axis',(0.,0.,1.));
#11504=DIRECTION('ref_axis',(0.,-1.,0.));
#11505=DIRECTION('',(0.,0.,-1.));
#11506=DIRECTION('',(0.,0.,1.));
#11507=DIRECTION('center_axis',(0.408248290463859,-0.81649658092773,-0.408248290463859));
#11508=DIRECTION('ref_axis',(-0.577350269189628,-0.577350269189622,0.577350269189628));
#11509=DIRECTION('center_axis',(-1.,0.,0.));
#11510=DIRECTION('ref_axis',(0.,0.,1.));
#11511=DIRECTION('center_axis',(0.,-1.,0.));
#11512=DIRECTION('ref_axis',(-1.,0.,0.));
#11513=DIRECTION('center_axis',(-1.,0.,0.));
#11514=DIRECTION('ref_axis',(0.,1.,0.));
#11515=DIRECTION('',(0.,1.,0.));
#11516=DIRECTION('',(0.,0.,1.));
#11517=DIRECTION('',(0.,1.,0.));
#11518=DIRECTION('',(0.,0.,-1.));
#11519=DIRECTION('center_axis',(0.,1.,0.));
#11520=DIRECTION('ref_axis',(0.707106781186545,0.,0.70710678118655));
#11521=DIRECTION('',(0.,-1.,0.));
#11522=DIRECTION('center_axis',(0.,-1.,0.));
#11523=DIRECTION('ref_axis',(0.,0.,1.));
#11524=DIRECTION('center_axis',(0.,-1.,0.));
#11525=DIRECTION('ref_axis',(1.,0.,0.));
#11526=DIRECTION('center_axis',(0.,0.,1.));
#11527=DIRECTION('ref_axis',(1.,0.,0.));
#11528=DIRECTION('',(-1.,0.,0.));
#11529=DIRECTION('center_axis',(0.,0.,1.));
#11530=DIRECTION('ref_axis',(0.707106781186548,0.707106781186547,0.));
#11531=DIRECTION('',(0.,1.,0.));
#11532=DIRECTION('',(-1.,0.,0.));
#11533=DIRECTION('center_axis',(0.,0.,1.));
#11534=DIRECTION('ref_axis',(-0.707106781186547,0.707106781186548,0.));
#11535=DIRECTION('',(-1.,0.,0.));
#11536=DIRECTION('',(3.80047919987303E-16,-1.,0.));
#11537=DIRECTION('',(1.,0.,0.));
#11538=DIRECTION('',(0.,-1.,0.));
#11539=DIRECTION('',(-1.,0.,0.));
#11540=DIRECTION('',(-9.47121731859704E-17,-1.,0.));
#11541=DIRECTION('',(1.,0.,0.));
#11542=DIRECTION('',(0.,1.,0.));
#11543=DIRECTION('center_axis',(0.,0.,1.));
#11544=DIRECTION('ref_axis',(0.707106781186548,-0.707106781186547,0.));
#11545=DIRECTION('',(1.,0.,0.));
#11546=DIRECTION('center_axis',(0.,0.,1.));
#11547=DIRECTION('ref_axis',(-0.707106781186547,-0.707106781186548,0.));
#11548=DIRECTION('',(0.,-1.,0.));
#11549=DIRECTION('',(1.,0.,0.));
#11550=DIRECTION('',(-1.71576562071283E-16,1.,0.));
#11551=DIRECTION('',(-1.,-4.62592926927148E-16,0.));
#11552=DIRECTION('',(-5.68118241448256E-16,1.,0.));
#11553=DIRECTION('center_axis',(0.,0.,1.));
#11554=DIRECTION('ref_axis',(-1.,0.,0.));
#11555=DIRECTION('center_axis',(0.,0.,1.));
#11556=DIRECTION('ref_axis',(-1.,0.,0.));
#11557=DIRECTION('center_axis',(0.,0.,-1.));
#11558=DIRECTION('ref_axis',(0.,1.,0.));
#11559=DIRECTION('center_axis',(0.,0.,1.));
#11560=DIRECTION('ref_axis',(-1.,0.,0.));
#11561=DIRECTION('center_axis',(0.,0.,1.));
#11562=DIRECTION('ref_axis',(-1.,0.,0.));
#11563=DIRECTION('center_axis',(0.,0.,1.));
#11564=DIRECTION('ref_axis',(1.,0.,0.));
#11565=DIRECTION('center_axis',(0.,0.989814761443126,0.142361293999767));
#11566=DIRECTION('ref_axis',(-1.,0.,0.));
#11567=DIRECTION('center_axis',(1.,6.60711189128771E-17,0.));
#11568=DIRECTION('ref_axis',(6.60711189128771E-17,-1.,0.));
#11569=DIRECTION('',(6.60711189128771E-17,-1.,0.));
#11570=DIRECTION('center_axis',(0.,0.989814761443126,-0.142361293999767));
#11571=DIRECTION('ref_axis',(-1.,0.,0.));
#11572=DIRECTION('center_axis',(1.,-6.60711189128771E-17,0.));
#11573=DIRECTION('ref_axis',(-6.60711189128771E-17,-1.,0.));
#11574=DIRECTION('',(-6.60711189128771E-17,-1.,0.));
#11575=DIRECTION('center_axis',(0.,0.,1.));
#11576=DIRECTION('ref_axis',(1.,0.,0.));
#11577=DIRECTION('center_axis',(0.,0.,-1.));
#11578=DIRECTION('ref_axis',(1.,0.,0.));
#11579=DIRECTION('center_axis',(0.,0.,-1.));
#11580=DIRECTION('ref_axis',(1.,0.,0.));
#11581=DIRECTION('center_axis',(-1.10985284216895E-16,-1.,0.));
#11582=DIRECTION('ref_axis',(-1.,1.10985284216895E-16,0.));
#11583=DIRECTION('center_axis',(0.,0.,-1.));
#11584=DIRECTION('ref_axis',(-1.,0.,0.));
#11585=DIRECTION('center_axis',(0.,0.,-1.));
#11586=DIRECTION('ref_axis',(1.,0.,0.));
#11587=DIRECTION('center_axis',(0.,0.,-1.));
#11588=DIRECTION('ref_axis',(1.,0.,0.));
#11589=DIRECTION('center_axis',(0.,0.,-1.));
#11590=DIRECTION('ref_axis',(1.,0.,0.));
#11591=DIRECTION('center_axis',(0.,-0.989814761443127,0.142361293999761));
#11592=DIRECTION('ref_axis',(1.,0.,0.));
#11593=DIRECTION('center_axis',(-1.,0.,0.));
#11594=DIRECTION('ref_axis',(0.,1.,0.));
#11595=DIRECTION('',(0.,1.,0.));
#11596=DIRECTION('center_axis',(0.989814761443133,-1.09891513826802E-14,
0.142361293999715));
#11597=DIRECTION('ref_axis',(1.11022302462515E-14,1.,0.));
#11598=DIRECTION('center_axis',(-1.32169407693471E-16,-1.,0.));
#11599=DIRECTION('ref_axis',(-1.,1.32169407693471E-16,0.));
#11600=DIRECTION('',(-1.,1.32169407693471E-16,0.));
#11601=DIRECTION('center_axis',(-0.989814761443127,0.,-0.142361293999756));
#11602=DIRECTION('ref_axis',(0.,-1.,0.));
#11603=DIRECTION('center_axis',(0.,1.,0.));
#11604=DIRECTION('ref_axis',(1.,0.,0.));
#11605=DIRECTION('',(1.,0.,0.));
#11606=DIRECTION('center_axis',(0.,-0.989814761443129,-0.142361293999745));
#11607=DIRECTION('ref_axis',(1.,0.,0.));
#11608=DIRECTION('center_axis',(-1.,0.,0.));
#11609=DIRECTION('ref_axis',(0.,1.,0.));
#11610=DIRECTION('',(0.,1.,0.));
#11611=DIRECTION('center_axis',(0.989814761443126,0.,-0.142361293999767));
#11612=DIRECTION('ref_axis',(0.,1.,0.));
#11613=DIRECTION('center_axis',(1.32169407693471E-16,-1.,0.));
#11614=DIRECTION('ref_axis',(-1.,-1.32169407693471E-16,0.));
#11615=DIRECTION('',(-1.,-1.32169407693471E-16,0.));
#11616=DIRECTION('center_axis',(-0.989814761443118,-2.74728784567001E-14,
0.142361293999821));
#11617=DIRECTION('ref_axis',(2.77555756156289E-14,-1.,0.));
#11618=DIRECTION('center_axis',(0.,1.,0.));
#11619=DIRECTION('ref_axis',(1.,0.,0.));
#11620=DIRECTION('',(1.,0.,0.));
#11621=DIRECTION('center_axis',(0.,0.,-1.));
#11622=DIRECTION('ref_axis',(-1.,0.,0.));
#11623=DIRECTION('center_axis',(0.,0.,1.));
#11624=DIRECTION('ref_axis',(-1.,0.,0.));
#11625=DIRECTION('center_axis',(0.,0.,1.));
#11626=DIRECTION('ref_axis',(-1.,0.,0.));
#11627=DIRECTION('center_axis',(0.,0.,-1.));
#11628=DIRECTION('ref_axis',(-1.,0.,0.));
#11629=DIRECTION('center_axis',(0.,0.,-1.));
#11630=DIRECTION('ref_axis',(-1.,0.,0.));
#11631=DIRECTION('center_axis',(1.,0.,0.));
#11632=DIRECTION('ref_axis',(0.,-0.70710678118654,-0.707106781186555));
#11633=DIRECTION('center_axis',(-0.707106781186553,-0.707106781186542,5.23364152894596E-15));
#11634=DIRECTION('ref_axis',(-0.707106781186542,0.707106781186553,-5.23364152894603E-15));
#11635=DIRECTION('',(-1.,0.,0.));
#11636=DIRECTION('center_axis',(0.,0.707106773282884,-0.707106789090211));
#11637=DIRECTION('ref_axis',(-1.,0.,0.));
#11638=DIRECTION('',(0.,0.707106789090211,0.707106773282884));
#11639=DIRECTION('',(1.,0.,0.));
#11640=DIRECTION('',(0.,-0.707106789090211,-0.707106773282884));
#11641=DIRECTION('center_axis',(1.,0.,0.));
#11642=DIRECTION('ref_axis',(0.,0.,1.));
#11643=DIRECTION('',(0.,1.,0.));
#11644=DIRECTION('',(0.,0.,1.));
#11645=DIRECTION('center_axis',(1.,0.,0.));
#11646=DIRECTION('ref_axis',(0.,0.70710678118655,-0.707106781186545));
#11647=DIRECTION('center_axis',(0.,0.707106773282884,-0.707106789090211));
#11648=DIRECTION('ref_axis',(-1.,0.,0.));
#11649=DIRECTION('',(0.,-0.707106789090211,-0.707106773282884));
#11650=DIRECTION('',(0.,0.707106789090211,0.707106773282884));
#11651=DIRECTION('',(1.,0.,0.));
#11652=DIRECTION('center_axis',(1.,0.,0.));
#11653=DIRECTION('ref_axis',(0.,0.,-1.));
#11654=DIRECTION('',(0.,1.,0.));
#11655=DIRECTION('',(0.,0.,-1.));
#11656=DIRECTION('',(0.,1.,0.));
#11657=DIRECTION('',(0.,0.707106781186548,-0.707106781186548));
#11658=DIRECTION('',(0.,0.,1.));
#11659=DIRECTION('center_axis',(1.,0.,0.));
#11660=DIRECTION('ref_axis',(0.,0.70710678118655,-0.707106781186545));
#11661=DIRECTION('center_axis',(0.,1.,0.));
#11662=DIRECTION('ref_axis',(-1.,0.,0.));
#11663=DIRECTION('',(1.,0.,2.646543225648E-16));
#11664=DIRECTION('',(0.,0.,-1.));
#11665=DIRECTION('',(1.,0.,0.));
#11666=DIRECTION('center_axis',(2.646543225648E-16,0.,-1.));
#11667=DIRECTION('ref_axis',(-1.,0.,-2.646543225648E-16));
#11668=DIRECTION('',(0.,1.,0.));
#11669=DIRECTION('center_axis',(-2.646543225648E-16,0.,1.));
#11670=DIRECTION('ref_axis',(-0.707106781186548,0.707106781186547,0.));
#11671=DIRECTION('',(0.,-1.,0.));
#11672=DIRECTION('center_axis',(-2.646543225648E-16,0.,1.));
#11673=DIRECTION('ref_axis',(-1.,0.,6.93889390390723E-16));
#11674=DIRECTION('center_axis',(0.,1.,0.));
#11675=DIRECTION('ref_axis',(-1.,0.,0.));
#11676=DIRECTION('',(0.,0.,-1.));
#11677=DIRECTION('',(1.,0.,0.));
#11678=DIRECTION('',(-1.,0.,0.));
#11679=DIRECTION('',(0.,0.,1.));
#11680=DIRECTION('',(-1.,0.,0.));
#11681=DIRECTION('',(0.,0.,-1.));
#11682=DIRECTION('',(-1.,0.,0.));
#11683=DIRECTION('',(0.,0.,1.));
#11684=DIRECTION('',(1.,0.,0.));
#11685=DIRECTION('',(-1.,0.,0.));
#11686=DIRECTION('',(0.,0.,-1.));
#11687=DIRECTION('',(-1.,0.,5.29308645129601E-16));
#11688=DIRECTION('',(0.,0.,1.));
#11689=DIRECTION('',(-1.,0.,0.));
#11690=DIRECTION('center_axis',(1.,0.,0.));
#11691=DIRECTION('ref_axis',(0.,0.70710678118655,-0.707106781186545));
#11692=DIRECTION('center_axis',(-1.,0.,0.));
#11693=DIRECTION('ref_axis',(0.,0.70710678118655,-0.707106781186545));
#11694=DIRECTION('center_axis',(1.,0.,0.));
#11695=DIRECTION('ref_axis',(0.,0.,-1.));
#11696=DIRECTION('center_axis',(1.,0.,0.));
#11697=DIRECTION('ref_axis',(0.,0.70710678118655,-0.707106781186545));
#11698=DIRECTION('center_axis',(-1.,0.,0.));
#11699=DIRECTION('ref_axis',(0.,0.70710678118655,-0.707106781186545));
#11700=DIRECTION('center_axis',(-1.,0.,0.));
#11701=DIRECTION('ref_axis',(0.,0.,-1.));
#11702=DIRECTION('center_axis',(0.,0.707106781186548,0.707106781186548));
#11703=DIRECTION('ref_axis',(1.,0.,0.));
#11704=DIRECTION('',(0.,0.707106781186548,-0.707106781186548));
#11705=DIRECTION('',(1.,0.,-5.29308645129601E-16));
#11706=DIRECTION('',(0.,-0.707106781186548,0.707106781186548));
#11707=DIRECTION('center_axis',(1.,0.,0.));
#11708=DIRECTION('ref_axis',(0.,0.,-1.));
#11709=DIRECTION('',(0.,-1.,0.));
#11710=DIRECTION('center_axis',(0.,0.707106781186548,0.707106781186548));
#11711=DIRECTION('ref_axis',(1.,0.,0.));
#11712=DIRECTION('',(1.,0.,-5.29308645129601E-16));
#11713=DIRECTION('',(0.,-0.707106781186548,0.707106781186548));
#11714=DIRECTION('center_axis',(-1.,0.,0.));
#11715=DIRECTION('ref_axis',(0.,0.,1.));
#11716=DIRECTION('',(0.,1.,0.));
#11717=DIRECTION('center_axis',(5.29308645129601E-16,0.,1.));
#11718=DIRECTION('ref_axis',(1.,0.,-5.29308645129601E-16));
#11719=DIRECTION('center_axis',(-5.29308645129601E-16,0.,-1.));
#11720=DIRECTION('ref_axis',(0.707106781186548,0.707106781186548,0.));
#11721=DIRECTION('',(0.,1.,0.));
#11722=DIRECTION('center_axis',(-5.29308645129601E-16,0.,-1.));
#11723=DIRECTION('ref_axis',(-1.,0.,5.29308645129601E-16));
#11724=DIRECTION('center_axis',(0.,0.,-1.));
#11725=DIRECTION('ref_axis',(-1.,0.,0.));
#11726=DIRECTION('center_axis',(5.29308645129601E-16,0.,1.));
#11727=DIRECTION('ref_axis',(-1.,0.,5.29308645129601E-16));
#11728=DIRECTION('',(0.,0.,1.));
#11729=DIRECTION('center_axis',(5.29308645129601E-16,0.,1.));
#11730=DIRECTION('ref_axis',(-1.,0.,5.29308645129601E-16));
#11731=DIRECTION('center_axis',(5.29308645129601E-16,0.,1.));
#11732=DIRECTION('ref_axis',(-1.,0.,6.93889390390723E-16));
#11733=DIRECTION('center_axis',(-6.93889390390723E-16,0.,-1.));
#11734=DIRECTION('ref_axis',(-1.,0.,6.93889390390723E-16));
#11735=DIRECTION('',(-6.93889390390723E-16,0.,-1.));
#11736=DIRECTION('center_axis',(0.,0.,1.));
#11737=DIRECTION('ref_axis',(-0.707106781186548,0.707106781186547,0.));
#11738=DIRECTION('',(0.,0.,1.));
#11739=DIRECTION('center_axis',(-1.,0.,0.));
#11740=DIRECTION('ref_axis',(0.,0.,1.));
#11741=DIRECTION('center_axis',(0.,0.,1.));
#11742=DIRECTION('ref_axis',(1.,0.,0.));
#11743=DIRECTION('center_axis',(1.11022302462516E-16,-1.,0.));
#11744=DIRECTION('ref_axis',(-1.,-1.11022302462516E-16,0.));
#11745=DIRECTION('center_axis',(0.,0.,1.));
#11746=DIRECTION('ref_axis',(1.,0.,0.));
#11747=DIRECTION('',(0.,0.,-1.));
#11748=DIRECTION('center_axis',(0.,0.,1.));
#11749=DIRECTION('ref_axis',(1.,0.,0.));
#11750=DIRECTION('center_axis',(0.,0.,1.));
#11751=DIRECTION('ref_axis',(1.,0.,0.));
#11752=DIRECTION('center_axis',(0.,0.,1.));
#11753=DIRECTION('ref_axis',(1.,0.,0.));
#11754=DIRECTION('center_axis',(0.00473770937500482,0.999987346482433,0.00169144461942321));
#11755=DIRECTION('ref_axis',(-0.411523430121037,0.00349129251948354,-0.911392493571216));
#11756=DIRECTION('center_axis',(0.,0.,-1.));
#11757=DIRECTION('ref_axis',(1.,0.,0.));
#11758=DIRECTION('',(0.,0.,1.));
#11759=DIRECTION('center_axis',(0.,0.,1.));
#11760=DIRECTION('ref_axis',(1.,0.,0.));
#11761=DIRECTION('center_axis',(0.,0.,1.));
#11762=DIRECTION('ref_axis',(1.,0.,0.));
#11763=DIRECTION('center_axis',(4.44089209850063E-17,0.,1.));
#11764=DIRECTION('ref_axis',(1.,0.,0.));
#11765=DIRECTION('center_axis',(1.11022302462516E-16,-1.,0.));
#11766=DIRECTION('ref_axis',(-1.,-1.11022302462516E-16,0.));
#11767=DIRECTION('center_axis',(0.,0.,1.));
#11768=DIRECTION('ref_axis',(0.,1.,0.));
#11769=DIRECTION('center_axis',(0.,0.,-1.));
#11770=DIRECTION('ref_axis',(-1.,0.,0.));
#11771=DIRECTION('center_axis',(0.,0.,-1.));
#11772=DIRECTION('ref_axis',(1.,0.,0.));
#11773=DIRECTION('center_axis',(-1.18108832406932E-16,-1.,0.));
#11774=DIRECTION('ref_axis',(1.,-1.18108832406932E-16,0.));
#11775=DIRECTION('center_axis',(0.,0.,-1.));
#11776=DIRECTION('ref_axis',(1.,0.,0.));
#11777=DIRECTION('center_axis',(0.,0.,1.));
#11778=DIRECTION('ref_axis',(1.,0.,0.));
#11779=DIRECTION('',(-0.707106781186547,8.65956056235493E-17,0.707106781186548));
#11780=DIRECTION('center_axis',(0.,0.,-1.));
#11781=DIRECTION('ref_axis',(1.,0.,0.));
#11782=DIRECTION('center_axis',(0.,0.,-1.));
#11783=DIRECTION('ref_axis',(1.,0.,0.));
#11784=DIRECTION('',(0.,0.,1.));
#11785=DIRECTION('center_axis',(0.,0.,1.));
#11786=DIRECTION('ref_axis',(1.,0.,0.));
#11787=DIRECTION('center_axis',(0.,0.,-1.));
#11788=DIRECTION('ref_axis',(0.,-1.,0.));
#11789=DIRECTION('center_axis',(4.53152254949043E-17,0.,1.));
#11790=DIRECTION('ref_axis',(1.,0.,0.));
#11791=DIRECTION('center_axis',(1.13288063737261E-16,-1.,0.));
#11792=DIRECTION('ref_axis',(-1.,-1.13288063737261E-16,0.));
#11793=DIRECTION('center_axis',(1.,4.62592926927148E-16,0.));
#11794=DIRECTION('ref_axis',(0.,-0.707106781186548,-0.707106781186547));
#11795=DIRECTION('center_axis',(1.,0.,0.));
#11796=DIRECTION('ref_axis',(0.,-1.,0.));
#11797=DIRECTION('center_axis',(-0.70710678118655,0.707106781186545,-6.54205191118237E-16));
#11798=DIRECTION('ref_axis',(-0.707106781186545,-0.70710678118655,6.54205191118242E-16));
#11799=DIRECTION('center_axis',(5.68118241448256E-16,-1.,0.));
#11800=DIRECTION('ref_axis',(-0.707106781186546,-3.27102595559121E-16,-0.707106781186549));
#11801=DIRECTION('center_axis',(-3.80047919987303E-16,1.,0.));
#11802=DIRECTION('ref_axis',(0.707106781186546,0.,-0.707106781186549));
#11803=DIRECTION('center_axis',(0.,-1.,0.));
#11804=DIRECTION('ref_axis',(0.,0.,-1.));
#11805=DIRECTION('',(3.80047919987303E-16,-1.,0.));
#11806=DIRECTION('center_axis',(-1.,0.,0.));
#11807=DIRECTION('ref_axis',(0.,0.707106781186546,-0.707106781186549));
#11808=DIRECTION('',(1.,0.,0.));
#11809=DIRECTION('center_axis',(-1.,0.,0.));
#11810=DIRECTION('ref_axis',(0.,1.,0.));
#11811=DIRECTION('center_axis',(0.707106781186548,-0.707106781186548,0.));
#11812=DIRECTION('ref_axis',(0.707106781186548,0.707106781186548,0.));
#11813=DIRECTION('center_axis',(0.,1.,0.));
#11814=DIRECTION('ref_axis',(0.707106781186546,0.,-0.707106781186549));
#11815=DIRECTION('',(0.,-1.,0.));
#11816=DIRECTION('center_axis',(-0.707106781186548,-0.707106781186548,0.));
#11817=DIRECTION('ref_axis',(0.707106781186548,-0.707106781186548,0.));
#11818=DIRECTION('center_axis',(1.,0.,0.));
#11819=DIRECTION('ref_axis',(0.,-0.707106781186548,-0.707106781186547));
#11820=DIRECTION('center_axis',(-1.,0.,0.));
#11821=DIRECTION('ref_axis',(0.,0.,-1.));
#11822=DIRECTION('',(-1.,0.,0.));
#11823=DIRECTION('center_axis',(-0.408248290463866,-0.408248290463854,-0.81649658092773));
#11824=DIRECTION('ref_axis',(0.577350269189634,0.577350269189622,-0.577350269189621));
#11825=DIRECTION('center_axis',(0.,0.,-1.));
#11826=DIRECTION('ref_axis',(0.707106781186551,0.707106781186544,0.));
#11827=DIRECTION('center_axis',(9.47121731859704E-17,1.,0.));
#11828=DIRECTION('ref_axis',(0.707106781186546,0.,-0.707106781186549));
#11829=DIRECTION('center_axis',(0.,1.,0.));
#11830=DIRECTION('ref_axis',(1.,0.,0.));
#11831=DIRECTION('center_axis',(0.,-1.,0.));
#11832=DIRECTION('ref_axis',(0.,0.,-1.));
#11833=DIRECTION('',(-9.47121731859704E-17,-1.,0.));
#11834=DIRECTION('center_axis',(-0.816496580927725,-0.408248290463865,-0.408248290463863));
#11835=DIRECTION('ref_axis',(0.577350269189627,-0.577350269189627,-0.577350269189624));
#11836=DIRECTION('center_axis',(0.,0.,-1.));
#11837=DIRECTION('ref_axis',(0.707106781186544,-0.707106781186551,0.));
#11838=DIRECTION('center_axis',(1.,0.,0.));
#11839=DIRECTION('ref_axis',(0.,0.70710678118655,-0.707106781186545));
#11840=DIRECTION('center_axis',(-1.,0.,0.));
#11841=DIRECTION('ref_axis',(0.,1.,0.));
#11842=DIRECTION('center_axis',(-0.408248290463865,-0.408248290463859,-0.816496580927727));
#11843=DIRECTION('ref_axis',(0.577350269189634,0.577350269189622,-0.577350269189621));
#11844=DIRECTION('center_axis',(0.,0.,-1.));
#11845=DIRECTION('ref_axis',(0.707106781186548,0.707106781186548,0.));
#11846=DIRECTION('center_axis',(1.71576562071283E-16,-1.,0.));
#11847=DIRECTION('ref_axis',(-0.707106781186551,0.,-0.707106781186544));
#11848=DIRECTION('center_axis',(0.,-1.,0.));
#11849=DIRECTION('ref_axis',(-1.,0.,0.));
#11850=DIRECTION('center_axis',(0.,1.,0.));
#11851=DIRECTION('ref_axis',(0.,0.,-1.));
#11852=DIRECTION('center_axis',(-0.40824829046386,-0.816496580927727,-0.408248290463864));
#11853=DIRECTION('ref_axis',(-0.577350269189625,0.577350269189625,-0.577350269189628));
#11854=DIRECTION('center_axis',(-0.81649658092773,0.408248290463859,0.408248290463858));
#11855=DIRECTION('ref_axis',(-0.577350269189622,-0.577350269189628,-0.577350269189628));
#11856=DIRECTION('center_axis',(1.,3.80047919987303E-16,0.));
#11857=DIRECTION('ref_axis',(-3.80047919987303E-16,1.,0.));
#11858=DIRECTION('',(0.,0.,-1.));
#11859=DIRECTION('',(-3.80047919987303E-16,1.,0.));
#11860=DIRECTION('',(0.,0.,1.));
#11861=DIRECTION('',(-3.80047919987303E-16,1.,0.));
#11862=DIRECTION('',(0.,0.,1.));
#11863=DIRECTION('center_axis',(0.,0.,1.));
#11864=DIRECTION('ref_axis',(0.707106781186553,0.707106781186542,0.));
#11865=DIRECTION('',(0.,0.,1.));
#11866=DIRECTION('center_axis',(0.,0.,1.));
#11867=DIRECTION('ref_axis',(0.,1.,0.));
#11868=DIRECTION('center_axis',(0.,1.,0.));
#11869=DIRECTION('ref_axis',(-1.,0.,0.));
#11870=DIRECTION('',(0.,0.,1.));
#11871=DIRECTION('',(-1.,0.,0.));
#11872=DIRECTION('center_axis',(1.,0.,0.));
#11873=DIRECTION('ref_axis',(0.,1.,0.));
#11874=DIRECTION('',(0.,0.,1.));
#11875=DIRECTION('',(0.,1.,0.));
#11876=DIRECTION('center_axis',(0.,-1.,0.));
#11877=DIRECTION('ref_axis',(1.,0.,0.));
#11878=DIRECTION('',(0.,0.,-1.));
#11879=DIRECTION('',(1.,0.,0.));
#11880=DIRECTION('center_axis',(0.,0.,1.));
#11881=DIRECTION('ref_axis',(0.707106781186545,-0.70710678118655,0.));
#11882=DIRECTION('',(0.,0.,1.));
#11883=DIRECTION('center_axis',(0.,0.,1.));
#11884=DIRECTION('ref_axis',(1.,0.,0.));
#11885=DIRECTION('center_axis',(1.,-9.47121731859704E-17,0.));
#11886=DIRECTION('ref_axis',(9.47121731859704E-17,1.,0.));
#11887=DIRECTION('',(0.,0.,-1.));
#11888=DIRECTION('',(9.47121731859704E-17,1.,0.));
#11889=DIRECTION('center_axis',(0.,0.,1.));
#11890=DIRECTION('ref_axis',(0.707106781186547,0.707106781186547,0.));
#11891=DIRECTION('center_axis',(0.,0.,1.));
#11892=DIRECTION('ref_axis',(0.,1.,0.));
#11893=DIRECTION('center_axis',(-0.408248290463863,-0.816496580927726,-0.408248290463863));
#11894=DIRECTION('ref_axis',(0.577350269189624,-0.577350269189624,0.57735026918963));
#11895=DIRECTION('center_axis',(1.,0.,7.40148683083437E-15));
#11896=DIRECTION('ref_axis',(0.,-1.,0.));
#11897=DIRECTION('center_axis',(0.,0.,1.));
#11898=DIRECTION('ref_axis',(1.,0.,0.));
#11899=DIRECTION('center_axis',(0.,0.,1.));
#11900=DIRECTION('ref_axis',(0.707106781186554,-0.707106781186541,0.));
#11901=DIRECTION('',(0.,0.,-1.));
#11902=DIRECTION('center_axis',(-0.707106781186549,0.,0.707106781186546));
#11903=DIRECTION('ref_axis',(-0.707106781186546,0.,-0.707106781186549));
#11904=DIRECTION('center_axis',(-0.40824829046386,-0.816496580927726,-0.408248290463866));
#11905=DIRECTION('ref_axis',(0.577350269189622,-0.577350269189628,0.577350269189628));
#11906=DIRECTION('center_axis',(0.,0.,1.));
#11907=DIRECTION('ref_axis',(1.,0.,0.));
#11908=DIRECTION('center_axis',(0.,-1.,0.));
#11909=DIRECTION('ref_axis',(0.,0.,1.));
#11910=DIRECTION('center_axis',(1.,0.,-7.40148683083437E-15));
#11911=DIRECTION('ref_axis',(0.,-1.,0.));
#11912=DIRECTION('center_axis',(5.68118241448256E-16,-1.,0.));
#11913=DIRECTION('ref_axis',(-0.707106781186542,-3.27102595559119E-16,0.707106781186553));
#11914=DIRECTION('center_axis',(0.70710678118655,-0.707106781186545,-6.54205191118236E-16));
#11915=DIRECTION('ref_axis',(0.707106781186545,0.707106781186551,-6.54205191118232E-16));
#11916=DIRECTION('center_axis',(0.408248290463865,0.408248290463853,-0.81649658092773));
#11917=DIRECTION('ref_axis',(0.577350269189634,0.577350269189622,0.577350269189622));
#11918=DIRECTION('center_axis',(0.,1.,0.));
#11919=DIRECTION('ref_axis',(1.,0.,0.));
#11920=DIRECTION('center_axis',(1.,7.40148683083437E-15,0.));
#11921=DIRECTION('ref_axis',(0.,0.,1.));
#11922=DIRECTION('center_axis',(0.40824829046386,-0.816496580927726,-0.408248290463866));
#11923=DIRECTION('ref_axis',(-0.577350269189622,-0.577350269189628,0.577350269189628));
#11924=DIRECTION('center_axis',(0.,-1.,0.));
#11925=DIRECTION('ref_axis',(-1.,0.,0.));
#11926=DIRECTION('center_axis',(-1.,7.40148683083437E-15,0.));
#11927=DIRECTION('ref_axis',(0.,0.,1.));
#11928=DIRECTION('center_axis',(1.,4.62592926927148E-16,0.));
#11929=DIRECTION('ref_axis',(0.,-0.707106781186545,0.70710678118655));
#11930=DIRECTION('center_axis',(-0.40824829046386,-0.816496580927726,0.408248290463866));
#11931=DIRECTION('ref_axis',(-0.577350269189622,0.577350269189628,0.577350269189628));
#11932=DIRECTION('center_axis',(-1.,0.,0.));
#11933=DIRECTION('ref_axis',(0.,1.,0.));
#11934=DIRECTION('center_axis',(0.,1.,0.));
#11935=DIRECTION('ref_axis',(0.,0.,1.));
#11936=DIRECTION('center_axis',(1.71576562071283E-16,-1.,0.));
#11937=DIRECTION('ref_axis',(-0.707106781186547,0.,0.707106781186547));
#11938=DIRECTION('center_axis',(0.408248290463865,-0.816496580927724,0.408248290463865));
#11939=DIRECTION('ref_axis',(0.577350269189622,0.577350269189628,0.577350269189628));
#11940=DIRECTION('center_axis',(0.,0.,1.));
#11941=DIRECTION('ref_axis',(0.,1.,0.));
#11942=DIRECTION('center_axis',(1.,0.,0.));
#11943=DIRECTION('ref_axis',(0.,0.,1.));
#11944=DIRECTION('center_axis',(0.,1.,0.));
#11945=DIRECTION('ref_axis',(1.,0.,0.));
#11946=DIRECTION('center_axis',(-1.,0.,0.));
#11947=DIRECTION('ref_axis',(0.,0.707106781186547,0.707106781186547));
#11948=DIRECTION('center_axis',(-0.408248290463865,-0.816496580927724,-0.408248290463865));
#11949=DIRECTION('ref_axis',(0.577350269189626,-0.577350269189626,0.577350269189626));
#11950=DIRECTION('center_axis',(1.,0.,0.));
#11951=DIRECTION('ref_axis',(0.,-1.,0.));
#11952=DIRECTION('center_axis',(0.,-1.,0.));
#11953=DIRECTION('ref_axis',(0.,0.,1.));
#11954=DIRECTION('center_axis',(-0.408248290463863,-0.816496580927725,0.408248290463866));
#11955=DIRECTION('ref_axis',(-0.577350269189624,0.577350269189627,0.577350269189627));
#11956=DIRECTION('center_axis',(-1.,0.,0.));
#11957=DIRECTION('ref_axis',(0.,1.,0.));
#11958=DIRECTION('center_axis',(0.,0.,1.));
#11959=DIRECTION('ref_axis',(-1.,0.,0.));
#11960=DIRECTION('center_axis',(0.,1.,0.));
#11961=DIRECTION('ref_axis',(0.,0.,1.));
#11962=DIRECTION('center_axis',(0.,0.,1.));
#11963=DIRECTION('ref_axis',(-0.707106781186545,0.70710678118655,0.));
#11964=DIRECTION('',(0.,0.,1.));
#11965=DIRECTION('center_axis',(0.707106781186548,0.,0.707106781186548));
#11966=DIRECTION('ref_axis',(0.707106781186548,0.,-0.707106781186548));
#11967=DIRECTION('center_axis',(0.,-1.,0.));
#11968=DIRECTION('ref_axis',(-0.707106781186545,0.,0.70710678118655));
#11969=DIRECTION('center_axis',(0.,1.,0.));
#11970=DIRECTION('ref_axis',(-1.,0.,0.));
#11971=DIRECTION('',(0.,-1.,0.));
#11972=DIRECTION('center_axis',(0.,0.,1.));
#11973=DIRECTION('ref_axis',(1.,0.,0.));
#11974=DIRECTION('center_axis',(1.,1.85037170770858E-15,0.));
#11975=DIRECTION('ref_axis',(-1.85037170770858E-15,1.,0.));
#11976=DIRECTION('center_axis',(0.,0.,-1.));
#11977=DIRECTION('ref_axis',(0.707106781186548,-0.707106781186547,0.));
#11978=DIRECTION('center_axis',(-1.,0.,0.));
#11979=DIRECTION('ref_axis',(0.,0.707106781186542,0.707106781186553));
#11980=DIRECTION('center_axis',(1.,0.,0.));
#11981=DIRECTION('ref_axis',(0.,1.,0.));
#11982=DIRECTION('',(-1.,0.,0.));
#11983=DIRECTION('center_axis',(0.,0.,1.));
#11984=DIRECTION('ref_axis',(1.,0.,0.));
#11985=DIRECTION('center_axis',(0.,-1.,0.));
#11986=DIRECTION('ref_axis',(1.,0.,0.));
#11987=DIRECTION('center_axis',(0.,0.,-1.));
#11988=DIRECTION('ref_axis',(-0.707106781186547,-0.707106781186548,0.));
#11989=DIRECTION('center_axis',(0.,1.,0.));
#11990=DIRECTION('ref_axis',(0.707106781186545,0.,0.70710678118655));
#11991=DIRECTION('',(0.,1.,0.));
#11992=DIRECTION('center_axis',(0.408248290463864,0.408248290463858,-0.816496580927728));
#11993=DIRECTION('ref_axis',(0.577350269189634,0.577350269189622,0.577350269189622));
#11994=DIRECTION('center_axis',(0.,1.,0.));
#11995=DIRECTION('ref_axis',(1.,0.,0.));
#11996=DIRECTION('center_axis',(1.,7.40148683083437E-15,0.));
#11997=DIRECTION('ref_axis',(0.,0.,1.));
#11998=DIRECTION('center_axis',(-1.,0.,0.));
#11999=DIRECTION('ref_axis',(0.,0.707106781186547,0.707106781186547));
#12000=DIRECTION('center_axis',(9.47121731859704E-17,1.,0.));
#12001=DIRECTION('ref_axis',(0.707106781186542,0.,0.707106781186553));
#12002=DIRECTION('center_axis',(1.,0.,0.));
#12003=DIRECTION('ref_axis',(0.,-0.707106781186545,0.70710678118655));
#12004=DIRECTION('center_axis',(0.707106781186548,0.707106781186548,0.));
#12005=DIRECTION('ref_axis',(-0.707106781186548,0.707106781186548,0.));
#12006=DIRECTION('center_axis',(0.,0.,-1.));
#12007=DIRECTION('ref_axis',(0.707106781186542,0.707106781186553,0.));
#12008=DIRECTION('',(0.,0.,-1.));
#12009=DIRECTION('center_axis',(-0.707106781186549,2.61682076447296E-15,
0.707106781186546));
#12010=DIRECTION('ref_axis',(0.707106781186546,-2.61682076447295E-15,0.707106781186549));
#12011=DIRECTION('center_axis',(1.,0.,0.));
#12012=DIRECTION('ref_axis',(0.,0.70710678118655,0.707106781186545));
#12013=DIRECTION('',(1.,0.,0.));
#12014=DIRECTION('center_axis',(0.,1.,0.));
#12015=DIRECTION('ref_axis',(0.707106781186542,0.,0.707106781186553));
#12016=DIRECTION('center_axis',(-0.707106781186548,0.707106781186548,0.));
#12017=DIRECTION('ref_axis',(-0.707106781186547,-0.707106781186547,0.));
#12018=DIRECTION('center_axis',(-1.,0.,0.));
#12019=DIRECTION('ref_axis',(0.,0.707106781186542,0.707106781186553));
#12020=DIRECTION('center_axis',(-3.80047919987303E-16,1.,0.));
#12021=DIRECTION('ref_axis',(0.707106781186542,0.,0.707106781186553));
#12022=DIRECTION('center_axis',(0.,0.,1.));
#12023=DIRECTION('ref_axis',(1.,0.,0.));
#12024=DIRECTION('center_axis',(-1.,0.,0.));
#12025=DIRECTION('ref_axis',(0.,-1.,0.));
#12026=DIRECTION('center_axis',(0.,0.,-1.));
#12027=DIRECTION('ref_axis',(-0.707106781186547,0.707106781186548,0.));
#12028=DIRECTION('center_axis',(1.,0.,0.));
#12029=DIRECTION('ref_axis',(0.,-0.707106781186542,0.707106781186553));
#12030=DIRECTION('',(1.,0.,0.));
#12031=DIRECTION('center_axis',(0.,0.,-1.));
#12032=DIRECTION('ref_axis',(0.707106781186553,-0.707106781186542,0.));
#12033=DIRECTION('',(0.,0.,-1.));
#12034=DIRECTION('center_axis',(0.,0.707106781186548,0.707106781186548));
#12035=DIRECTION('ref_axis',(0.,-0.707106781186547,0.707106781186547));
#12036=DIRECTION('center_axis',(1.,0.,0.));
#12037=DIRECTION('ref_axis',(0.,-0.707106781186537,0.707106781186558));
#12038=DIRECTION('',(1.,0.,0.));
#12039=DIRECTION('center_axis',(3.80047919987303E-16,-1.,0.));
#12040=DIRECTION('ref_axis',(0.70710678118655,0.,0.707106781186545));
#12041=DIRECTION('',(3.80047919987303E-16,-1.,0.));
#12042=DIRECTION('center_axis',(0.707106781186545,0.70710678118655,0.));
#12043=DIRECTION('ref_axis',(-0.70710678118655,0.707106781186545,0.));
#12044=DIRECTION('center_axis',(1.,0.,0.));
#12045=DIRECTION('ref_axis',(0.,-0.707106781186547,0.707106781186547));
#12046=DIRECTION('',(1.,0.,0.));
#12047=DIRECTION('center_axis',(-1.,0.,0.));
#12048=DIRECTION('ref_axis',(0.,-1.,0.));
#12049=DIRECTION('center_axis',(0.,0.,1.));
#12050=DIRECTION('ref_axis',(1.,0.,0.));
#12051=DIRECTION('center_axis',(0.,1.,0.));
#12052=DIRECTION('ref_axis',(-1.,0.,0.));
#12053=DIRECTION('center_axis',(0.,0.,-1.));
#12054=DIRECTION('ref_axis',(0.707106781186548,0.707106781186547,0.));
#12055=DIRECTION('center_axis',(0.,-1.,0.));
#12056=DIRECTION('ref_axis',(-0.707106781186545,0.,0.70710678118655));
#12057=DIRECTION('',(0.,-1.,0.));
#12058=DIRECTION('center_axis',(-1.,0.,0.));
#12059=DIRECTION('ref_axis',(0.,-0.70710678118654,0.707106781186555));
#12060=DIRECTION('',(1.,0.,0.));
#12061=DIRECTION('',(-1.,0.,0.));
#12062=DIRECTION('center_axis',(0.,0.,-1.));
#12063=DIRECTION('ref_axis',(-0.707106781186547,0.707106781186548,0.));
#12064=DIRECTION('center_axis',(0.,0.,1.));
#12065=DIRECTION('ref_axis',(-0.707106781186547,0.707106781186548,0.));
#12066=DIRECTION('',(0.,0.,1.));
#12067=DIRECTION('center_axis',(0.,-1.,0.));
#12068=DIRECTION('ref_axis',(-1.,0.,0.));
#12069=DIRECTION('',(0.,0.,1.));
#12070=DIRECTION('',(-1.,0.,0.));
#12071=DIRECTION('',(0.,0.,-1.));
#12072=DIRECTION('center_axis',(0.,0.,-1.));
#12073=DIRECTION('ref_axis',(0.707106781186548,-0.707106781186547,0.));
#12074=DIRECTION('',(0.,0.,-1.));
#12075=DIRECTION('center_axis',(0.,0.,1.));
#12076=DIRECTION('ref_axis',(0.707106781186548,-0.707106781186547,0.));
#12077=DIRECTION('center_axis',(1.,0.,0.));
#12078=DIRECTION('ref_axis',(0.,-1.,0.));
#12079=DIRECTION('',(0.,-1.,0.));
#12080=DIRECTION('center_axis',(1.,0.,0.));
#12081=DIRECTION('ref_axis',(0.,-1.,0.));
#12082=DIRECTION('',(0.,-1.,0.));
#12083=DIRECTION('',(0.,0.,1.));
#12084=DIRECTION('center_axis',(0.,0.,-1.));
#12085=DIRECTION('ref_axis',(0.707106781186547,0.707106781186548,0.));
#12086=DIRECTION('',(0.,0.,-1.));
#12087=DIRECTION('center_axis',(0.,0.,1.));
#12088=DIRECTION('ref_axis',(0.707106781186547,0.707106781186548,0.));
#12089=DIRECTION('center_axis',(0.,0.,-1.));
#12090=DIRECTION('ref_axis',(-0.707106781186548,-0.707106781186547,0.));
#12091=DIRECTION('center_axis',(0.,0.,1.));
#12092=DIRECTION('ref_axis',(-0.707106781186548,-0.707106781186547,0.));
#12093=DIRECTION('',(0.,0.,1.));
#12094=DIRECTION('center_axis',(0.,0.,-1.));
#12095=DIRECTION('ref_axis',(-1.,0.,0.));
#12096=DIRECTION('',(1.,0.,0.));
#12097=DIRECTION('center_axis',(0.,1.,0.));
#12098=DIRECTION('ref_axis',(1.,0.,0.));
#12099=DIRECTION('center_axis',(-1.,0.,0.));
#12100=DIRECTION('ref_axis',(0.,1.,0.));
#12101=DIRECTION('',(0.,1.,0.));
#12102=DIRECTION('center_axis',(0.,0.,-1.));
#12103=DIRECTION('ref_axis',(-1.,0.,0.));
#12104=DIRECTION('center_axis',(0.,1.,0.));
#12105=DIRECTION('ref_axis',(1.,0.,0.));
#12106=DIRECTION('',(1.,0.,0.));
#12107=DIRECTION('center_axis',(0.,0.,-1.));
#12108=DIRECTION('ref_axis',(-1.,0.,0.));
#12109=DIRECTION('center_axis',(0.,0.,-1.));
#12110=DIRECTION('ref_axis',(-1.,0.,0.));
#12111=DIRECTION('center_axis',(0.,-1.,0.));
#12112=DIRECTION('ref_axis',(1.,0.,0.));
#12113=DIRECTION('center_axis',(0.,0.,-1.));
#12114=DIRECTION('ref_axis',(-1.,0.,0.));
#12115=DIRECTION('center_axis',(0.,0.,-1.));
#12116=DIRECTION('ref_axis',(-1.,0.,0.));
#12117=DIRECTION('',(0.,0.,-1.));
#12118=DIRECTION('center_axis',(0.,0.,-1.));
#12119=DIRECTION('ref_axis',(-1.,0.,0.));
#12120=DIRECTION('center_axis',(0.,0.,-1.));
#12121=DIRECTION('ref_axis',(-1.,0.,0.));
#12122=DIRECTION('center_axis',(0.,-1.,0.));
#12123=DIRECTION('ref_axis',(1.,0.,0.));
#12124=DIRECTION('center_axis',(0.,0.,-1.));
#12125=DIRECTION('ref_axis',(-1.,0.,0.));
#12126=DIRECTION('center_axis',(0.,0.,-1.));
#12127=DIRECTION('ref_axis',(-1.,0.,0.));
#12128=DIRECTION('',(0.,0.,-1.));
#12129=DIRECTION('center_axis',(0.,0.,-1.));
#12130=DIRECTION('ref_axis',(-1.,0.,0.));
#12131=DIRECTION('center_axis',(0.,0.,1.));
#12132=DIRECTION('ref_axis',(-1.,0.,0.));
#12133=DIRECTION('center_axis',(0.,0.,1.));
#12134=DIRECTION('ref_axis',(-1.,0.,0.));
#12135=DIRECTION('center_axis',(0.,-1.,0.));
#12136=DIRECTION('ref_axis',(1.,0.,0.));
#12137=DIRECTION('center_axis',(0.,-1.,0.));
#12138=DIRECTION('ref_axis',(0.70710678118655,0.,0.707106781186545));
#12139=DIRECTION('center_axis',(-2.19925207935208E-16,1.,0.));
#12140=DIRECTION('ref_axis',(0.70710678118655,0.,0.707106781186545));
#12141=DIRECTION('',(0.,-1.,0.));
#12142=DIRECTION('center_axis',(0.,-1.,0.));
#12143=DIRECTION('ref_axis',(0.70710678118655,0.,0.707106781186545));
#12144=DIRECTION('',(0.,1.,0.));
#12145=DIRECTION('center_axis',(-1.,0.,0.));
#12146=DIRECTION('ref_axis',(0.,1.,0.));
#12147=DIRECTION('',(0.,0.,-1.));
#12148=DIRECTION('',(0.,-0.867435760097669,-0.497549195661876));
#12149=DIRECTION('',(0.,0.,-1.));
#12150=DIRECTION('',(0.,1.,0.));
#12151=DIRECTION('',(0.,0.,1.));
#12152=DIRECTION('',(0.,-0.866025403784439,0.5));
#12153=DIRECTION('',(0.,0.,-1.));
#12154=DIRECTION('center_axis',(0.,1.,0.));
#12155=DIRECTION('ref_axis',(0.707106781186549,0.,0.707106781186546));
#12156=DIRECTION('center_axis',(2.19925207935208E-16,-1.,0.));
#12157=DIRECTION('ref_axis',(0.707106781186549,0.,0.707106781186546));
#12158=DIRECTION('',(0.,-1.,0.));
#12159=DIRECTION('center_axis',(0.,1.,0.));
#12160=DIRECTION('ref_axis',(0.707106781186549,0.,0.707106781186546));
#12161=DIRECTION('',(0.,1.,0.));
#12162=DIRECTION('center_axis',(-2.19925207935208E-16,1.,0.));
#12163=DIRECTION('ref_axis',(-1.,-2.19925207935208E-16,0.));
#12164=DIRECTION('',(0.,0.,1.));
#12165=DIRECTION('',(-1.,-2.19925207935208E-16,-1.26146067925091E-16));
#12166=DIRECTION('',(-1.,-2.19925207935208E-16,0.));
#12167=DIRECTION('',(0.,0.,1.));
#12168=DIRECTION('',(-1.,-2.19925207935208E-16,0.));
#12169=DIRECTION('center_axis',(1.,0.,0.));
#12170=DIRECTION('ref_axis',(0.,1.,0.));
#12171=DIRECTION('',(0.,0.,1.));
#12172=DIRECTION('',(0.,0.866025403784439,-0.5));
#12173=DIRECTION('',(0.,0.,-1.));
#12174=DIRECTION('',(0.,-1.,0.));
#12175=DIRECTION('',(0.,0.,1.));
#12176=DIRECTION('',(0.,0.867435760097669,0.497549195661876));
#12177=DIRECTION('center_axis',(0.,1.,0.));
#12178=DIRECTION('ref_axis',(0.,0.,-1.));
#12179=DIRECTION('',(-1.,0.,0.));
#12180=DIRECTION('',(-1.,0.,0.));
#12181=DIRECTION('center_axis',(0.,0.5,0.866025403784439));
#12182=DIRECTION('ref_axis',(0.,0.866025403784439,-0.5));
#12183=DIRECTION('',(1.,0.,0.));
#12184=DIRECTION('center_axis',(0.,-0.497549195661876,0.867435760097669));
#12185=DIRECTION('ref_axis',(0.,0.867435760097669,0.497549195661876));
#12186=DIRECTION('',(-1.,0.,0.));
#12187=DIRECTION('center_axis',(0.,-1.,0.));
#12188=DIRECTION('ref_axis',(0.,0.,1.));
#12189=DIRECTION('',(1.,0.,0.));
#12190=DIRECTION('center_axis',(0.,0.,-1.));
#12191=DIRECTION('ref_axis',(-1.,0.,0.));
#12192=DIRECTION('center_axis',(0.,0.,1.));
#12193=DIRECTION('ref_axis',(-1.,0.,0.));
#12194=DIRECTION('center_axis',(0.,0.,-1.));
#12195=DIRECTION('ref_axis',(-1.,0.,0.));
#12196=DIRECTION('',(0.,0.,-1.));
#12197=DIRECTION('center_axis',(0.,0.,-1.));
#12198=DIRECTION('ref_axis',(-1.,0.,0.));
#12199=DIRECTION('center_axis',(-1.,0.,0.));
#12200=DIRECTION('ref_axis',(0.,-1.,0.));
#12201=DIRECTION('',(0.,1.,0.));
#12202=DIRECTION('',(0.,0.,1.));
#12203=DIRECTION('',(0.,-1.,0.));
#12204=DIRECTION('',(0.,0.,1.));
#12205=DIRECTION('center_axis',(-0.70710678118655,0.707106781186545,0.));
#12206=DIRECTION('ref_axis',(-0.707106781186545,-0.70710678118655,0.));
#12207=DIRECTION('',(0.707106781186545,0.70710678118655,0.));
#12208=DIRECTION('',(-0.707106781186545,-0.70710678118655,0.));
#12209=DIRECTION('center_axis',(0.,-1.,0.));
#12210=DIRECTION('ref_axis',(1.,0.,0.));
#12211=DIRECTION('',(1.,0.,0.));
#12212=DIRECTION('',(0.,0.,1.));
#12213=DIRECTION('',(-1.,0.,0.));
#12214=DIRECTION('center_axis',(-0.707106781186549,-0.707106781186546,0.));
#12215=DIRECTION('ref_axis',(0.707106781186546,-0.707106781186549,0.));
#12216=DIRECTION('',(0.707106781186546,-0.707106781186549,0.));
#12217=DIRECTION('',(0.707106781186546,-0.707106781186549,0.));
#12218=DIRECTION('center_axis',(0.,0.,1.));
#12219=DIRECTION('ref_axis',(-1.,0.,0.));
#12220=DIRECTION('center_axis',(0.,0.,1.));
#12221=DIRECTION('ref_axis',(-1.,0.,0.));
#12222=DIRECTION('center_axis',(0.,-1.,0.));
#12223=DIRECTION('ref_axis',(0.70710678118655,0.,0.707106781186545));
#12224=DIRECTION('center_axis',(0.,1.,0.));
#12225=DIRECTION('ref_axis',(0.70710678118655,0.,0.707106781186545));
#12226=DIRECTION('',(0.,-1.,0.));
#12227=DIRECTION('center_axis',(0.,-1.,0.));
#12228=DIRECTION('ref_axis',(0.70710678118655,0.,0.707106781186545));
#12229=DIRECTION('',(0.,1.,0.));
#12230=DIRECTION('center_axis',(-1.,0.,0.));
#12231=DIRECTION('ref_axis',(0.,1.,0.));
#12232=DIRECTION('',(0.,0.,-1.));
#12233=DIRECTION('',(0.,-0.867435760097669,-0.497549195661876));
#12234=DIRECTION('',(0.,0.,-1.));
#12235=DIRECTION('',(0.,1.,0.));
#12236=DIRECTION('',(0.,0.,1.));
#12237=DIRECTION('',(0.,-0.866025403784439,0.5));
#12238=DIRECTION('',(0.,0.,-1.));
#12239=DIRECTION('center_axis',(0.,1.,0.));
#12240=DIRECTION('ref_axis',(0.707106781186549,0.,0.707106781186546));
#12241=DIRECTION('center_axis',(0.,-1.,0.));
#12242=DIRECTION('ref_axis',(0.707106781186549,0.,0.707106781186546));
#12243=DIRECTION('',(0.,-1.,0.));
#12244=DIRECTION('center_axis',(0.,1.,0.));
#12245=DIRECTION('ref_axis',(0.707106781186549,0.,0.707106781186546));
#12246=DIRECTION('',(0.,1.,0.));
#12247=DIRECTION('center_axis',(0.,0.,1.));
#12248=DIRECTION('ref_axis',(-1.,0.,0.));
#12249=DIRECTION('',(-1.,0.,0.));
#12250=DIRECTION('',(-0.707106781186545,-0.70710678118655,0.));
#12251=DIRECTION('',(0.,-1.,0.));
#12252=DIRECTION('',(0.707106781186546,-0.707106781186549,0.));
#12253=DIRECTION('',(1.,0.,0.));
#12254=DIRECTION('center_axis',(0.,0.,-1.));
#12255=DIRECTION('ref_axis',(-1.,0.,0.));
#12256=DIRECTION('center_axis',(0.,1.,0.));
#12257=DIRECTION('ref_axis',(-1.,0.,0.));
#12258=DIRECTION('',(0.,0.,1.));
#12259=DIRECTION('',(-1.,0.,0.));
#12260=DIRECTION('',(-1.,0.,0.));
#12261=DIRECTION('',(0.,0.,1.));
#12262=DIRECTION('center_axis',(0.,-0.497549195661876,0.867435760097669));
#12263=DIRECTION('ref_axis',(0.,0.867435760097669,0.497549195661876));
#12264=DIRECTION('',(0.,0.867435760097669,0.497549195661876));
#12265=DIRECTION('',(-1.,0.,0.));
#12266=DIRECTION('center_axis',(0.,-1.,0.));
#12267=DIRECTION('ref_axis',(0.,0.,1.));
#12268=DIRECTION('',(1.,0.,0.));
#12269=DIRECTION('',(0.,0.,1.));
#12270=DIRECTION('center_axis',(0.,1.,0.));
#12271=DIRECTION('ref_axis',(0.,0.,-1.));
#12272=DIRECTION('',(-1.,0.,0.));
#12273=DIRECTION('',(0.,0.,-1.));
#12274=DIRECTION('',(-1.,0.,0.));
#12275=DIRECTION('center_axis',(0.,0.5,0.866025403784439));
#12276=DIRECTION('ref_axis',(0.,0.866025403784439,-0.5));
#12277=DIRECTION('',(1.,0.,0.));
#12278=DIRECTION('',(0.,0.866025403784439,-0.5));
#12279=DIRECTION('center_axis',(0.,0.,-1.));
#12280=DIRECTION('ref_axis',(-1.,0.,0.));
#12281=DIRECTION('',(0.,-1.,0.));
#12282=DIRECTION('center_axis',(0.,0.,1.));
#12283=DIRECTION('ref_axis',(-1.,0.,0.));
#12284=DIRECTION('',(0.,0.,-1.));
#12285=DIRECTION('center_axis',(0.,0.,-1.));
#12286=DIRECTION('ref_axis',(-1.,0.,0.));
#12287=DIRECTION('center_axis',(-1.,0.,0.));
#12288=DIRECTION('ref_axis',(0.,-1.,0.));
#12289=DIRECTION('',(0.,1.,0.));
#12290=DIRECTION('',(0.,0.,1.));
#12291=DIRECTION('',(0.,0.,1.));
#12292=DIRECTION('center_axis',(-0.70710678118655,0.707106781186545,0.));
#12293=DIRECTION('ref_axis',(-0.707106781186545,-0.70710678118655,0.));
#12294=DIRECTION('',(0.707106781186545,0.70710678118655,0.));
#12295=DIRECTION('center_axis',(1.,0.,0.));
#12296=DIRECTION('ref_axis',(0.,1.,0.));
#12297=DIRECTION('',(0.,0.,1.));
#12298=DIRECTION('center_axis',(0.,-1.,0.));
#12299=DIRECTION('ref_axis',(1.,0.,0.));
#12300=DIRECTION('',(0.,0.,1.));
#12301=DIRECTION('',(-1.,0.,0.));
#12302=DIRECTION('center_axis',(-0.707106781186549,-0.707106781186546,0.));
#12303=DIRECTION('ref_axis',(0.707106781186546,-0.707106781186549,0.));
#12304=DIRECTION('',(0.707106781186546,-0.707106781186549,0.));
#12305=DIRECTION('center_axis',(0.,0.,1.));
#12306=DIRECTION('ref_axis',(-1.,0.,0.));
#12307=DIRECTION('center_axis',(0.,-1.,0.));
#12308=DIRECTION('ref_axis',(0.70710678118655,0.,0.707106781186545));
#12309=DIRECTION('center_axis',(-1.09962603967604E-16,1.,0.));
#12310=DIRECTION('ref_axis',(0.70710678118655,0.,0.707106781186545));
#12311=DIRECTION('',(0.,-1.,0.));
#12312=DIRECTION('center_axis',(0.,-1.,0.));
#12313=DIRECTION('ref_axis',(0.70710678118655,0.,0.707106781186545));
#12314=DIRECTION('',(0.,1.,0.));
#12315=DIRECTION('center_axis',(-1.,0.,0.));
#12316=DIRECTION('ref_axis',(0.,1.,0.));
#12317=DIRECTION('',(0.,0.,-1.));
#12318=DIRECTION('',(0.,-0.867435760097669,-0.497549195661876));
#12319=DIRECTION('',(0.,0.,-1.));
#12320=DIRECTION('',(0.,1.,0.));
#12321=DIRECTION('',(0.,0.,1.));
#12322=DIRECTION('',(0.,-0.866025403784439,0.5));
#12323=DIRECTION('',(0.,0.,-1.));
#12324=DIRECTION('center_axis',(0.,1.,0.));
#12325=DIRECTION('ref_axis',(0.707106781186549,0.,0.707106781186546));
#12326=DIRECTION('center_axis',(1.09962603967604E-16,-1.,0.));
#12327=DIRECTION('ref_axis',(0.707106781186549,0.,0.707106781186546));
#12328=DIRECTION('',(0.,-1.,0.));
#12329=DIRECTION('center_axis',(0.,1.,0.));
#12330=DIRECTION('ref_axis',(0.707106781186549,0.,0.707106781186546));
#12331=DIRECTION('',(0.,1.,0.));
#12332=DIRECTION('center_axis',(-1.09962603967604E-16,1.,0.));
#12333=DIRECTION('ref_axis',(-1.,-1.09962603967604E-16,0.));
#12334=DIRECTION('',(0.,0.,1.));
#12335=DIRECTION('',(-1.,-1.09962603967604E-16,-6.30730339625455E-17));
#12336=DIRECTION('',(-1.,-1.09962603967604E-16,0.));
#12337=DIRECTION('',(0.,0.,1.));
#12338=DIRECTION('',(-1.,-1.09962603967604E-16,0.));
#12339=DIRECTION('center_axis',(1.,0.,0.));
#12340=DIRECTION('ref_axis',(0.,1.,0.));
#12341=DIRECTION('',(0.,0.,1.));
#12342=DIRECTION('',(0.,0.866025403784439,-0.5));
#12343=DIRECTION('',(0.,0.,-1.));
#12344=DIRECTION('',(0.,-1.,0.));
#12345=DIRECTION('',(0.,0.,1.));
#12346=DIRECTION('',(0.,0.867435760097669,0.497549195661876));
#12347=DIRECTION('center_axis',(0.,1.,0.));
#12348=DIRECTION('ref_axis',(0.,0.,-1.));
#12349=DIRECTION('',(-1.,0.,0.));
#12350=DIRECTION('',(-1.,0.,0.));
#12351=DIRECTION('center_axis',(0.,0.5,0.866025403784439));
#12352=DIRECTION('ref_axis',(0.,0.866025403784439,-0.5));
#12353=DIRECTION('',(1.,0.,0.));
#12354=DIRECTION('center_axis',(0.,-0.497549195661876,0.867435760097669));
#12355=DIRECTION('ref_axis',(0.,0.867435760097669,0.497549195661876));
#12356=DIRECTION('',(-1.,0.,0.));
#12357=DIRECTION('center_axis',(0.,-1.,0.));
#12358=DIRECTION('ref_axis',(0.,0.,1.));
#12359=DIRECTION('',(1.,0.,0.));
#12360=DIRECTION('center_axis',(0.,0.,-1.));
#12361=DIRECTION('ref_axis',(-1.,0.,0.));
#12362=DIRECTION('center_axis',(0.,0.,1.));
#12363=DIRECTION('ref_axis',(-1.,0.,0.));
#12364=DIRECTION('center_axis',(0.,0.,-1.));
#12365=DIRECTION('ref_axis',(-1.,0.,0.));
#12366=DIRECTION('',(0.,0.,-1.));
#12367=DIRECTION('center_axis',(0.,0.,-1.));
#12368=DIRECTION('ref_axis',(-1.,0.,0.));
#12369=DIRECTION('center_axis',(-1.,0.,0.));
#12370=DIRECTION('ref_axis',(0.,-1.,0.));
#12371=DIRECTION('',(0.,1.,0.));
#12372=DIRECTION('',(0.,0.,1.));
#12373=DIRECTION('',(0.,-1.,0.));
#12374=DIRECTION('',(0.,0.,1.));
#12375=DIRECTION('center_axis',(-0.70710678118655,0.707106781186545,0.));
#12376=DIRECTION('ref_axis',(-0.707106781186545,-0.70710678118655,0.));
#12377=DIRECTION('',(0.707106781186545,0.70710678118655,0.));
#12378=DIRECTION('',(-0.707106781186545,-0.70710678118655,0.));
#12379=DIRECTION('center_axis',(0.,-1.,0.));
#12380=DIRECTION('ref_axis',(1.,0.,0.));
#12381=DIRECTION('',(1.,0.,0.));
#12382=DIRECTION('',(0.,0.,1.));
#12383=DIRECTION('',(-1.,0.,0.));
#12384=DIRECTION('center_axis',(-0.707106781186549,-0.707106781186546,0.));
#12385=DIRECTION('ref_axis',(0.707106781186546,-0.707106781186549,0.));
#12386=DIRECTION('',(0.707106781186546,-0.707106781186549,0.));
#12387=DIRECTION('',(0.707106781186546,-0.707106781186549,0.));
#12388=DIRECTION('center_axis',(0.,0.,1.));
#12389=DIRECTION('ref_axis',(-1.,0.,0.));
#12390=DIRECTION('center_axis',(0.,0.,1.));
#12391=DIRECTION('ref_axis',(-1.,0.,0.));
#12392=DIRECTION('center_axis',(0.,-1.,0.));
#12393=DIRECTION('ref_axis',(0.70710678118655,0.,0.707106781186545));
#12394=DIRECTION('center_axis',(-1.09962603967604E-16,1.,0.));
#12395=DIRECTION('ref_axis',(0.70710678118655,0.,0.707106781186545));
#12396=DIRECTION('',(0.,-1.,0.));
#12397=DIRECTION('center_axis',(0.,-1.,0.));
#12398=DIRECTION('ref_axis',(0.70710678118655,0.,0.707106781186545));
#12399=DIRECTION('',(0.,1.,0.));
#12400=DIRECTION('center_axis',(-1.,0.,0.));
#12401=DIRECTION('ref_axis',(0.,1.,0.));
#12402=DIRECTION('',(0.,0.,-1.));
#12403=DIRECTION('',(0.,-0.867435760097669,-0.497549195661876));
#12404=DIRECTION('',(0.,0.,-1.));
#12405=DIRECTION('',(0.,1.,0.));
#12406=DIRECTION('',(0.,0.,1.));
#12407=DIRECTION('',(0.,-0.866025403784439,0.5));
#12408=DIRECTION('',(0.,0.,-1.));
#12409=DIRECTION('center_axis',(0.,1.,0.));
#12410=DIRECTION('ref_axis',(0.707106781186549,0.,0.707106781186546));
#12411=DIRECTION('center_axis',(1.09962603967604E-16,-1.,0.));
#12412=DIRECTION('ref_axis',(0.707106781186549,0.,0.707106781186546));
#12413=DIRECTION('',(0.,-1.,0.));
#12414=DIRECTION('center_axis',(0.,1.,0.));
#12415=DIRECTION('ref_axis',(0.707106781186549,0.,0.707106781186546));
#12416=DIRECTION('',(0.,1.,0.));
#12417=DIRECTION('center_axis',(0.,0.,1.));
#12418=DIRECTION('ref_axis',(-1.,0.,0.));
#12419=DIRECTION('',(-1.,-1.09962603967604E-16,0.));
#12420=DIRECTION('',(-0.707106781186545,-0.70710678118655,0.));
#12421=DIRECTION('',(0.,-1.,0.));
#12422=DIRECTION('',(0.707106781186546,-0.707106781186549,0.));
#12423=DIRECTION('',(1.,0.,0.));
#12424=DIRECTION('center_axis',(0.,0.,-1.));
#12425=DIRECTION('ref_axis',(-1.,0.,0.));
#12426=DIRECTION('center_axis',(-1.09962603967604E-16,1.,0.));
#12427=DIRECTION('ref_axis',(-1.,-1.09962603967604E-16,0.));
#12428=DIRECTION('',(0.,0.,1.));
#12429=DIRECTION('',(-1.,-1.09962603967604E-16,-6.30730339625455E-17));
#12430=DIRECTION('',(-1.,-1.09962603967604E-16,0.));
#12431=DIRECTION('',(0.,0.,1.));
#12432=DIRECTION('center_axis',(0.,-0.497549195661876,0.867435760097669));
#12433=DIRECTION('ref_axis',(0.,0.867435760097669,0.497549195661876));
#12434=DIRECTION('',(0.,0.867435760097669,0.497549195661876));
#12435=DIRECTION('',(-1.,0.,0.));
#12436=DIRECTION('center_axis',(0.,-1.,0.));
#12437=DIRECTION('ref_axis',(0.,0.,1.));
#12438=DIRECTION('',(1.,0.,0.));
#12439=DIRECTION('',(0.,0.,1.));
#12440=DIRECTION('center_axis',(0.,1.,0.));
#12441=DIRECTION('ref_axis',(0.,0.,-1.));
#12442=DIRECTION('',(-1.,0.,0.));
#12443=DIRECTION('',(0.,0.,-1.));
#12444=DIRECTION('',(-1.,0.,0.));
#12445=DIRECTION('center_axis',(0.,0.5,0.866025403784439));
#12446=DIRECTION('ref_axis',(0.,0.866025403784439,-0.5));
#12447=DIRECTION('',(1.,0.,0.));
#12448=DIRECTION('',(0.,0.866025403784439,-0.5));
#12449=DIRECTION('center_axis',(0.,0.,-1.));
#12450=DIRECTION('ref_axis',(-1.,0.,0.));
#12451=DIRECTION('',(0.,-1.,0.));
#12452=DIRECTION('center_axis',(0.,0.,1.));
#12453=DIRECTION('ref_axis',(-1.,0.,0.));
#12454=DIRECTION('',(-1.,0.,0.));
#12455=DIRECTION('',(0.707106781186546,-0.707106781186549,0.));
#12456=DIRECTION('',(0.,1.,0.));
#12457=DIRECTION('',(0.707106781186545,0.70710678118655,0.));
#12458=DIRECTION('center_axis',(0.,0.,-1.));
#12459=DIRECTION('ref_axis',(-1.,0.,0.));
#12460=DIRECTION('center_axis',(0.,0.,1.));
#12461=DIRECTION('ref_axis',(-1.,0.,0.));
#12462=DIRECTION('',(0.,0.,-1.));
#12463=DIRECTION('center_axis',(-0.70710678118655,0.707106781186545,0.));
#12464=DIRECTION('ref_axis',(-0.707106781186545,-0.70710678118655,0.));
#12465=DIRECTION('',(0.,0.,1.));
#12466=DIRECTION('center_axis',(1.,0.,0.));
#12467=DIRECTION('ref_axis',(0.,1.,0.));
#12468=DIRECTION('',(0.,0.,1.));
#12469=DIRECTION('center_axis',(0.,-1.,0.));
#12470=DIRECTION('ref_axis',(1.,0.,0.));
#12471=DIRECTION('',(0.,0.,1.));
#12472=DIRECTION('center_axis',(-0.707106781186549,-0.707106781186546,0.));
#12473=DIRECTION('ref_axis',(0.707106781186546,-0.707106781186549,0.));
#12474=DIRECTION('',(0.,0.,1.));
#12475=DIRECTION('center_axis',(-1.,0.,0.));
#12476=DIRECTION('ref_axis',(0.,-1.,0.));
#12477=DIRECTION('center_axis',(0.,-1.,0.));
#12478=DIRECTION('ref_axis',(0.70710678118655,0.,0.707106781186545));
#12479=DIRECTION('center_axis',(-1.09962603967604E-16,1.,0.));
#12480=DIRECTION('ref_axis',(0.70710678118655,0.,0.707106781186545));
#12481=DIRECTION('',(0.,-1.,0.));
#12482=DIRECTION('center_axis',(0.,-1.,0.));
#12483=DIRECTION('ref_axis',(0.70710678118655,0.,0.707106781186545));
#12484=DIRECTION('',(0.,1.,0.));
#12485=DIRECTION('center_axis',(-1.,0.,0.));
#12486=DIRECTION('ref_axis',(0.,1.,0.));
#12487=DIRECTION('',(0.,0.,-1.));
#12488=DIRECTION('',(0.,-0.867435760097669,-0.497549195661876));
#12489=DIRECTION('',(0.,0.,-1.));
#12490=DIRECTION('',(0.,1.,0.));
#12491=DIRECTION('',(0.,0.,1.));
#12492=DIRECTION('',(0.,-0.866025403784439,0.5));
#12493=DIRECTION('',(0.,0.,-1.));
#12494=DIRECTION('center_axis',(0.,1.,0.));
#12495=DIRECTION('ref_axis',(0.707106781186549,0.,0.707106781186546));
#12496=DIRECTION('center_axis',(1.09962603967604E-16,-1.,0.));
#12497=DIRECTION('ref_axis',(0.707106781186549,0.,0.707106781186546));
#12498=DIRECTION('',(0.,-1.,0.));
#12499=DIRECTION('center_axis',(0.,1.,0.));
#12500=DIRECTION('ref_axis',(0.707106781186549,0.,0.707106781186546));
#12501=DIRECTION('',(0.,1.,0.));
#12502=DIRECTION('center_axis',(0.,0.,1.));
#12503=DIRECTION('ref_axis',(-1.,0.,0.));
#12504=DIRECTION('',(-1.,-1.09962603967604E-16,0.));
#12505=DIRECTION('',(-0.707106781186545,-0.70710678118655,0.));
#12506=DIRECTION('',(0.,-1.,0.));
#12507=DIRECTION('',(0.707106781186546,-0.707106781186549,0.));
#12508=DIRECTION('',(1.,0.,0.));
#12509=DIRECTION('center_axis',(0.,0.,-1.));
#12510=DIRECTION('ref_axis',(-1.,0.,0.));
#12511=DIRECTION('center_axis',(-1.09962603967604E-16,1.,0.));
#12512=DIRECTION('ref_axis',(-1.,-1.09962603967604E-16,0.));
#12513=DIRECTION('',(0.,0.,1.));
#12514=DIRECTION('',(-1.,-1.09962603967604E-16,-6.30730339625455E-17));
#12515=DIRECTION('',(-1.,-1.09962603967604E-16,0.));
#12516=DIRECTION('',(0.,0.,1.));
#12517=DIRECTION('center_axis',(0.,-0.497549195661876,0.867435760097669));
#12518=DIRECTION('ref_axis',(0.,0.867435760097669,0.497549195661876));
#12519=DIRECTION('',(0.,0.867435760097669,0.497549195661876));
#12520=DIRECTION('',(-1.,0.,0.));
#12521=DIRECTION('center_axis',(0.,-1.,0.));
#12522=DIRECTION('ref_axis',(0.,0.,1.));
#12523=DIRECTION('',(1.,0.,0.));
#12524=DIRECTION('',(0.,0.,1.));
#12525=DIRECTION('center_axis',(0.,1.,0.));
#12526=DIRECTION('ref_axis',(0.,0.,-1.));
#12527=DIRECTION('',(-1.,0.,0.));
#12528=DIRECTION('',(0.,0.,-1.));
#12529=DIRECTION('',(-1.,0.,0.));
#12530=DIRECTION('center_axis',(0.,0.5,0.866025403784439));
#12531=DIRECTION('ref_axis',(0.,0.866025403784439,-0.5));
#12532=DIRECTION('',(1.,0.,0.));
#12533=DIRECTION('',(0.,0.866025403784439,-0.5));
#12534=DIRECTION('center_axis',(0.,0.,-1.));
#12535=DIRECTION('ref_axis',(-1.,0.,0.));
#12536=DIRECTION('',(0.,-1.,0.));
#12537=DIRECTION('center_axis',(0.,0.,1.));
#12538=DIRECTION('ref_axis',(-1.,0.,0.));
#12539=DIRECTION('',(0.,0.,-1.));
#12540=DIRECTION('center_axis',(0.,0.,-1.));
#12541=DIRECTION('ref_axis',(-1.,0.,0.));
#12542=DIRECTION('center_axis',(-1.,0.,0.));
#12543=DIRECTION('ref_axis',(0.,-1.,0.));
#12544=DIRECTION('',(0.,1.,0.));
#12545=DIRECTION('',(0.,0.,1.));
#12546=DIRECTION('',(0.,0.,1.));
#12547=DIRECTION('center_axis',(-0.70710678118655,0.707106781186545,0.));
#12548=DIRECTION('ref_axis',(-0.707106781186545,-0.70710678118655,0.));
#12549=DIRECTION('',(0.707106781186545,0.70710678118655,0.));
#12550=DIRECTION('center_axis',(1.,0.,0.));
#12551=DIRECTION('ref_axis',(0.,1.,0.));
#12552=DIRECTION('',(0.,0.,1.));
#12553=DIRECTION('center_axis',(0.,-1.,0.));
#12554=DIRECTION('ref_axis',(1.,0.,0.));
#12555=DIRECTION('',(0.,0.,1.));
#12556=DIRECTION('',(-1.,0.,0.));
#12557=DIRECTION('center_axis',(-0.707106781186549,-0.707106781186546,0.));
#12558=DIRECTION('ref_axis',(0.707106781186546,-0.707106781186549,0.));
#12559=DIRECTION('',(0.707106781186546,-0.707106781186549,0.));
#12560=DIRECTION('center_axis',(0.,0.,1.));
#12561=DIRECTION('ref_axis',(-1.,0.,0.));
#12562=DIRECTION('center_axis',(0.,-1.,0.));
#12563=DIRECTION('ref_axis',(0.70710678118655,0.,0.707106781186545));
#12564=DIRECTION('center_axis',(0.,1.,0.));
#12565=DIRECTION('ref_axis',(0.70710678118655,0.,0.707106781186545));
#12566=DIRECTION('',(0.,-1.,0.));
#12567=DIRECTION('center_axis',(0.,-1.,0.));
#12568=DIRECTION('ref_axis',(0.70710678118655,0.,0.707106781186545));
#12569=DIRECTION('',(0.,1.,0.));
#12570=DIRECTION('center_axis',(-1.,0.,0.));
#12571=DIRECTION('ref_axis',(0.,1.,0.));
#12572=DIRECTION('',(0.,0.,-1.));
#12573=DIRECTION('',(0.,-0.867435760097669,-0.497549195661876));
#12574=DIRECTION('',(0.,0.,-1.));
#12575=DIRECTION('',(0.,1.,0.));
#12576=DIRECTION('',(0.,0.,1.));
#12577=DIRECTION('',(0.,-0.866025403784439,0.499999999999999));
#12578=DIRECTION('',(0.,0.,-1.));
#12579=DIRECTION('center_axis',(0.,1.,0.));
#12580=DIRECTION('ref_axis',(0.707106781186549,0.,0.707106781186546));
#12581=DIRECTION('center_axis',(0.,-1.,0.));
#12582=DIRECTION('ref_axis',(0.707106781186549,0.,0.707106781186546));
#12583=DIRECTION('',(0.,-1.,0.));
#12584=DIRECTION('center_axis',(0.,1.,0.));
#12585=DIRECTION('ref_axis',(0.707106781186549,0.,0.707106781186546));
#12586=DIRECTION('',(0.,1.,0.));
#12587=DIRECTION('center_axis',(0.,1.,0.));
#12588=DIRECTION('ref_axis',(-1.,0.,0.));
#12589=DIRECTION('',(0.,0.,1.));
#12590=DIRECTION('',(-1.,0.,0.));
#12591=DIRECTION('',(-1.,0.,0.));
#12592=DIRECTION('',(0.,0.,1.));
#12593=DIRECTION('',(-1.,0.,0.));
#12594=DIRECTION('center_axis',(1.,0.,0.));
#12595=DIRECTION('ref_axis',(0.,1.,0.));
#12596=DIRECTION('',(0.,0.,1.));
#12597=DIRECTION('',(0.,0.866025403784439,-0.499999999999999));
#12598=DIRECTION('',(0.,0.,-1.));
#12599=DIRECTION('',(0.,-1.,0.));
#12600=DIRECTION('',(0.,0.,1.));
#12601=DIRECTION('',(0.,0.867435760097669,0.497549195661876));
#12602=DIRECTION('center_axis',(0.,1.,0.));
#12603=DIRECTION('ref_axis',(0.,0.,-1.));
#12604=DIRECTION('',(-1.,0.,0.));
#12605=DIRECTION('',(-1.,0.,0.));
#12606=DIRECTION('center_axis',(0.,0.499999999999999,0.866025403784439));
#12607=DIRECTION('ref_axis',(0.,0.866025403784439,-0.499999999999999));
#12608=DIRECTION('',(1.,0.,0.));
#12609=DIRECTION('center_axis',(0.,-0.497549195661876,0.867435760097669));
#12610=DIRECTION('ref_axis',(0.,0.867435760097669,0.497549195661876));
#12611=DIRECTION('',(-1.,0.,0.));
#12612=DIRECTION('center_axis',(0.,-1.,0.));
#12613=DIRECTION('ref_axis',(0.,0.,1.));
#12614=DIRECTION('',(1.,0.,0.));
#12615=DIRECTION('center_axis',(0.,0.,-1.));
#12616=DIRECTION('ref_axis',(-1.,0.,0.));
#12617=DIRECTION('center_axis',(0.,0.,1.));
#12618=DIRECTION('ref_axis',(-1.,0.,0.));
#12619=DIRECTION('center_axis',(0.,0.,-1.));
#12620=DIRECTION('ref_axis',(-1.,0.,0.));
#12621=DIRECTION('',(0.,0.,-1.));
#12622=DIRECTION('center_axis',(0.,0.,-1.));
#12623=DIRECTION('ref_axis',(-1.,0.,0.));
#12624=DIRECTION('center_axis',(-1.,0.,0.));
#12625=DIRECTION('ref_axis',(0.,-1.,0.));
#12626=DIRECTION('',(0.,1.,0.));
#12627=DIRECTION('',(0.,0.,1.));
#12628=DIRECTION('',(0.,-1.,0.));
#12629=DIRECTION('',(0.,0.,1.));
#12630=DIRECTION('center_axis',(-0.70710678118655,0.707106781186545,0.));
#12631=DIRECTION('ref_axis',(-0.707106781186545,-0.70710678118655,0.));
#12632=DIRECTION('',(0.707106781186545,0.70710678118655,0.));
#12633=DIRECTION('',(-0.707106781186545,-0.70710678118655,0.));
#12634=DIRECTION('center_axis',(0.,-1.,0.));
#12635=DIRECTION('ref_axis',(1.,0.,0.));
#12636=DIRECTION('',(1.,0.,0.));
#12637=DIRECTION('',(0.,0.,1.));
#12638=DIRECTION('',(-1.,0.,0.));
#12639=DIRECTION('center_axis',(-0.707106781186548,-0.707106781186547,0.));
#12640=DIRECTION('ref_axis',(0.707106781186547,-0.707106781186548,0.));
#12641=DIRECTION('',(0.707106781186547,-0.707106781186548,0.));
#12642=DIRECTION('',(0.707106781186547,-0.707106781186548,0.));
#12643=DIRECTION('center_axis',(0.,0.,1.));
#12644=DIRECTION('ref_axis',(-1.,0.,0.));
#12645=DIRECTION('center_axis',(0.,0.,1.));
#12646=DIRECTION('ref_axis',(-1.,0.,0.));
#12647=DIRECTION('center_axis',(0.,0.,1.));
#12648=DIRECTION('ref_axis',(1.,0.,0.));
#12649=DIRECTION('center_axis',(0.,0.,-1.));
#12650=DIRECTION('ref_axis',(1.,0.,0.));
#12651=DIRECTION('center_axis',(1.85037170770859E-16,-1.,0.));
#12652=DIRECTION('ref_axis',(-1.,-1.85037170770859E-16,0.));
#12653=DIRECTION('center_axis',(0.,0.,1.));
#12654=DIRECTION('ref_axis',(1.,0.,0.));
#12655=DIRECTION('center_axis',(0.,0.,-1.));
#12656=DIRECTION('ref_axis',(1.,0.,0.));
#12657=DIRECTION('center_axis',(0.,0.,1.));
#12658=DIRECTION('ref_axis',(1.,0.,0.));
#12659=DIRECTION('center_axis',(0.,0.,-1.));
#12660=DIRECTION('ref_axis',(1.,0.,0.));
#12661=DIRECTION('center_axis',(0.,-1.,0.));
#12662=DIRECTION('ref_axis',(-1.,0.,0.));
#12663=DIRECTION('center_axis',(0.,0.,1.));
#12664=DIRECTION('ref_axis',(1.,0.,0.));
#12665=DIRECTION('center_axis',(0.,0.,-1.));
#12666=DIRECTION('ref_axis',(1.,0.,0.));
#12667=DIRECTION('center_axis',(0.,0.,1.));
#12668=DIRECTION('ref_axis',(1.,0.,0.));
#12669=DIRECTION('center_axis',(0.,0.,-1.));
#12670=DIRECTION('ref_axis',(1.,0.,0.));
#12671=DIRECTION('center_axis',(1.85037170770859E-16,-1.,0.));
#12672=DIRECTION('ref_axis',(-1.,-1.85037170770859E-16,0.));
#12673=DIRECTION('center_axis',(0.,0.,1.));
#12674=DIRECTION('ref_axis',(1.,0.,0.));
#12675=DIRECTION('center_axis',(0.,0.,-1.));
#12676=DIRECTION('ref_axis',(1.,0.,0.));
#12677=DIRECTION('center_axis',(0.,0.,1.));
#12678=DIRECTION('ref_axis',(1.,0.,0.));
#12679=DIRECTION('center_axis',(0.,0.,-1.));
#12680=DIRECTION('ref_axis',(1.,0.,0.));
#12681=DIRECTION('center_axis',(0.,-1.,0.));
#12682=DIRECTION('ref_axis',(-1.,0.,0.));
#12683=DIRECTION('center_axis',(0.,0.,1.));
#12684=DIRECTION('ref_axis',(1.,0.,0.));
#12685=DIRECTION('center_axis',(0.,0.,-1.));
#12686=DIRECTION('ref_axis',(1.,0.,0.));
#12687=DIRECTION('center_axis',(0.,0.,1.));
#12688=DIRECTION('ref_axis',(1.,0.,0.));
#12689=DIRECTION('center_axis',(0.,0.,-1.));
#12690=DIRECTION('ref_axis',(1.,0.,0.));
#12691=DIRECTION('center_axis',(0.,-1.,0.));
#12692=DIRECTION('ref_axis',(-1.,0.,0.));
#12693=DIRECTION('center_axis',(0.,0.,1.));
#12694=DIRECTION('ref_axis',(1.,0.,0.));
#12695=DIRECTION('center_axis',(0.,0.,-1.));
#12696=DIRECTION('ref_axis',(1.,0.,0.));
#12697=DIRECTION('center_axis',(0.,0.,1.));
#12698=DIRECTION('ref_axis',(1.,0.,0.));
#12699=DIRECTION('center_axis',(0.,0.,-1.));
#12700=DIRECTION('ref_axis',(1.,0.,0.));
#12701=DIRECTION('center_axis',(0.,-1.,0.));
#12702=DIRECTION('ref_axis',(-1.,0.,0.));
#12703=DIRECTION('center_axis',(0.,0.,1.));
#12704=DIRECTION('ref_axis',(1.,0.,0.));
#12705=DIRECTION('center_axis',(0.,0.,-1.));
#12706=DIRECTION('ref_axis',(1.,0.,0.));
#12707=CARTESIAN_POINT('',(0.,0.,0.));
#12708=CARTESIAN_POINT('Origin',(-8.22596650185456,-9.4412709363409,2.175));
#12709=CARTESIAN_POINT('',(-8.92596650185456,-9.4412709363409,4.5));
#12710=CARTESIAN_POINT('',(-8.22596650185456,-8.7412709363409,4.5));
#12711=CARTESIAN_POINT('Origin',(-8.22596650185456,-9.4412709363409,4.5));
#12712=CARTESIAN_POINT('',(-8.22596650185456,-8.7412709363409,4.2));
#12713=CARTESIAN_POINT('',(-8.22596650185456,-8.7412709363409,2.175));
#12714=CARTESIAN_POINT('',(-8.92596650185456,-9.4412709363409,4.20000000000001));
#12715=CARTESIAN_POINT('Origin',(-8.22596650185456,-9.4412709363409,4.2));
#12716=CARTESIAN_POINT('',(-8.92596650185456,-9.4412709363409,2.175));
#12717=CARTESIAN_POINT('Origin',(-6.84047277085781,-8.7412709363409,4.35));
#12718=CARTESIAN_POINT('',(-5.45497903986105,-8.7412709363409,4.5));
#12719=CARTESIAN_POINT('',(-8.92596650185456,-8.7412709363409,4.5));
#12720=CARTESIAN_POINT('',(-5.45497903986105,-8.7412709363409,4.2));
#12721=CARTESIAN_POINT('',(-5.45497903986105,-8.7412709363409,4.025));
#12722=CARTESIAN_POINT('',(-4.75497903986105,-8.7412709363409,4.2));
#12723=CARTESIAN_POINT('Origin',(-6.84047277085781,-10.9912709363409,4.5));
#12724=CARTESIAN_POINT('',(-8.92596650185456,-10.1412709363409,4.5));
#12725=CARTESIAN_POINT('',(-8.92596650185456,-10.8412709363409,4.5));
#12726=CARTESIAN_POINT('',(-4.75497903986105,-10.1412709363409,4.5));
#12727=CARTESIAN_POINT('',(-7.88321963635618,-10.1412709363409,4.5));
#12728=CARTESIAN_POINT('',(-4.75497903986105,-9.4412709363409,4.5));
#12729=CARTESIAN_POINT('',(-4.75497903986105,-11.1412709363409,4.5));
#12730=CARTESIAN_POINT('Origin',(-5.45497903986105,-9.4412709363409,4.5));
#12731=CARTESIAN_POINT('Origin',(-5.45497903986105,-9.4412709363409,4.025));
#12732=CARTESIAN_POINT('',(-4.75497903986105,-9.4412709363409,4.2));
#12733=CARTESIAN_POINT('Origin',(-5.45497903986105,-9.4412709363409,4.2));
#12734=CARTESIAN_POINT('',(-4.75497903986105,-9.4412709363409,4.025));
#12735=CARTESIAN_POINT('Origin',(-4.75497903986105,-11.1412709363409,3.7));
#12736=CARTESIAN_POINT('',(-4.75497903986105,-11.1210668334542,3.7));
#12737=CARTESIAN_POINT('Origin',(-4.75497903986105,-10.1412709363409,3.5));
#12738=CARTESIAN_POINT('',(-4.75497903986105,-10.8412709363409,3.7));
#12739=CARTESIAN_POINT('',(-4.75497903986105,-11.0662709363409,3.7));
#12740=CARTESIAN_POINT('',(-4.75497903986105,-10.035045161511,4.2));
#12741=CARTESIAN_POINT('Origin',(-4.75497903986105,-10.035045161511,3.3));
#12742=CARTESIAN_POINT('',(-4.75497903986105,-10.8412709363409,4.2));
#12743=CARTESIAN_POINT('Origin',(7.31687246488446,-9.44127093634089,4.275));
#12744=CARTESIAN_POINT('',(8.01687246488446,-9.44127093634089,4.2));
#12745=CARTESIAN_POINT('',(7.31687246488446,-8.74127093634089,4.2));
#12746=CARTESIAN_POINT('Origin',(7.31687246488446,-9.44127093634089,4.2));
#12747=CARTESIAN_POINT('',(7.31687246488446,-8.74127093634089,4.49999991218911));
#12748=CARTESIAN_POINT('',(7.31687246488446,-8.74127093634089,4.275));
#12749=CARTESIAN_POINT('',(8.01687246488446,-9.44127093634089,4.49999989941716));
#12750=CARTESIAN_POINT('Origin',(7.31687246488446,-9.44127093634089,4.49999991218911));
#12751=CARTESIAN_POINT('',(8.01687246488446,-9.44127093634089,4.275));
#12752=CARTESIAN_POINT('Origin',(5.26051972689883,-8.74127093634089,4.35));
#12753=CARTESIAN_POINT('',(3.2041669889132,-8.74127093634089,4.2));
#12754=CARTESIAN_POINT('',(2.5041669889132,-8.74127093634089,4.2));
#12755=CARTESIAN_POINT('',(3.2041669889132,-8.7412709363409,4.49999998722805));
#12756=CARTESIAN_POINT('',(3.2041669889132,-8.74127093634089,4.025));
#12757=CARTESIAN_POINT('',(8.01687246488446,-8.74127093634089,4.49999989941716));
#12758=CARTESIAN_POINT('Origin',(7.87403349814543,-10.8412709363409,4.2));
#12759=CARTESIAN_POINT('',(8.01687246488446,-9.95103200725733,4.2));
#12760=CARTESIAN_POINT('',(8.01687246488446,-10.8412709363409,4.2));
#12761=CARTESIAN_POINT('',(7.87403349814544,-9.9412709363409,4.2));
#12762=CARTESIAN_POINT('Origin',(7.87403349814544,-10.9912709363409,4.2));
#12763=CARTESIAN_POINT('',(2.5041669889132,-9.9412709363409,4.2));
#12764=CARTESIAN_POINT('',(7.94903349814544,-9.9412709363409,4.2));
#12765=CARTESIAN_POINT('',(2.5041669889132,-9.44127093634089,4.2));
#12766=CARTESIAN_POINT('',(2.5041669889132,-10.8412709363409,4.2));
#12767=CARTESIAN_POINT('Origin',(3.2041669889132,-9.44127093634089,4.2));
#12768=CARTESIAN_POINT('Origin',(3.2041669889132,-9.44127093634089,4.025));
#12769=CARTESIAN_POINT('',(2.50416698891321,-9.44127093634089,4.5));
#12770=CARTESIAN_POINT('Origin',(3.2041669889132,-9.44127093634089,4.49999998722805));
#12771=CARTESIAN_POINT('',(2.5041669889132,-9.44127093634089,4.025));
#12772=CARTESIAN_POINT('Origin',(2.5041669889132,-10.8412709363409,3.7));
#12773=CARTESIAN_POINT('',(2.5041669889132,-10.7474967111708,3.7));
#12774=CARTESIAN_POINT('Origin',(2.5041669889132,-9.9412709363409,3.3));
#12775=CARTESIAN_POINT('',(2.50416698891321,-11.1210668334542,3.7));
#12776=CARTESIAN_POINT('',(2.5041669889132,-10.9162709363409,3.7));
#12777=CARTESIAN_POINT('',(2.50416698891321,-10.1412709363409,4.5));
#12778=CARTESIAN_POINT('Origin',(2.50416698891321,-10.1412709363409,3.5));
#12779=CARTESIAN_POINT('',(2.50416698891321,-10.8412709363409,4.5));
#12780=CARTESIAN_POINT('Origin',(-3.82706588117378,6.8587290636591,4.125));
#12781=CARTESIAN_POINT('',(-4.32706588117378,6.8587290636591,4.4));
#12782=CARTESIAN_POINT('',(-3.82706588117378,6.3587290636591,4.4));
#12783=CARTESIAN_POINT('Origin',(-3.82706588117378,6.8587290636591,4.4));
#12784=CARTESIAN_POINT('',(-3.82706588117378,6.3587290636591,4.7));
#12785=CARTESIAN_POINT('',(-3.82706588117378,6.3587290636591,4.125));
#12786=CARTESIAN_POINT('',(-4.32706588117378,6.8587290636591,4.7));
#12787=CARTESIAN_POINT('Origin',(-3.82706588117378,6.8587290636591,4.7));
#12788=CARTESIAN_POINT('',(-4.32706588117378,6.8587290636591,4.125));
#12789=CARTESIAN_POINT('Origin',(-4.32706588117378,7.8587290636591,3.7));
#12790=CARTESIAN_POINT('',(-4.32706588117378,7.1587290636591,4.7));
#12791=CARTESIAN_POINT('',(-4.32706588117378,7.8587290636591,4.7));
#12792=CARTESIAN_POINT('',(-4.32706588117378,7.8587290636591,4.));
#12793=CARTESIAN_POINT('Origin',(-4.32706588117378,7.1587290636591,4.));
#12794=CARTESIAN_POINT('',(-4.32706588117378,7.8587290636591,3.7));
#12795=CARTESIAN_POINT('',(-4.32706588117378,7.8587290636591,3.7));
#12796=CARTESIAN_POINT('',(-4.32706588117378,7.5587290636591,3.7));
#12797=CARTESIAN_POINT('',(-4.32706588117378,7.7837290636591,3.7));
#12798=CARTESIAN_POINT('',(-4.32706588117378,7.5587290636591,4.4));
#12799=CARTESIAN_POINT('',(-4.32706588117378,7.5587290636591,3.7));
#12800=CARTESIAN_POINT('',(-4.32706588117378,7.5587290636591,4.4));
#12801=CARTESIAN_POINT('Origin',(-1.1930095599831,7.7087290636591,4.7));
#12802=CARTESIAN_POINT('',(1.44104676120758,6.3587290636591,4.7));
#12803=CARTESIAN_POINT('',(1.94104676120758,6.3587290636591,4.7));
#12804=CARTESIAN_POINT('',(1.94104676120758,6.85872906365911,4.7));
#12805=CARTESIAN_POINT('Origin',(1.44104676120758,6.85872906365911,4.7));
#12806=CARTESIAN_POINT('',(1.94104676120758,7.1587290636591,4.7));
#12807=CARTESIAN_POINT('',(1.94104676120758,7.5587290636591,4.7));
#12808=CARTESIAN_POINT('',(-0.30948803091883,7.1587290636591,4.7));
#12809=CARTESIAN_POINT('Origin',(1.44104676120758,6.85872906365911,4.125));
#12810=CARTESIAN_POINT('',(1.44104676120758,6.3587290636591,4.4));
#12811=CARTESIAN_POINT('',(1.44104676120758,6.3587290636591,4.125));
#12812=CARTESIAN_POINT('',(1.94104676120758,6.85872906365911,4.4));
#12813=CARTESIAN_POINT('Origin',(1.44104676120758,6.85872906365911,4.4));
#12814=CARTESIAN_POINT('',(1.94104676120758,6.85872906365911,4.125));
#12815=CARTESIAN_POINT('Origin',(1.94104676120758,7.5587290636591,3.7));
#12816=CARTESIAN_POINT('',(1.94104676120758,7.5587290636591,4.4));
#12817=CARTESIAN_POINT('',(1.94104676120758,7.5587290636591,4.4));
#12818=CARTESIAN_POINT('',(1.94104676120758,7.5587290636591,3.7));
#12819=CARTESIAN_POINT('',(1.94104676120758,7.5587290636591,3.7));
#12820=CARTESIAN_POINT('',(1.94104676120758,7.8587290636591,3.7));
#12821=CARTESIAN_POINT('',(1.94104676120758,7.63372906365911,3.7));
#12822=CARTESIAN_POINT('',(1.94104676120758,7.8587290636591,4.));
#12823=CARTESIAN_POINT('',(1.94104676120758,7.8587290636591,3.7));
#12824=CARTESIAN_POINT('Origin',(1.94104676120758,7.1587290636591,4.));
#12825=CARTESIAN_POINT('Origin',(-4.32706588117378,7.5587290636591,4.4));
#12826=CARTESIAN_POINT('',(-4.32706588117378,7.5587290636591,4.4));
#12827=CARTESIAN_POINT('',(-4.32706588117378,6.3587290636591,4.4));
#12828=CARTESIAN_POINT('Origin',(-0.30948803091883,7.1587290636591,4.));
#12829=CARTESIAN_POINT('',(-0.30948803091883,7.8587290636591,4.));
#12830=CARTESIAN_POINT('Origin',(-1.1930095599831,6.3587290636591,4.55));
#12831=CARTESIAN_POINT('Origin',(2.12403349814544,7.7087290636591,3.7));
#12832=CARTESIAN_POINT('',(3.17403349814544,7.5587290636591,3.7));
#12833=CARTESIAN_POINT('',(-8.92596650185456,7.5587290636591,3.7));
#12834=CARTESIAN_POINT('',(3.17403349814544,7.8587290636591,3.7));
#12835=CARTESIAN_POINT('',(3.17403349814544,7.63372906365911,3.7));
#12836=CARTESIAN_POINT('',(8.02403349814544,7.8587290636591,3.7));
#12837=CARTESIAN_POINT('Origin',(3.78653349814544,-10.035045161511,3.29999999999999));
#12838=CARTESIAN_POINT('',(-8.92596650185456,-10.035045161511,4.20000000000001));
#12839=CARTESIAN_POINT('',(-8.92596650185456,-10.8412709363409,3.7));
#12840=CARTESIAN_POINT('Origin',(-8.92596650185456,-10.035045161511,3.30000000000001));
#12841=CARTESIAN_POINT('',(3.78653349814544,-10.035045161511,4.19999999999999));
#12842=CARTESIAN_POINT('',(3.78653349814544,-10.8412709363409,3.7));
#12843=CARTESIAN_POINT('Origin',(7.94903349814544,-9.9412709363409,3.3));
#12844=CARTESIAN_POINT('',(7.87403349814544,-10.8412709363409,3.3));
#12845=CARTESIAN_POINT('Origin',(7.87403349814544,-9.9412709363409,3.3));
#12846=CARTESIAN_POINT('',(-8.92596650185456,-10.8412709363409,3.3));
#12847=CARTESIAN_POINT('',(7.94903349814544,-10.8412709363409,3.3));
#12848=CARTESIAN_POINT('',(-8.92596650185456,-10.7474967111708,3.7));
#12849=CARTESIAN_POINT('Origin',(-8.92596650185456,-9.9412709363409,3.3));
#12850=CARTESIAN_POINT('',(7.94903349814544,-10.7474967111708,3.7));
#12851=CARTESIAN_POINT('Origin',(7.87403349814544,-10.9912709363409,3.3));
#12852=CARTESIAN_POINT('',(8.01687246488446,-10.9454776007894,3.3));
#12853=CARTESIAN_POINT('Ctrl Pts',(8.01687246488446,-9.95103200725733,4.2));
#12854=CARTESIAN_POINT('Ctrl Pts',(8.01687246488446,-10.0652603918666,4.2));
#12855=CARTESIAN_POINT('Ctrl Pts',(8.01687246488446,-10.1996487244984,4.17299862231156));
#12856=CARTESIAN_POINT('Ctrl Pts',(8.01687246488446,-10.4142094776383,4.08454802097803));
#12857=CARTESIAN_POINT('Ctrl Pts',(8.01687246488446,-10.5317735413069,4.00594837423128));
#12858=CARTESIAN_POINT('Ctrl Pts',(8.01687246488446,-10.7055797088327,3.83703944351252));
#12859=CARTESIAN_POINT('Ctrl Pts',(8.01687246488446,-10.7913073359074,3.71466513373408));
#12860=CARTESIAN_POINT('Ctrl Pts',(8.01687246488446,-10.8933459725891,3.51253713062223));
#12861=CARTESIAN_POINT('Ctrl Pts',(8.01687246488446,-10.9454776007894,3.40191142868654));
#12862=CARTESIAN_POINT('Ctrl Pts',(8.01687246488446,-10.9454776007894,3.3));
#12863=CARTESIAN_POINT('Origin',(7.87403349814544,-10.9912709363409,3.3));
#12864=CARTESIAN_POINT('Origin',(-7.88321963635618,-10.1412709363409,3.5));
#12865=CARTESIAN_POINT('',(-8.92596650185456,-11.1412709363409,3.5));
#12866=CARTESIAN_POINT('Origin',(-8.92596650185456,-10.1412709363409,3.5));
#12867=CARTESIAN_POINT('',(8.02403349814544,-11.1412709363409,3.5));
#12868=CARTESIAN_POINT('',(-7.88321963635618,-11.1412709363409,3.5));
#12869=CARTESIAN_POINT('',(8.02403349814544,-10.9912709363409,4.02678268764264));
#12870=CARTESIAN_POINT('Origin',(8.02403349814544,-10.1412709363409,3.5));
#12871=CARTESIAN_POINT('',(8.01687246060654,-10.945477574102,4.09434979917639));
#12872=CARTESIAN_POINT('Ctrl Pts',(8.02403349814544,-10.9912709363409,4.02678268764264));
#12873=CARTESIAN_POINT('Ctrl Pts',(8.02403349814544,-10.9775040653467,4.04899647829969));
#12874=CARTESIAN_POINT('Ctrl Pts',(8.02209955582566,-10.9617819774035,4.072288532599));
#12875=CARTESIAN_POINT('Ctrl Pts',(8.01687245632861,-10.945477574102,4.09434979917639));
#12876=CARTESIAN_POINT('',(8.01687246488446,-10.1412709363409,4.49999989941716));
#12877=CARTESIAN_POINT('Origin',(8.01687246488446,-10.1412709363409,3.5));
#12878=CARTESIAN_POINT('',(-7.88321961811054,-10.1412709363409,4.50000018952452));
#12879=CARTESIAN_POINT('',(-7.88321963635618,-11.1210668334542,3.7));
#12880=CARTESIAN_POINT('Origin',(7.87403349814544,-10.9912709363409,0.));
#12881=CARTESIAN_POINT('',(8.01687246488446,-10.9454776007894,0.));
#12882=CARTESIAN_POINT('',(8.02403349814544,-10.9912709363409,0.3));
#12883=CARTESIAN_POINT('',(8.02403349814544,-10.9912709363409,0.));
#12884=CARTESIAN_POINT('',(7.87403349814544,-10.8412709363409,0.3));
#12885=CARTESIAN_POINT('Origin',(7.87403349814544,-10.9912709363409,0.3));
#12886=CARTESIAN_POINT('',(7.87403349814544,-10.8412709363409,0.));
#12887=CARTESIAN_POINT('Origin',(8.02403349814544,-10.8412709363409,0.));
#12888=CARTESIAN_POINT('',(8.02403349814544,-11.1412709363409,0.3));
#12889=CARTESIAN_POINT('',(8.02403349814544,-11.1412709363409,0.));
#12890=CARTESIAN_POINT('',(8.02403349814544,-10.8412709363409,0.));
#12891=CARTESIAN_POINT('Origin',(8.02403349814544,-10.8412709363409,0.3));
#12892=CARTESIAN_POINT('',(8.02403349814544,-8.07530133132655,0.));
#12893=CARTESIAN_POINT('',(8.02403349814544,-11.1412709363409,0.));
#12894=CARTESIAN_POINT('',(8.02403349814544,-8.07530133132655,0.3));
#12895=CARTESIAN_POINT('',(8.02403349814544,-8.07530133132655,0.));
#12896=CARTESIAN_POINT('',(8.02403349814544,-11.1412709363409,0.3));
#12897=CARTESIAN_POINT('Origin',(-8.92596650185456,-11.1412709363409,0.));
#12898=CARTESIAN_POINT('',(-8.92596650185456,-11.1412709363409,0.3));
#12899=CARTESIAN_POINT('',(-8.92596650185456,-11.1412709363409,0.));
#12900=CARTESIAN_POINT('',(-0.525952835903921,-11.1412709363409,0.3));
#12901=CARTESIAN_POINT('Origin',(-8.92596650185456,-7.17613764139461,0.));
#12902=CARTESIAN_POINT('',(-8.92596650185456,-10.8412709363409,4.20000000000001));
#12903=CARTESIAN_POINT('',(-8.92596650185456,-9.08370428886775,3.7));
#12904=CARTESIAN_POINT('',(-8.92596650185456,-10.8412709363409,0.3));
#12905=CARTESIAN_POINT('',(-8.92596650185456,-10.8412709363409,0.));
#12906=CARTESIAN_POINT('',(-8.92596650185456,-7.17613764139461,0.3));
#12907=CARTESIAN_POINT('',(-8.92596650185456,7.8587290636591,0.3));
#12908=CARTESIAN_POINT('',(-8.92596650185456,-7.17613764139461,0.));
#12909=CARTESIAN_POINT('',(-8.92596650185456,-7.17613764139461,0.));
#12910=CARTESIAN_POINT('',(-8.92596650185456,-10.8412709363409,0.));
#12911=CARTESIAN_POINT('',(-8.92596650185456,7.8587290636591,0.));
#12912=CARTESIAN_POINT('Origin',(-8.92596650185456,-10.8412709363409,0.3));
#12913=CARTESIAN_POINT('Origin',(8.01687246488446,-10.8412709363409,4.2));
#12914=CARTESIAN_POINT('',(8.01687246488446,-10.8412709363409,4.49999989941716));
#12915=CARTESIAN_POINT('Origin',(8.01687246488446,-10.8412709363409,4.49999989941716));
#12916=CARTESIAN_POINT('Origin',(-4.75497903986105,-10.8412709363409,4.2));
#12917=CARTESIAN_POINT('Origin',(-0.450966501854563,-10.9912709363409,3.7));
#12918=CARTESIAN_POINT('Origin',(-8.7547096270806,0.823862358605388,1.09999997094274));
#12919=CARTESIAN_POINT('',(-8.62596650185455,0.823862358605388,1.29999997094274));
#12920=CARTESIAN_POINT('',(-8.62596650185456,1.02386235860539,1.09999997094274));
#12921=CARTESIAN_POINT('Origin',(-8.62596650185459,0.823862358605388,1.09999997094274));
#12922=CARTESIAN_POINT('',(-8.92596650185456,1.02386235860539,1.09999997094274));
#12923=CARTESIAN_POINT('',(-8.7547096270806,1.02386235860539,1.09999997094274));
#12924=CARTESIAN_POINT('',(-8.92596650185456,0.823862358605387,1.29999997094274));
#12925=CARTESIAN_POINT('Origin',(-8.92596650185457,0.823862358605387,1.09999997094274));
#12926=CARTESIAN_POINT('',(-8.7547096270806,0.823862358605388,1.29999997094274));
#12927=CARTESIAN_POINT('Origin',(-8.58345275230664,1.02386235860539,0.));
#12928=CARTESIAN_POINT('',(-8.62596650185456,1.02386235860539,0.3));
#12929=CARTESIAN_POINT('',(-8.62596650185456,1.02386235860539,0.));
#12930=CARTESIAN_POINT('',(-8.58345275230664,1.02386235860539,0.3));
#12931=CARTESIAN_POINT('',(-8.92596650185456,1.02386235860539,0.3));
#12932=CARTESIAN_POINT('',(-8.58345275230664,1.02386235860539,0.));
#12933=CARTESIAN_POINT('',(-8.58345275230664,1.02386235860539,0.));
#12934=CARTESIAN_POINT('',(-8.92596650185456,1.02386235860539,0.));
#12935=CARTESIAN_POINT('',(-8.92596650185456,1.02386235860539,0.));
#12936=CARTESIAN_POINT('',(-8.92596650185456,1.02386235860539,0.));
#12937=CARTESIAN_POINT('Origin',(-8.62596650185457,-6.67613764139462,0.));
#12938=CARTESIAN_POINT('',(-8.62596650185455,0.273862358605387,1.29999997094274));
#12939=CARTESIAN_POINT('',(-8.62596650185456,-3.32613764139461,1.29999997094274));
#12940=CARTESIAN_POINT('',(-8.62596650185455,0.0238623586053877,1.54999997094274));
#12941=CARTESIAN_POINT('Origin',(-8.62596650185457,0.273862358605387,1.54999997094274));
#12942=CARTESIAN_POINT('',(-8.62596650185455,0.0238623586053877,3.04999997094274));
#12943=CARTESIAN_POINT('',(-8.62596650185455,0.0238623586053877,1.64999998547137));
#12944=CARTESIAN_POINT('',(-8.62596650185455,0.273862358605387,3.29999997094274));
#12945=CARTESIAN_POINT('Origin',(-8.62596650185457,0.273862358605387,3.04999997094274));
#12946=CARTESIAN_POINT('',(-8.62596650185455,0.823862358605388,3.29999997094274));
#12947=CARTESIAN_POINT('',(-8.62596650185456,-2.82613764139461,3.29999997094274));
#12948=CARTESIAN_POINT('',(-8.62596650185456,1.02386235860539,3.5));
#12949=CARTESIAN_POINT('Origin',(-8.62596650185459,0.823862358605388,3.49999997094274));
#12950=CARTESIAN_POINT('',(-8.62596650185455,0.523862358605388,4.));
#12951=CARTESIAN_POINT('Origin',(-8.62596650185459,0.523862358605388,3.5));
#12952=CARTESIAN_POINT('',(-8.62596650185457,-6.17613764139462,4.));
#12953=CARTESIAN_POINT('',(-8.62596650185456,-3.68800226362952,4.));
#12954=CARTESIAN_POINT('',(-8.62596650185457,-6.67613764139462,3.5));
#12955=CARTESIAN_POINT('Origin',(-8.62596650185457,-6.17613764139462,3.5));
#12956=CARTESIAN_POINT('',(-8.62596650185457,-6.67613764139461,0.3));
#12957=CARTESIAN_POINT('',(-8.62596650185457,-6.67613764139462,0.));
#12958=CARTESIAN_POINT('',(-8.62596650185456,-3.68800226362952,0.3));
#12959=CARTESIAN_POINT('',(-8.62596650185456,-3.68800226362952,0.3));
#12960=CARTESIAN_POINT('',(-8.62596650185456,-2.43137724931748,0.3));
#12961=CARTESIAN_POINT('',(-8.62596650185456,0.311997736370446,0.3));
#12962=CARTESIAN_POINT('',(-8.62596650185456,-2.43137724931748,-1.45));
#12963=CARTESIAN_POINT('',(-8.62596650185456,-2.43137724931748,0.));
#12964=CARTESIAN_POINT('',(-8.62596650185456,-0.931377249317477,-1.45));
#12965=CARTESIAN_POINT('Origin',(-8.62596650185457,-1.68137724931748,-1.45));
#12966=CARTESIAN_POINT('',(-8.62596650185456,-0.931377249317477,0.3));
#12967=CARTESIAN_POINT('',(-8.62596650185456,-0.931377249317477,0.));
#12968=CARTESIAN_POINT('',(-8.62596650185456,0.311997736370446,0.3));
#12969=CARTESIAN_POINT('',(-8.62596650185456,0.311997736370446,0.3));
#12970=CARTESIAN_POINT('',(-8.62596650185456,0.311997736370446,0.3));
#12971=CARTESIAN_POINT('',(-8.62596650185457,-4.62613764139461,3.29999992623925));
#12972=CARTESIAN_POINT('',(-8.62596650185456,-3.82613764139461,3.29999992623925));
#12973=CARTESIAN_POINT('',(-8.62596650185457,-5.12613764139461,3.29999992623925));
#12974=CARTESIAN_POINT('',(-8.62596650185456,-3.57613764139461,3.04999992623925));
#12975=CARTESIAN_POINT('Origin',(-8.62596650185457,-3.82613764139461,3.04999992623925));
#12976=CARTESIAN_POINT('',(-8.62596650185456,-3.57613764139461,1.54999992623925));
#12977=CARTESIAN_POINT('',(-8.62596650185456,-3.57613764139461,0.649999963119626));
#12978=CARTESIAN_POINT('',(-8.62596650185456,-3.82613764139461,1.29999992623925));
#12979=CARTESIAN_POINT('Origin',(-8.62596650185457,-3.82613764139461,1.54999992623925));
#12980=CARTESIAN_POINT('',(-8.62596650185457,-4.62613764139461,1.29999992623925));
#12981=CARTESIAN_POINT('',(-8.62596650185457,-5.77613764139461,1.29999992623925));
#12982=CARTESIAN_POINT('',(-8.62596650185457,-4.87613764139461,1.54999992623925));
#12983=CARTESIAN_POINT('Origin',(-8.62596650185457,-4.62613764139461,1.54999992623925));
#12984=CARTESIAN_POINT('',(-8.62596650185457,-4.87613764139461,3.04999992623925));
#12985=CARTESIAN_POINT('',(-8.62596650185457,-4.87613764139461,1.64999996311963));
#12986=CARTESIAN_POINT('Origin',(-8.62596650185457,-4.62613764139461,3.04999992623925));
#12987=CARTESIAN_POINT('',(-8.62596650185456,-2.17613764139461,3.29999992623925));
#12988=CARTESIAN_POINT('',(-8.62596650185455,-1.37613764139461,3.29999992623925));
#12989=CARTESIAN_POINT('',(-8.62596650185456,-3.90113764139461,3.29999992623925));
#12990=CARTESIAN_POINT('',(-8.62596650185455,-1.12613764139461,3.04999992623925));
#12991=CARTESIAN_POINT('Origin',(-8.62596650185457,-1.37613764139461,3.04999992623925));
#12992=CARTESIAN_POINT('',(-8.62596650185455,-1.12613764139461,1.54999996234591));
#12993=CARTESIAN_POINT('',(-8.62596650185455,-1.12613764139461,0.649999985471368));
#12994=CARTESIAN_POINT('',(-8.62596650185455,-1.37613763279779,1.29999996234591));
#12995=CARTESIAN_POINT('Origin',(-8.62596650185457,-1.37613764139461,1.54999996234591));
#12996=CARTESIAN_POINT('',(-8.62596650185456,-2.17613763279779,1.29999993483608));
#12997=CARTESIAN_POINT('',(-8.62596650185457,-4.55113766374635,1.29999985316625));
#12998=CARTESIAN_POINT('',(-8.62596650185456,-2.42613764139461,1.54999993483608));
#12999=CARTESIAN_POINT('Origin',(-8.62596650185457,-2.17613764139461,1.54999993483608));
#13000=CARTESIAN_POINT('',(-8.62596650185456,-2.42613764139461,3.04999992623925));
#13001=CARTESIAN_POINT('',(-8.62596650185456,-2.42613764139461,1.64999996311963));
#13002=CARTESIAN_POINT('Origin',(-8.62596650185457,-2.17613764139461,3.04999992623925));
#13003=CARTESIAN_POINT('Origin',(-8.7547096270806,0.823862358605388,3.49999997094274));
#13004=CARTESIAN_POINT('',(-8.92596650185456,0.823862358605387,3.29999997094274));
#13005=CARTESIAN_POINT('',(-8.92596650185456,1.02386235860539,3.5));
#13006=CARTESIAN_POINT('Origin',(-8.92596650185457,0.823862358605387,3.49999997094274));
#13007=CARTESIAN_POINT('',(-8.67970962708061,1.02386235860539,3.5));
#13008=CARTESIAN_POINT('',(-8.7547096270806,0.823862358605388,3.29999997094274));
#13009=CARTESIAN_POINT('Origin',(8.02403349814544,-6.32530133132656,1.4499999832614));
#13010=CARTESIAN_POINT('',(8.02403349814544,-6.57530133132656,1.4499999832614));
#13011=CARTESIAN_POINT('',(8.02403349814544,-6.32530132124307,1.1999999832614));
#13012=CARTESIAN_POINT('Origin',(8.02403349814544,-6.32530133132656,1.4499999832614));
#13013=CARTESIAN_POINT('',(7.72408816194801,-6.32530132124307,1.1999999832614));
#13014=CARTESIAN_POINT('',(8.02403349814544,-6.32530132124307,1.1999999832614));
#13015=CARTESIAN_POINT('',(7.72408816194801,-6.57530133132656,1.4499999832614));
#13016=CARTESIAN_POINT('Origin',(7.72408816194802,-6.32530133132656,1.4499999832614));
#13017=CARTESIAN_POINT('',(8.02403349814544,-6.57530133132656,1.4499999832614));
#13018=CARTESIAN_POINT('Origin',(8.02403349814544,-5.91030133132656,1.2));
#13019=CARTESIAN_POINT('',(8.02403349814544,-5.91030133132656,1.2));
#13020=CARTESIAN_POINT('',(8.02403349814544,-6.74280135552694,1.19999996642197));
#13021=CARTESIAN_POINT('',(7.72408816194801,-5.91030133132656,1.2));
#13022=CARTESIAN_POINT('',(8.02403349814544,-5.91030133132656,1.2));
#13023=CARTESIAN_POINT('',(7.72408816194802,-5.07493799677287,1.20000003369352));
#13024=CARTESIAN_POINT('Origin',(8.02403349814544,-6.32530133132656,2.95));
#13025=CARTESIAN_POINT('',(8.02403349814544,-6.32530133132656,3.2));
#13026=CARTESIAN_POINT('',(8.02403349814544,-6.57530133132656,2.95));
#13027=CARTESIAN_POINT('Origin',(8.02403349814544,-6.32530133132656,2.95));
#13028=CARTESIAN_POINT('',(7.72408816194801,-6.57530133132656,2.95));
#13029=CARTESIAN_POINT('',(8.02403349814544,-6.57530133132656,2.95));
#13030=CARTESIAN_POINT('',(7.72408816194801,-6.32530133132656,3.2));
#13031=CARTESIAN_POINT('Origin',(7.72408816194802,-6.32530133132656,2.95));
#13032=CARTESIAN_POINT('',(8.02403349814544,-6.32530133132656,3.2));
#13033=CARTESIAN_POINT('Origin',(8.02403349814544,-6.57530133132656,1.19999997317791));
#13034=CARTESIAN_POINT('',(7.72408816194801,-6.57530133132656,0.599999986588955));
#13035=CARTESIAN_POINT('',(8.02403349814544,-6.57530133132656,0.599999986588955));
#13036=CARTESIAN_POINT('Origin',(8.02403349814544,-5.49530133132655,2.95));
#13037=CARTESIAN_POINT('',(8.02403349814544,-5.24530133132655,2.95));
#13038=CARTESIAN_POINT('',(8.02403349814544,-5.49530133132655,3.2));
#13039=CARTESIAN_POINT('Origin',(8.02403349814544,-5.49530133132655,2.95));
#13040=CARTESIAN_POINT('',(7.72408816194801,-5.49530133132655,3.2));
#13041=CARTESIAN_POINT('',(8.02403349814544,-5.49530133132655,3.2));
#13042=CARTESIAN_POINT('',(7.72408816194802,-5.24530133132655,2.95));
#13043=CARTESIAN_POINT('Origin',(7.72408816194802,-5.49530133132655,2.95));
#13044=CARTESIAN_POINT('',(8.02403349814544,-5.24530133132655,2.95));
#13045=CARTESIAN_POINT('Origin',(8.02403349814544,-6.57530133132656,3.2));
#13046=CARTESIAN_POINT('',(7.72408816194801,-5.40743797257248,3.2));
#13047=CARTESIAN_POINT('',(8.02403349814544,-7.07530133132656,3.2));
#13048=CARTESIAN_POINT('Origin',(8.02403349814544,-5.49530133132655,1.4499999832614));
#13049=CARTESIAN_POINT('',(8.02403349814544,-5.49530134141005,1.1999999832614));
#13050=CARTESIAN_POINT('',(8.02403349814544,-5.24530133132655,1.4499999832614));
#13051=CARTESIAN_POINT('Origin',(8.02403349814544,-5.49530133132655,1.4499999832614));
#13052=CARTESIAN_POINT('',(7.72408816194802,-5.24530133132655,1.4499999832614));
#13053=CARTESIAN_POINT('',(8.02403349814544,-5.24530133132655,1.4499999832614));
#13054=CARTESIAN_POINT('',(7.72408816194801,-5.49530134141005,1.1999999832614));
#13055=CARTESIAN_POINT('Origin',(7.72408816194802,-5.49530133132655,1.4499999832614));
#13056=CARTESIAN_POINT('',(8.02403349814544,-5.49530134141005,1.1999999832614));
#13057=CARTESIAN_POINT('Origin',(8.02403349814544,-5.24530133132655,3.2));
#13058=CARTESIAN_POINT('',(7.72408816194802,-5.24530133132655,1.6));
#13059=CARTESIAN_POINT('',(8.02403349814544,-5.24530133132655,1.6));
#13060=CARTESIAN_POINT('Origin',(8.02403349814544,-5.24530133132655,1.19999997317791));
#13061=CARTESIAN_POINT('',(7.72408816194802,-4.7424379483721,1.19999995289543));
#13062=CARTESIAN_POINT('',(8.02403349814544,-6.41030130712617,1.20000002016698));
#13063=CARTESIAN_POINT('Origin',(-8.92596650185456,-2.17613764139461,1.54999993483608));
#13064=CARTESIAN_POINT('',(-8.92596650185456,-2.17613763279779,1.29999993483608));
#13065=CARTESIAN_POINT('',(-8.92596650185456,-2.42613764139461,1.54999993483608));
#13066=CARTESIAN_POINT('Origin',(-8.92596650185456,-2.17613764139461,1.54999993483608));
#13067=CARTESIAN_POINT('',(-8.92596650185456,-2.42613764139461,1.54999993483608));
#13068=CARTESIAN_POINT('',(-8.92596650185456,-2.17613763279779,1.29999993483608));
#13069=CARTESIAN_POINT('Origin',(-8.92596650185456,-2.42613764139461,3.29999992623925));
#13070=CARTESIAN_POINT('',(-8.92596650185456,-2.42613764139461,3.04999992623925));
#13071=CARTESIAN_POINT('',(-8.92596650185456,-2.42613764139461,1.64999996311963));
#13072=CARTESIAN_POINT('',(-8.92596650185456,-2.42613764139461,3.04999992623925));
#13073=CARTESIAN_POINT('Origin',(-8.92596650185456,-4.62613764139461,1.54999992623925));
#13074=CARTESIAN_POINT('',(-8.92596650185456,-4.62613764139461,1.29999992623925));
#13075=CARTESIAN_POINT('',(-8.92596650185456,-4.87613764139461,1.54999992623925));
#13076=CARTESIAN_POINT('Origin',(-8.92596650185456,-4.62613764139461,1.54999992623925));
#13077=CARTESIAN_POINT('',(-8.92596650185456,-4.87613764139461,1.54999992623925));
#13078=CARTESIAN_POINT('',(-8.92596650185456,-4.62613764139461,1.29999992623925));
#13079=CARTESIAN_POINT('Origin',(-8.92596650185456,-4.87613764139461,3.29999992623925));
#13080=CARTESIAN_POINT('',(-8.92596650185456,-4.87613764139461,3.04999992623925));
#13081=CARTESIAN_POINT('',(-8.92596650185456,-4.87613764139461,1.64999996311963));
#13082=CARTESIAN_POINT('',(-8.92596650185456,-4.87613764139461,3.04999992623925));
#13083=CARTESIAN_POINT('Origin',(-8.92596650185456,-3.82613764139461,1.54999992623925));
#13084=CARTESIAN_POINT('',(-8.92596650185456,-3.57613764139461,1.54999992623925));
#13085=CARTESIAN_POINT('',(-8.92596650185456,-3.82613764139461,1.29999992623925));
#13086=CARTESIAN_POINT('Origin',(-8.92596650185456,-3.82613764139461,1.54999992623925));
#13087=CARTESIAN_POINT('',(-8.92596650185456,-3.82613764139461,1.29999992623925));
#13088=CARTESIAN_POINT('',(-8.92596650185456,-3.57613764139461,1.54999992623925));
#13089=CARTESIAN_POINT('Origin',(-8.92596650185456,-4.87613764139461,1.29999992623925));
#13090=CARTESIAN_POINT('',(-8.92596650185456,-4.28206995251207,1.29999992623925));
#13091=CARTESIAN_POINT('Origin',(-8.92596650185456,-1.37613764139461,1.54999996234591));
#13092=CARTESIAN_POINT('',(-8.92596650185456,-1.12613764139461,1.54999996234591));
#13093=CARTESIAN_POINT('',(-8.92596650185456,-1.37613763279779,1.29999996234591));
#13094=CARTESIAN_POINT('Origin',(-8.92596650185456,-1.37613764139461,1.54999996234591));
#13095=CARTESIAN_POINT('',(-8.92596650185456,-1.37613763279779,1.29999996234591));
#13096=CARTESIAN_POINT('',(-8.92596650185456,-1.12613764139461,1.54999996234591));
#13097=CARTESIAN_POINT('Origin',(-8.92596650185456,-2.42613764139461,1.29999992623925));
#13098=CARTESIAN_POINT('',(-8.92596650185456,-3.05706997486381,1.2999999045432));
#13099=CARTESIAN_POINT('Origin',(-8.92596650185456,-3.82613764139461,3.04999992623925));
#13100=CARTESIAN_POINT('',(-8.92596650185456,-3.82613764139461,3.29999992623925));
#13101=CARTESIAN_POINT('',(-8.92596650185456,-3.57613764139461,3.04999992623925));
#13102=CARTESIAN_POINT('Origin',(-8.92596650185456,-3.82613764139461,3.04999992623925));
#13103=CARTESIAN_POINT('',(-8.92596650185456,-3.57613764139461,3.04999992623925));
#13104=CARTESIAN_POINT('',(-8.92596650185456,-3.82613764139461,3.29999992623925));
#13105=CARTESIAN_POINT('Origin',(-8.92596650185456,-3.57613764139461,1.29999992623925));
#13106=CARTESIAN_POINT('',(-8.92596650185456,-3.57613764139461,0.649999963119626));
#13107=CARTESIAN_POINT('Origin',(-8.92596650185456,-1.37613764139461,3.04999992623925));
#13108=CARTESIAN_POINT('',(-8.92596650185456,-1.37613764139461,3.29999992623925));
#13109=CARTESIAN_POINT('',(-8.92596650185456,-1.12613764139461,3.04999992623925));
#13110=CARTESIAN_POINT('Origin',(-8.92596650185456,-1.37613764139461,3.04999992623925));
#13111=CARTESIAN_POINT('',(-8.92596650185456,-1.12613764139461,3.04999992623925));
#13112=CARTESIAN_POINT('',(-8.92596650185456,-1.37613764139461,3.29999992623925));
#13113=CARTESIAN_POINT('Origin',(-8.92596650185456,-1.12613764139461,1.29999997094274));
#13114=CARTESIAN_POINT('',(-8.92596650185456,-1.12613764139461,0.649999985471368));
#13115=CARTESIAN_POINT('Origin',(-8.92596650185456,-4.62613764139461,3.04999992623925));
#13116=CARTESIAN_POINT('',(-8.92596650185456,-4.62613764139461,3.29999992623925));
#13117=CARTESIAN_POINT('Origin',(-8.92596650185456,-4.62613764139461,3.04999992623925));
#13118=CARTESIAN_POINT('',(-8.92596650185456,-4.62613764139461,3.29999992623925));
#13119=CARTESIAN_POINT('Origin',(-8.92596650185456,-3.57613764139461,3.29999992623925));
#13120=CARTESIAN_POINT('',(-8.92596650185456,-3.63206995251207,3.29999992623925));
#13121=CARTESIAN_POINT('Origin',(-8.92596650185456,-2.17613764139461,3.04999992623925));
#13122=CARTESIAN_POINT('',(-8.92596650185456,-2.17613764139461,3.29999992623925));
#13123=CARTESIAN_POINT('Origin',(-8.92596650185456,-2.17613764139461,3.04999992623925));
#13124=CARTESIAN_POINT('',(-8.92596650185456,-2.17613764139461,3.29999992623925));
#13125=CARTESIAN_POINT('Origin',(-8.92596650185456,-1.12613764139461,3.29999992623925));
#13126=CARTESIAN_POINT('',(-8.92596650185456,-2.40706995251207,3.29999992623925));
#13127=CARTESIAN_POINT('Origin',(-8.92596650185456,0.273862358605387,3.04999997094274));
#13128=CARTESIAN_POINT('',(-8.92596650185456,0.0238623586053877,3.04999997094274));
#13129=CARTESIAN_POINT('',(-8.92596650185456,0.273862358605387,3.29999997094274));
#13130=CARTESIAN_POINT('Origin',(-8.92596650185456,0.273862358605387,3.04999997094274));
#13131=CARTESIAN_POINT('',(-8.92596650185456,0.273862358605387,3.29999997094274));
#13132=CARTESIAN_POINT('',(-8.92596650185456,0.0238623586053874,3.04999997094274));
#13133=CARTESIAN_POINT('Origin',(-8.92596650185456,1.02386235860539,3.29999997094274));
#13134=CARTESIAN_POINT('',(-8.92596650185456,-1.33206995251207,3.29999997094274));
#13135=CARTESIAN_POINT('Origin',(-8.92596650185456,0.273862358605387,1.54999997094274));
#13136=CARTESIAN_POINT('',(-8.92596650185456,0.273862358605387,1.29999997094274));
#13137=CARTESIAN_POINT('',(-8.92596650185456,0.0238623586053877,1.54999997094274));
#13138=CARTESIAN_POINT('Origin',(-8.92596650185456,0.273862358605387,1.54999997094274));
#13139=CARTESIAN_POINT('',(-8.92596650185456,0.0238623586053874,1.54999997094274));
#13140=CARTESIAN_POINT('',(-8.92596650185456,0.273862358605387,1.29999997094274));
#13141=CARTESIAN_POINT('Origin',(-8.92596650185456,0.0238623586053874,3.29999997094274));
#13142=CARTESIAN_POINT('',(-8.92596650185456,0.0238623586053877,1.64999998547137));
#13143=CARTESIAN_POINT('Origin',(-8.92596650185456,0.0238623586053874,1.29999997094274));
#13144=CARTESIAN_POINT('',(-8.92596650185456,-1.83206995251207,1.29999997094274));
#13145=CARTESIAN_POINT('Origin',(-8.92596650185456,-3.68800226362952,0.));
#13146=CARTESIAN_POINT('',(-8.92596650185456,0.311997736370446,0.));
#13147=CARTESIAN_POINT('',(-8.92596650185456,7.8587290636591,0.));
#13148=CARTESIAN_POINT('',(-8.92596650185456,0.311997736370446,0.299999993294477));
#13149=CARTESIAN_POINT('',(-8.92596650185456,0.311997736370446,0.));
#13150=CARTESIAN_POINT('',(-8.92596650185456,-0.931377249317477,0.299999993294477));
#13151=CARTESIAN_POINT('',(-8.92596650185456,0.311997736370446,0.299999993294477));
#13152=CARTESIAN_POINT('',(-8.92596650185456,-0.931377249317477,-1.45));
#13153=CARTESIAN_POINT('',(-8.92596650185456,-0.931377249317477,0.));
#13154=CARTESIAN_POINT('',(-8.92596650185456,-2.43137724931748,-1.45));
#13155=CARTESIAN_POINT('Origin',(-8.92596650185456,-1.68137724931748,-1.45));
#13156=CARTESIAN_POINT('',(-8.92596650185456,-2.43137724931748,0.299999993294477));
#13157=CARTESIAN_POINT('',(-8.92596650185456,-2.43137724931748,0.));
#13158=CARTESIAN_POINT('',(-8.92596650185456,-3.68800226362955,0.299999993294477));
#13159=CARTESIAN_POINT('',(-8.92596650185456,0.311997736370446,0.299999993294477));
#13160=CARTESIAN_POINT('',(-8.92596650185456,-3.68800226362952,0.));
#13161=CARTESIAN_POINT('',(-8.92596650185456,-3.68800226362952,0.));
#13162=CARTESIAN_POINT('',(-8.92596650185456,-6.67613764139461,0.));
#13163=CARTESIAN_POINT('',(-8.92596650185456,7.8587290636591,0.));
#13164=CARTESIAN_POINT('',(-8.92596650185456,-6.67613764139461,3.5));
#13165=CARTESIAN_POINT('',(-8.92596650185456,-6.67613764139461,0.));
#13166=CARTESIAN_POINT('',(-8.92596650185456,-6.17613764139462,4.));
#13167=CARTESIAN_POINT('Origin',(-8.92596650185457,-6.17613764139461,3.5));
#13168=CARTESIAN_POINT('',(-8.92596650185456,0.523862358605387,4.));
#13169=CARTESIAN_POINT('',(-8.92596650185456,7.8587290636591,4.));
#13170=CARTESIAN_POINT('Origin',(-8.92596650185457,0.523862358605388,3.5));
#13171=CARTESIAN_POINT('Origin',(-8.67970962708061,0.523862358605388,3.5));
#13172=CARTESIAN_POINT('',(-8.67970962708061,0.523862358605388,4.));
#13173=CARTESIAN_POINT('Origin',(-8.70096650185457,-6.17613764139462,3.5));
#13174=CARTESIAN_POINT('',(-8.70096650185457,-6.17613764139462,4.));
#13175=CARTESIAN_POINT('',(-8.70096650185457,-6.67613764139462,3.5));
#13176=CARTESIAN_POINT('Origin',(-8.62596650185457,-6.67613764139462,0.));
#13177=CARTESIAN_POINT('',(-8.58345275230664,-6.67613764139462,0.));
#13178=CARTESIAN_POINT('',(-8.58345275230664,-6.67613764139462,0.));
#13179=CARTESIAN_POINT('',(-8.58345275230664,-6.67613764139462,0.3));
#13180=CARTESIAN_POINT('',(-8.58345275230664,-6.67613764139462,0.));
#13181=CARTESIAN_POINT('',(-8.58345275230664,-6.67613764139462,0.3));
#13182=CARTESIAN_POINT('Origin',(-8.70096650185456,-1.68137724931748,-1.45));
#13183=CARTESIAN_POINT('',(-8.85096650185456,-2.43137724931748,-1.45));
#13184=CARTESIAN_POINT('',(-8.70096650185456,-0.931377249317477,-1.45));
#13185=CARTESIAN_POINT('Origin',(-8.62596650185456,-0.931377249317477,0.));
#13186=CARTESIAN_POINT('',(-8.77596650520733,-0.931377249317477,0.299999996647239));
#13187=CARTESIAN_POINT('Origin',(-8.92596650185456,-2.43137724931748,0.));
#13188=CARTESIAN_POINT('',(-8.92596650520732,-2.43137724931748,0.299999993294477));
#13189=CARTESIAN_POINT('Origin',(-8.92596650185456,0.311997736370446,0.299999993294477));
#13190=CARTESIAN_POINT('',(-8.77596650520733,0.311997736370447,0.299999996647239));
#13191=CARTESIAN_POINT('Origin',(-8.92596650185456,0.311997736370446,0.299999993294477));
#13192=CARTESIAN_POINT('',(-8.17387262144746,-3.68800226362952,0.300000010105086));
#13193=CARTESIAN_POINT('Origin',(-7.42177873433484,-3.68800226362952,0.));
#13194=CARTESIAN_POINT('',(-7.42177873433484,-3.68800226362952,0.3));
#13195=CARTESIAN_POINT('',(-8.92596650185456,-3.68800226362952,0.3));
#13196=CARTESIAN_POINT('',(-7.42177873433484,-3.68800226362952,0.));
#13197=CARTESIAN_POINT('',(-7.42177873433484,-3.68800226362952,0.));
#13198=CARTESIAN_POINT('',(-8.92596650185456,-3.68800226362952,0.));
#13199=CARTESIAN_POINT('Origin',(-8.77596650185456,-5.18206995251207,4.));
#13200=CARTESIAN_POINT('Origin',(0.374033498145438,7.85872906365911,1.8));
#13201=CARTESIAN_POINT('',(0.574033498145438,7.5587290636591,1.8));
#13202=CARTESIAN_POINT('',(0.374033498145438,7.5587290636591,2.));
#13203=CARTESIAN_POINT('Origin',(0.374033498145438,7.55872906365911,1.8));
#13204=CARTESIAN_POINT('',(0.374033498145438,7.8587290636591,2.));
#13205=CARTESIAN_POINT('',(0.374033498145438,7.85872906365911,2.));
#13206=CARTESIAN_POINT('',(0.574033498145438,7.8587290636591,1.8));
#13207=CARTESIAN_POINT('Origin',(0.374033498145438,7.85872906365911,1.8));
#13208=CARTESIAN_POINT('',(0.574033498145438,7.85872906365911,1.8));
#13209=CARTESIAN_POINT('Origin',(0.574033498145438,7.8587290636591,2.));
#13210=CARTESIAN_POINT('',(-2.72596650185456,7.5587290636591,2.));
#13211=CARTESIAN_POINT('',(0.574033498145438,7.5587290636591,2.));
#13212=CARTESIAN_POINT('',(-2.72596650185456,7.8587290636591,2.));
#13213=CARTESIAN_POINT('',(-2.72596650185456,7.70872906365911,2.));
#13214=CARTESIAN_POINT('',(0.574033498145438,7.8587290636591,2.));
#13215=CARTESIAN_POINT('Origin',(-2.72596650185456,7.70872906365911,1.8));
#13216=CARTESIAN_POINT('',(-2.92596650185456,7.8587290636591,1.8));
#13217=CARTESIAN_POINT('Origin',(-2.72596650185456,7.85872906365911,1.8));
#13218=CARTESIAN_POINT('',(-2.92596650185456,7.5587290636591,1.8));
#13219=CARTESIAN_POINT('Origin',(-2.72596650185456,7.55872906365911,1.8));
#13220=CARTESIAN_POINT('',(-2.92596650185456,7.70872906365911,1.8));
#13221=CARTESIAN_POINT('Origin',(0.574033498145438,7.8587290636591,0.));
#13222=CARTESIAN_POINT('',(0.574033498145438,7.8587290636591,0.3));
#13223=CARTESIAN_POINT('',(0.574033498145438,7.8587290636591,0.15));
#13224=CARTESIAN_POINT('',(0.574033498145438,7.5587290636591,0.3));
#13225=CARTESIAN_POINT('',(0.574033498145438,3.1837290636591,0.3));
#13226=CARTESIAN_POINT('',(0.574033498145438,7.5587290636591,0.));
#13227=CARTESIAN_POINT('Origin',(-0.525952835903921,-10.8412709363409,0.3));
#13228=CARTESIAN_POINT('',(-0.525952835903921,-10.8412709363409,0.));
#13229=CARTESIAN_POINT('Origin',(7.87406083004672,-5.91030133132656,0.));
#13230=CARTESIAN_POINT('',(-8.58345275230664,-7.17613764139461,0.));
#13231=CARTESIAN_POINT('',(-8.92596650185456,-7.17613764139461,0.));
#13232=CARTESIAN_POINT('Origin',(-8.58345275230664,-6.92613764139462,0.));
#13233=CARTESIAN_POINT('',(-7.42177873433484,0.311997736370448,0.));
#13234=CARTESIAN_POINT('Origin',(-7.42177873433484,-1.68800226362954,0.));
#13235=CARTESIAN_POINT('',(-8.92596650185456,0.311997736370446,0.));
#13236=CARTESIAN_POINT('',(-8.58345275230664,1.52386235860539,0.));
#13237=CARTESIAN_POINT('Origin',(-8.58345275230664,1.27386235860539,0.));
#13238=CARTESIAN_POINT('',(-8.92596650185456,1.52386235860539,0.));
#13239=CARTESIAN_POINT('',(-8.58345275230664,1.52386235860539,0.));
#13240=CARTESIAN_POINT('',(-8.92596650185456,7.5587290636591,0.));
#13241=CARTESIAN_POINT('',(-8.92596650185456,7.8587290636591,0.));
#13242=CARTESIAN_POINT('',(-2.92596650185456,7.5587290636591,0.));
#13243=CARTESIAN_POINT('',(4.22404716409608,7.5587290636591,0.));
#13244=CARTESIAN_POINT('',(-2.92596650185456,7.8587290636591,0.));
#13245=CARTESIAN_POINT('',(-2.92596650185456,0.974213866166274,0.));
#13246=CARTESIAN_POINT('',(0.574033498145439,7.8587290636591,0.));
#13247=CARTESIAN_POINT('',(8.02403349814544,7.8587290636591,0.));
#13248=CARTESIAN_POINT('',(0.574033498145439,7.5587290636591,0.));
#13249=CARTESIAN_POINT('',(0.574033498145439,0.974213866166274,0.));
#13250=CARTESIAN_POINT('',(3.67403349814544,7.5587290636591,0.));
#13251=CARTESIAN_POINT('',(4.22404716409608,7.5587290636591,0.));
#13252=CARTESIAN_POINT('',(3.67403349814544,7.8587290636591,0.));
#13253=CARTESIAN_POINT('',(3.67403349814544,0.974213866166274,0.));
#13254=CARTESIAN_POINT('',(8.02403349814544,7.8587290636591,0.));
#13255=CARTESIAN_POINT('',(8.02403349814544,7.8587290636591,0.));
#13256=CARTESIAN_POINT('',(8.02403349814544,-3.74530133132656,0.));
#13257=CARTESIAN_POINT('',(8.02403349814544,-11.1412709363409,0.));
#13258=CARTESIAN_POINT('',(7.77729120190489,-3.74530133132656,0.));
#13259=CARTESIAN_POINT('',(8.02403349814544,-3.74530133132656,0.));
#13260=CARTESIAN_POINT('',(7.72403349814544,-4.23956270156399,0.));
#13261=CARTESIAN_POINT('Origin',(7.77729120190489,-3.99530133132656,0.));
#13262=CARTESIAN_POINT('',(7.72403349814544,-7.58103996108912,0.));
#13263=CARTESIAN_POINT('',(7.72403349814544,-6.74280133132656,0.));
#13264=CARTESIAN_POINT('',(7.77729120190489,-8.07530133132655,0.));
#13265=CARTESIAN_POINT('Origin',(7.77729120190489,-7.82530133132656,0.));
#13266=CARTESIAN_POINT('',(7.77729120190489,-8.07530133132655,0.));
#13267=CARTESIAN_POINT('',(3.15829071289446,-6.76126961527304,0.));
#13268=CARTESIAN_POINT('Origin',(3.78329071289446,-6.76126961527304,0.));
#13269=CARTESIAN_POINT('',(1.17810187017089,3.37201443025391,0.));
#13270=CARTESIAN_POINT('',(0.49093731786102,2.51305873986658,0.));
#13271=CARTESIAN_POINT('',(1.17810187017089,3.37201443025391,0.));
#13272=CARTESIAN_POINT('',(1.14686711779317,3.6531272016534,0.));
#13273=CARTESIAN_POINT('Origin',(1.02192810828228,3.49695343976479,0.));
#13274=CARTESIAN_POINT('',(0.873563034488104,3.87177046829745,0.));
#13275=CARTESIAN_POINT('',(0.873563034488104,3.87177046829745,0.));
#13276=CARTESIAN_POINT('',(0.592450263088613,3.84053571591973,0.));
#13277=CARTESIAN_POINT('Origin',(0.748624024977219,3.71559670640884,0.));
#13278=CARTESIAN_POINT('',(-0.0947142892212523,2.98158002553239,0.));
#13279=CARTESIAN_POINT('',(-0.0947142892212523,2.98158002553239,0.));
#13280=CARTESIAN_POINT('',(-0.0634795368435309,2.7004672541329,0.));
#13281=CARTESIAN_POINT('Origin',(0.0614594726673534,2.85664101602151,0.));
#13282=CARTESIAN_POINT('',(0.20982454646153,2.48182398748886,0.));
#13283=CARTESIAN_POINT('',(0.20982454646153,2.48182398748886,0.));
#13284=CARTESIAN_POINT('Origin',(0.334763555972414,2.63799774937746,0.));
#13285=CARTESIAN_POINT('',(-1.91197214125215,6.12897510959322,0.));
#13286=CARTESIAN_POINT('',(-1.91197214125215,6.72897510959321,0.));
#13287=CARTESIAN_POINT('Origin',(-1.91197214125215,6.42897510959321,0.));
#13288=CARTESIAN_POINT('',(-0.428238892298082,6.12897510959321,0.));
#13289=CARTESIAN_POINT('',(-1.91197214125215,6.12897510959321,0.));
#13290=CARTESIAN_POINT('',(-0.428238892298082,6.72897510959321,0.));
#13291=CARTESIAN_POINT('Origin',(-0.428238892298082,6.42897510959321,0.));
#13292=CARTESIAN_POINT('',(-0.428238892298082,6.72897510959321,0.));
#13293=CARTESIAN_POINT('',(-2.65572581835485,2.48182398748886,0.));
#13294=CARTESIAN_POINT('',(-2.93683858975434,2.51305873986658,0.));
#13295=CARTESIAN_POINT('Origin',(-2.78066482786573,2.63799774937746,0.));
#13296=CARTESIAN_POINT('',(-2.38242173504979,2.7004672541329,0.));
#13297=CARTESIAN_POINT('',(-2.65572581835485,2.48182398748886,0.));
#13298=CARTESIAN_POINT('',(-2.35118698267206,2.98158002553239,0.));
#13299=CARTESIAN_POINT('Origin',(-2.50736074456067,2.85664101602151,0.));
#13300=CARTESIAN_POINT('',(-3.03835153498193,3.84053571591973,0.));
#13301=CARTESIAN_POINT('',(-2.35118698267206,2.98158002553239,0.));
#13302=CARTESIAN_POINT('',(-3.31946430638142,3.87177046829745,0.));
#13303=CARTESIAN_POINT('Origin',(-3.19452529687054,3.71559670640884,0.));
#13304=CARTESIAN_POINT('',(-3.59276838968648,3.6531272016534,0.));
#13305=CARTESIAN_POINT('',(-3.31946430638142,3.87177046829745,0.));
#13306=CARTESIAN_POINT('',(-3.6240031420642,3.37201443025391,0.));
#13307=CARTESIAN_POINT('Origin',(-3.4678293801756,3.4969534397648,0.));
#13308=CARTESIAN_POINT('',(-3.6240031420642,3.37201443025391,0.));
#13309=CARTESIAN_POINT('',(-7.80396875619939,5.70039427476518,0.));
#13310=CARTESIAN_POINT('Origin',(-7.17896875619939,5.70039427476518,0.));
#13311=CARTESIAN_POINT('Origin',(7.72403349814544,-6.74280133132656,0.3));
#13312=CARTESIAN_POINT('',(7.77729120190489,-4.24530133132656,0.00476514943138853));
#13313=CARTESIAN_POINT('',(8.02403349814544,-4.24530133132655,0.3));
#13314=CARTESIAN_POINT('Origin',(7.72403349814544,-4.24530133132655,0.3));
#13315=CARTESIAN_POINT('',(8.02403349814544,-7.57530133132656,0.3));
#13316=CARTESIAN_POINT('',(8.02403349814544,-6.74280133132656,0.3));
#13317=CARTESIAN_POINT('',(7.77729120190489,-7.57530133132656,0.00476514943138853));
#13318=CARTESIAN_POINT('Origin',(7.72403349814544,-7.57530133132656,0.3));
#13319=CARTESIAN_POINT('Ctrl Pts',(7.77729120190489,-7.57530133132656,0.00476514943138853));
#13320=CARTESIAN_POINT('Ctrl Pts',(7.77413086049429,-7.57530133132656,0.00419505235003033));
#13321=CARTESIAN_POINT('Ctrl Pts',(7.77096069794421,-7.57536130608731,0.00367562733722991));
#13322=CARTESIAN_POINT('Ctrl Pts',(7.75312525919164,-7.57603989430355,0.00104634760964565));
#13323=CARTESIAN_POINT('Ctrl Pts',(7.73834530892122,-7.57791947512027,3.63496051286356E-17));
#13324=CARTESIAN_POINT('Ctrl Pts',(7.72403349814544,-7.58103996108912,3.46944695195361E-17));
#13325=CARTESIAN_POINT('Ctrl Pts',(7.72403349814544,-4.23956270156399,3.46944695195361E-17));
#13326=CARTESIAN_POINT('Ctrl Pts',(7.73834530892122,-4.24268318753284,3.63496051286354E-17));
#13327=CARTESIAN_POINT('Ctrl Pts',(7.75312525919164,-4.24456276834956,0.00104634760964566));
#13328=CARTESIAN_POINT('Ctrl Pts',(7.77096069794421,-4.2452413565658,0.00367562733722991));
#13329=CARTESIAN_POINT('Ctrl Pts',(7.77413086049429,-4.24530133132656,0.00419505235003033));
#13330=CARTESIAN_POINT('Ctrl Pts',(7.77729120190489,-4.24530133132656,0.00476514943138853));
#13331=CARTESIAN_POINT('Origin',(7.77729120190489,-7.57530133132656,0.));
#13332=CARTESIAN_POINT('',(8.02403349814544,-7.57530133132656,3.55));
#13333=CARTESIAN_POINT('',(8.02403349814544,-7.57530133132656,0.));
#13334=CARTESIAN_POINT('',(7.77729120190489,-7.57530133132656,3.55));
#13335=CARTESIAN_POINT('',(7.8256760159758,-7.57530133132656,3.55));
#13336=CARTESIAN_POINT('',(7.77729120190489,-7.57530133132656,0.));
#13337=CARTESIAN_POINT('Origin',(8.02403349814544,-7.57530133132656,0.));
#13338=CARTESIAN_POINT('',(8.02403349814544,-4.24530133132655,3.55));
#13339=CARTESIAN_POINT('',(8.02403349814544,-4.24530133132655,0.));
#13340=CARTESIAN_POINT('',(8.02403349814544,-4.99530133132655,4.3));
#13341=CARTESIAN_POINT('Origin',(8.02403349814544,-4.99530133132655,3.55));
#13342=CARTESIAN_POINT('',(8.02403349814544,-6.82530133132656,4.3));
#13343=CARTESIAN_POINT('',(8.02403349814544,-11.1412709363409,4.3));
#13344=CARTESIAN_POINT('Origin',(8.02403349814544,-6.82530133132656,3.55));
#13345=CARTESIAN_POINT('Origin',(8.02403349814544,-4.24530133132655,0.));
#13346=CARTESIAN_POINT('',(7.77729120190489,-4.24530133132656,3.55));
#13347=CARTESIAN_POINT('',(7.77729120190489,-4.24530133132656,0.));
#13348=CARTESIAN_POINT('',(7.94904716409608,-4.24530133132655,3.55));
#13349=CARTESIAN_POINT('Origin',(3.67403349814544,7.5587290636591,0.));
#13350=CARTESIAN_POINT('',(3.67403349814544,7.8587290636591,0.3));
#13351=CARTESIAN_POINT('',(3.67403349814544,7.5587290636591,0.3));
#13352=CARTESIAN_POINT('',(3.67403349814544,7.5587290636591,0.3));
#13353=CARTESIAN_POINT('',(3.67403349814544,7.8587290636591,3.2));
#13354=CARTESIAN_POINT('',(3.67403349814544,7.8587290636591,0.15));
#13355=CARTESIAN_POINT('',(3.67403349814544,7.5587290636591,3.2));
#13356=CARTESIAN_POINT('',(3.67403349814544,7.63372906365911,3.2));
#13357=CARTESIAN_POINT('',(3.67403349814544,7.5587290636591,0.));
#13358=CARTESIAN_POINT('Origin',(4.22404716409608,7.5587290636591,0.3));
#13359=CARTESIAN_POINT('Origin',(0.574033498145438,7.5587290636591,0.3));
#13360=CARTESIAN_POINT('',(4.22404716409608,7.8587290636591,0.3));
#13361=CARTESIAN_POINT('Origin',(3.67403349814544,7.5587290636591,0.3));
#13362=CARTESIAN_POINT('Origin',(0.574033498145439,7.8587290636591,0.));
#13363=CARTESIAN_POINT('Origin',(3.17403349814544,7.8587290636591,3.2));
#13364=CARTESIAN_POINT('',(-2.92596650185456,7.8587290636591,0.3));
#13365=CARTESIAN_POINT('',(-2.92596650185456,7.8587290636591,0.15));
#13366=CARTESIAN_POINT('',(-8.92596650185456,7.8587290636591,0.3));
#13367=CARTESIAN_POINT('',(4.22404716409608,7.8587290636591,0.3));
#13368=CARTESIAN_POINT('',(-8.92596650185456,7.8587290636591,3.2));
#13369=CARTESIAN_POINT('',(-8.92596650185456,7.8587290636591,0.));
#13370=CARTESIAN_POINT('',(-8.42596650185456,7.8587290636591,3.7));
#13371=CARTESIAN_POINT('Origin',(-8.42596650185456,7.8587290636591,3.2));
#13372=CARTESIAN_POINT('',(8.02403349814544,7.8587290636591,3.7));
#13373=CARTESIAN_POINT('Origin',(0.748624024977219,3.71559670640884,0.));
#13374=CARTESIAN_POINT('',(0.873563034488104,3.87177046829745,0.3));
#13375=CARTESIAN_POINT('',(0.873563034488104,3.87177046829745,0.));
#13376=CARTESIAN_POINT('',(0.592450263088614,3.84053571591973,0.3));
#13377=CARTESIAN_POINT('Origin',(0.748624024977219,3.71559670640884,0.3));
#13378=CARTESIAN_POINT('',(0.592450263088613,3.84053571591973,0.));
#13379=CARTESIAN_POINT('Origin',(0.873563034488104,3.87177046829745,0.));
#13380=CARTESIAN_POINT('',(1.14686711779316,3.6531272016534,0.3));
#13381=CARTESIAN_POINT('',(1.14686711779317,3.6531272016534,0.));
#13382=CARTESIAN_POINT('',(0.873563034488104,3.87177046829745,0.3));
#13383=CARTESIAN_POINT('Origin',(1.02192810828228,3.49695343976479,0.));
#13384=CARTESIAN_POINT('',(1.17810187017089,3.37201443025391,0.3));
#13385=CARTESIAN_POINT('',(1.17810187017089,3.37201443025391,0.));
#13386=CARTESIAN_POINT('Origin',(1.02192810828228,3.49695343976479,0.3));
#13387=CARTESIAN_POINT('Origin',(2.12403349814544,7.7087290636591,3.7));
#13388=CARTESIAN_POINT('',(-8.42596650185456,7.5587290636591,3.7));
#13389=CARTESIAN_POINT('',(-8.42596650185456,7.63372906365911,3.7));
#13390=CARTESIAN_POINT('',(-8.92596650185456,7.5587290636591,3.7));
#13391=CARTESIAN_POINT('Origin',(0.574033498145438,7.5587290636591,0.));
#13392=CARTESIAN_POINT('Origin',(3.17403349814544,7.5587290636591,3.2));
#13393=CARTESIAN_POINT('',(-8.92596650185456,7.5587290636591,3.2));
#13394=CARTESIAN_POINT('Origin',(-8.42596650185456,7.5587290636591,3.2));
#13395=CARTESIAN_POINT('',(-8.92596650185456,7.5587290636591,0.3));
#13396=CARTESIAN_POINT('',(-8.92596650185456,7.5587290636591,0.));
#13397=CARTESIAN_POINT('',(-2.92596650185456,7.5587290636591,0.3));
#13398=CARTESIAN_POINT('',(-8.92596650185456,7.5587290636591,0.3));
#13399=CARTESIAN_POINT('',(-2.92596650185456,7.5587290636591,0.));
#13400=CARTESIAN_POINT('',(0.574033498145438,7.5587290636591,0.3));
#13401=CARTESIAN_POINT('Origin',(3.17403349814544,7.63372906365911,3.2));
#13402=CARTESIAN_POINT('Origin',(0.574033498145438,7.8587290636591,0.3));
#13403=CARTESIAN_POINT('',(0.574033498145438,7.8587290636591,0.15));
#13404=CARTESIAN_POINT('Origin',(-2.38242173504979,2.7004672541329,0.));
#13405=CARTESIAN_POINT('',(-2.65572581835485,2.48182398748886,0.3));
#13406=CARTESIAN_POINT('',(-2.65572581835485,2.48182398748886,0.));
#13407=CARTESIAN_POINT('',(-2.38242173504979,2.7004672541329,0.3));
#13408=CARTESIAN_POINT('',(-2.65572581835485,2.48182398748886,0.3));
#13409=CARTESIAN_POINT('',(-2.38242173504979,2.7004672541329,0.));
#13410=CARTESIAN_POINT('Origin',(-2.50736074456067,2.85664101602151,0.));
#13411=CARTESIAN_POINT('',(-2.35118698267206,2.98158002553239,0.3));
#13412=CARTESIAN_POINT('Origin',(-2.50736074456067,2.85664101602151,0.3));
#13413=CARTESIAN_POINT('',(-2.35118698267206,2.98158002553239,0.));
#13414=CARTESIAN_POINT('Origin',(-0.0947142892212523,2.98158002553239,0.));
#13415=CARTESIAN_POINT('',(-0.0947142892212521,2.98158002553239,0.3));
#13416=CARTESIAN_POINT('',(-0.0947142892212523,2.98158002553239,0.3));
#13417=CARTESIAN_POINT('',(-0.0947142892212523,2.98158002553239,0.));
#13418=CARTESIAN_POINT('Origin',(0.0614594726673534,2.85664101602151,0.));
#13419=CARTESIAN_POINT('',(-0.0634795368435309,2.7004672541329,0.3));
#13420=CARTESIAN_POINT('Origin',(0.0614594726673534,2.85664101602151,0.3));
#13421=CARTESIAN_POINT('',(-0.0634795368435309,2.7004672541329,0.));
#13422=CARTESIAN_POINT('Origin',(0.20982454646153,2.48182398748886,0.));
#13423=CARTESIAN_POINT('',(0.209824546461529,2.48182398748886,0.3));
#13424=CARTESIAN_POINT('',(0.20982454646153,2.48182398748886,0.3));
#13425=CARTESIAN_POINT('',(0.20982454646153,2.48182398748886,0.));
#13426=CARTESIAN_POINT('Origin',(0.334763555972414,2.63799774937746,0.));
#13427=CARTESIAN_POINT('',(0.49093731786102,2.51305873986658,0.3));
#13428=CARTESIAN_POINT('Origin',(0.334763555972414,2.63799774937746,0.3));
#13429=CARTESIAN_POINT('',(0.49093731786102,2.51305873986658,0.));
#13430=CARTESIAN_POINT('Origin',(-0.428238892298082,6.12897510959321,0.));
#13431=CARTESIAN_POINT('',(-1.91197214125215,6.12897510959322,0.3));
#13432=CARTESIAN_POINT('',(-1.91197214125215,6.12897510959322,0.));
#13433=CARTESIAN_POINT('',(-0.428238892298082,6.12897510959321,0.3));
#13434=CARTESIAN_POINT('',(-1.91197214125215,6.12897510959321,0.3));
#13435=CARTESIAN_POINT('',(-0.428238892298082,6.12897510959321,0.));
#13436=CARTESIAN_POINT('Origin',(-0.428238892298082,6.42897510959321,0.));
#13437=CARTESIAN_POINT('',(-0.428238892298082,6.72897510959321,0.3));
#13438=CARTESIAN_POINT('Origin',(-0.428238892298082,6.42897510959321,0.3));
#13439=CARTESIAN_POINT('',(-0.428238892298082,6.72897510959321,0.));
#13440=CARTESIAN_POINT('Origin',(-1.91197214125215,6.72897510959321,0.));
#13441=CARTESIAN_POINT('',(-1.91197214125215,6.72897510959321,0.3));
#13442=CARTESIAN_POINT('',(-0.428238892298082,6.72897510959321,0.3));
#13443=CARTESIAN_POINT('',(-1.91197214125215,6.72897510959321,0.));
#13444=CARTESIAN_POINT('Origin',(-1.91197214125215,6.42897510959321,0.));
#13445=CARTESIAN_POINT('Origin',(-1.91197214125215,6.42897510959321,0.3));
#13446=CARTESIAN_POINT('Origin',(-2.92596650185456,7.8587290636591,0.3));
#13447=CARTESIAN_POINT('Origin',(-2.92596650185456,7.5587290636591,0.3));
#13448=CARTESIAN_POINT('',(-2.92596650185456,7.8587290636591,0.15));
#13449=CARTESIAN_POINT('Origin',(1.17810187017089,3.37201443025391,0.));
#13450=CARTESIAN_POINT('',(1.17810187017089,3.37201443025391,0.3));
#13451=CARTESIAN_POINT('Origin',(0.574033498145439,7.8587290636591,0.));
#13452=CARTESIAN_POINT('',(8.02403349814544,7.8587290636591,0.3));
#13453=CARTESIAN_POINT('Origin',(4.22404716409608,7.5587290636591,0.3));
#13454=CARTESIAN_POINT('Origin',(-8.92596650185456,7.5587290636591,0.3));
#13455=CARTESIAN_POINT('Origin',(-2.92596650185456,7.5587290636591,0.));
#13456=CARTESIAN_POINT('',(-2.92596650185456,3.0337290636591,0.3));
#13457=CARTESIAN_POINT('Origin',(-8.42596650185456,7.63372906365911,3.2));
#13458=CARTESIAN_POINT('',(-8.92596650185456,7.63372906365911,3.2));
#13459=CARTESIAN_POINT('Origin',(-7.17896875619939,5.70039427476518,0.));
#13460=CARTESIAN_POINT('',(-7.80396875619939,5.70039427476518,0.3));
#13461=CARTESIAN_POINT('Origin',(-7.17896875619939,5.70039427476518,0.3));
#13462=CARTESIAN_POINT('',(-7.80396875619939,5.70039427476518,0.));
#13463=CARTESIAN_POINT('Origin',(-2.93683858975434,2.51305873986658,0.));
#13464=CARTESIAN_POINT('',(-3.6240031420642,3.37201443025391,0.3));
#13465=CARTESIAN_POINT('',(-3.6240031420642,3.37201443025391,0.));
#13466=CARTESIAN_POINT('',(-2.93683858975434,2.51305873986658,0.3));
#13467=CARTESIAN_POINT('',(-3.6240031420642,3.37201443025391,0.3));
#13468=CARTESIAN_POINT('',(-2.93683858975434,2.51305873986658,0.));
#13469=CARTESIAN_POINT('Origin',(-2.78066482786573,2.63799774937746,0.));
#13470=CARTESIAN_POINT('Origin',(-2.78066482786573,2.63799774937746,0.3));
#13471=CARTESIAN_POINT('Origin',(-3.19452529687054,3.71559670640884,0.));
#13472=CARTESIAN_POINT('',(-3.03835153498193,3.84053571591973,0.3));
#13473=CARTESIAN_POINT('',(-3.03835153498193,3.84053571591973,0.));
#13474=CARTESIAN_POINT('',(-3.31946430638142,3.87177046829745,0.3));
#13475=CARTESIAN_POINT('Origin',(-3.19452529687054,3.71559670640884,0.3));
#13476=CARTESIAN_POINT('',(-3.31946430638142,3.87177046829745,0.));
#13477=CARTESIAN_POINT('Origin',(-3.59276838968648,3.6531272016534,0.));
#13478=CARTESIAN_POINT('',(-3.59276838968648,3.6531272016534,0.3));
#13479=CARTESIAN_POINT('',(-3.31946430638142,3.87177046829745,0.3));
#13480=CARTESIAN_POINT('',(-3.59276838968648,3.6531272016534,0.));
#13481=CARTESIAN_POINT('Origin',(-3.4678293801756,3.4969534397648,0.));
#13482=CARTESIAN_POINT('Origin',(-3.4678293801756,3.4969534397648,0.3));
#13483=CARTESIAN_POINT('Origin',(-8.58345275230664,-7.17613764139461,0.));
#13484=CARTESIAN_POINT('',(-8.58345275230664,-7.17613764139461,0.3));
#13485=CARTESIAN_POINT('',(-8.92596650185456,-7.17613764139461,0.3));
#13486=CARTESIAN_POINT('',(-8.58345275230664,-7.17613764139461,0.));
#13487=CARTESIAN_POINT('Origin',(-8.58345275230664,-6.92613764139462,0.));
#13488=CARTESIAN_POINT('Origin',(-8.58345275230664,-6.92613764139462,0.3));
#13489=CARTESIAN_POINT('Origin',(-7.42177873433484,-1.68800226362954,0.));
#13490=CARTESIAN_POINT('',(-7.42177873433484,0.311997736370448,0.3));
#13491=CARTESIAN_POINT('Origin',(-7.42177873433484,-1.68800226362954,0.3));
#13492=CARTESIAN_POINT('',(-7.42177873433484,0.311997736370448,0.));
#13493=CARTESIAN_POINT('Origin',(-8.62596650185456,0.311997736370447,0.));
#13494=CARTESIAN_POINT('',(-7.42177873433484,0.311997736370448,0.3));
#13495=CARTESIAN_POINT('Origin',(-8.58345275230664,1.27386235860539,0.));
#13496=CARTESIAN_POINT('',(-8.58345275230664,1.52386235860539,0.3));
#13497=CARTESIAN_POINT('Origin',(-8.58345275230664,1.27386235860539,0.3));
#13498=CARTESIAN_POINT('',(-8.58345275230664,1.52386235860539,0.));
#13499=CARTESIAN_POINT('Origin',(-8.92596650185456,1.52386235860539,0.));
#13500=CARTESIAN_POINT('',(-8.92596650185456,1.52386235860539,0.3));
#13501=CARTESIAN_POINT('',(-8.58345275230664,1.52386235860539,0.3));
#13502=CARTESIAN_POINT('',(-8.92596650185456,1.52386235860539,0.));
#13503=CARTESIAN_POINT('Origin',(-8.92596650185456,7.5587290636591,0.));
#13504=CARTESIAN_POINT('',(-8.92596650185456,7.8587290636591,0.3));
#13505=CARTESIAN_POINT('Origin',(-3.03835153498193,3.84053571591973,0.));
#13506=CARTESIAN_POINT('',(-2.35118698267206,2.98158002553239,0.3));
#13507=CARTESIAN_POINT('Origin',(3.67403349814544,7.8587290636591,0.3));
#13508=CARTESIAN_POINT('',(3.67403349814544,7.8587290636591,0.15));
#13509=CARTESIAN_POINT('Origin',(8.02403349814544,-10.8412709363409,0.));
#13510=CARTESIAN_POINT('',(-8.92596650185456,-10.8412709363409,0.3));
#13511=CARTESIAN_POINT('Origin',(7.94904716409608,-4.99530133132655,3.55));
#13512=CARTESIAN_POINT('',(7.77729120190489,-4.99530133132655,4.3));
#13513=CARTESIAN_POINT('Origin',(7.77729120190489,-4.99530133132655,3.55));
#13514=CARTESIAN_POINT('',(7.94904716409608,-4.99530133132655,4.3));
#13515=CARTESIAN_POINT('Origin',(7.77729120190489,-3.99530133132656,3.55));
#13516=CARTESIAN_POINT('',(7.72408816194802,-4.23957461381841,3.55));
#13517=CARTESIAN_POINT('',(7.72408816194802,-4.99388504666511,4.3));
#13518=CARTESIAN_POINT('Ctrl Pts',(7.72408816194802,-4.23957461381841,3.55));
#13519=CARTESIAN_POINT('Ctrl Pts',(7.72408816194802,-4.23957461381841,3.64221697823232));
#13520=CARTESIAN_POINT('Ctrl Pts',(7.72408816194802,-4.26161670686995,3.75065988708717));
#13521=CARTESIAN_POINT('Ctrl Pts',(7.72408816194802,-4.33310835205826,3.92152985362263));
#13522=CARTESIAN_POINT('Ctrl Pts',(7.72408816194802,-4.39544388415275,4.01410676248688));
#13523=CARTESIAN_POINT('Ctrl Pts',(7.72408816194802,-4.52725938873252,4.14536672057573));
#13524=CARTESIAN_POINT('Ctrl Pts',(7.72408816194802,-4.62013056678753,4.20728589789247));
#13525=CARTESIAN_POINT('Ctrl Pts',(7.72408816194802,-4.7918551917791,4.27827872725116));
#13526=CARTESIAN_POINT('Ctrl Pts',(7.72408816194802,-4.9010810829275,4.3));
#13527=CARTESIAN_POINT('Ctrl Pts',(7.72408816194802,-4.99388504666511,4.3));
#13528=CARTESIAN_POINT('Origin',(7.77729120190489,-3.99530133132656,4.3));
#13529=CARTESIAN_POINT('Origin',(7.77729120190489,-3.99530133132656,3.55));
#13530=CARTESIAN_POINT('Origin',(7.77729120190489,-7.82530133132656,3.55));
#13531=CARTESIAN_POINT('',(7.72408816194801,-6.826717615988,4.3));
#13532=CARTESIAN_POINT('',(7.724088161948,-7.5810280488347,3.55));
#13533=CARTESIAN_POINT('Ctrl Pts',(7.72408816194801,-6.826717615988,4.3));
#13534=CARTESIAN_POINT('Ctrl Pts',(7.72408816194801,-6.91952157972561,4.3));
#13535=CARTESIAN_POINT('Ctrl Pts',(7.72408816194801,-7.02874747087401,4.27827872725116));
#13536=CARTESIAN_POINT('Ctrl Pts',(7.72408816194801,-7.20047209586558,4.20728589789247));
#13537=CARTESIAN_POINT('Ctrl Pts',(7.724088161948,-7.2933432739206,4.14536672057573));
#13538=CARTESIAN_POINT('Ctrl Pts',(7.724088161948,-7.42515877850037,4.01410676248688));
#13539=CARTESIAN_POINT('Ctrl Pts',(7.724088161948,-7.48749431059485,3.92152985362263));
#13540=CARTESIAN_POINT('Ctrl Pts',(7.724088161948,-7.55898595578316,3.75065988708717));
#13541=CARTESIAN_POINT('Ctrl Pts',(7.724088161948,-7.5810280488347,3.64221697823232));
#13542=CARTESIAN_POINT('Ctrl Pts',(7.724088161948,-7.5810280488347,3.55));
#13543=CARTESIAN_POINT('Origin',(7.77729120190489,-7.82530133132656,3.55));
#13544=CARTESIAN_POINT('',(7.77729120190489,-6.82530133132656,4.3));
#13545=CARTESIAN_POINT('Origin',(7.77729120190489,-6.82530133132656,3.55));
#13546=CARTESIAN_POINT('Origin',(7.77729120190489,-7.82530133132656,4.3));
#13547=CARTESIAN_POINT('Origin',(7.8256760159758,-6.82530133132656,3.55));
#13548=CARTESIAN_POINT('',(7.8256760159758,-6.82530133132656,4.3));
#13549=CARTESIAN_POINT('Origin',(7.87406083004672,-5.91030133132656,4.3));
#13550=CARTESIAN_POINT('',(7.72408816194802,-4.23957461381841,4.3));
#13551=CARTESIAN_POINT('Origin',(3.78329071289446,-6.76126961527304,0.));
#13552=CARTESIAN_POINT('',(3.15829071289446,-6.76126961527304,0.3));
#13553=CARTESIAN_POINT('Origin',(3.78329071289446,-6.76126961527304,0.3));
#13554=CARTESIAN_POINT('',(3.15829071289446,-6.76126961527304,0.));
#13555=CARTESIAN_POINT('Origin',(8.02403349814544,-3.74530133132656,0.));
#13556=CARTESIAN_POINT('',(8.02403349814544,7.8587290636591,0.3));
#13557=CARTESIAN_POINT('',(8.02403349814544,7.8587290636591,0.));
#13558=CARTESIAN_POINT('',(8.02403349814544,-3.74530133132656,0.3));
#13559=CARTESIAN_POINT('',(8.02403349814544,-11.1412709363409,0.3));
#13560=CARTESIAN_POINT('',(8.02403349814544,-3.74530133132656,0.));
#13561=CARTESIAN_POINT('Origin',(7.77729120190489,-3.74530133132656,0.));
#13562=CARTESIAN_POINT('',(7.77729120190489,-3.74530133132656,0.3));
#13563=CARTESIAN_POINT('',(8.02403349814544,-3.74530133132656,0.3));
#13564=CARTESIAN_POINT('',(7.77729120190489,-3.74530133132656,0.));
#13565=CARTESIAN_POINT('Origin',(8.02403349814544,-8.07530133132655,0.));
#13566=CARTESIAN_POINT('',(7.77729120190489,-8.07530133132655,0.3));
#13567=CARTESIAN_POINT('',(7.77729120190489,-8.07530133132655,0.));
#13568=CARTESIAN_POINT('',(7.77729120190489,-8.07530133132655,0.3));
#13569=CARTESIAN_POINT('Origin',(0.574033498145439,7.8587290636591,0.));
#13570=CARTESIAN_POINT('',(8.02403349814544,7.8587290636591,0.3));
#13571=CARTESIAN_POINT('Origin',(-0.450966501854563,-1.4912709363409,0.3));
#13572=CARTESIAN_POINT('',(7.724088161948,-7.5810280488347,0.3));
#13573=CARTESIAN_POINT('Origin',(7.77729120190489,-7.82530133132656,0.3));
#13574=CARTESIAN_POINT('',(7.72408816194802,-4.23957461381841,0.3));
#13575=CARTESIAN_POINT('',(7.72408816194803,-2.86542277507967,0.3));
#13576=CARTESIAN_POINT('Origin',(7.77729120190489,-3.99530133132656,0.3));
#13577=CARTESIAN_POINT('Origin',(7.72408816194802,-4.23957461381841,0.));
#13578=CARTESIAN_POINT('',(7.72408816194802,-4.23957461381841,0.));
#13579=CARTESIAN_POINT('',(7.724088161948,-7.5810280488347,0.));
#13580=CARTESIAN_POINT('Origin',(7.77729120190489,-7.82530133132656,0.));
#13581=CARTESIAN_POINT('Origin',(7.77729120190489,-3.99530133132656,0.));
#13582=CARTESIAN_POINT('Origin',(9.66416958407,2.98679363644958,0.7));
#13583=CARTESIAN_POINT('',(9.91416958407,2.98679363644958,0.7));
#13584=CARTESIAN_POINT('Origin',(9.66416958407,2.98679363644958,0.7));
#13585=CARTESIAN_POINT('',(9.91416958407,2.98679363644958,0.3));
#13586=CARTESIAN_POINT('',(9.91416958407,2.98679363644958,0.7));
#13587=CARTESIAN_POINT('Origin',(9.66416958407,2.98679363644958,0.3));
#13588=CARTESIAN_POINT('Origin',(9.66416958407,-3.01320636355042,0.7));
#13589=CARTESIAN_POINT('',(9.91416958407,-3.01320636355042,0.7));
#13590=CARTESIAN_POINT('Origin',(9.66416958407,-3.01320636355042,0.7));
#13591=CARTESIAN_POINT('',(9.91416958407,-3.01320636355042,0.3));
#13592=CARTESIAN_POINT('',(9.91416958407,-3.01320636355042,0.7));
#13593=CARTESIAN_POINT('Origin',(9.66416958407,-3.01320636355042,0.3));
#13594=CARTESIAN_POINT('Origin',(9.66416958407,4.98679363644958,0.7));
#13595=CARTESIAN_POINT('',(9.91416958407,4.98679363644958,0.7));
#13596=CARTESIAN_POINT('Origin',(9.66416958407,4.98679363644958,0.7));
#13597=CARTESIAN_POINT('',(9.91416958407,4.98679363644958,0.3));
#13598=CARTESIAN_POINT('',(9.91416958407,4.98679363644958,0.7));
#13599=CARTESIAN_POINT('Origin',(9.66416958407,4.98679363644958,0.3));
#13600=CARTESIAN_POINT('Origin',(9.66416958407,0.986793636449583,0.7));
#13601=CARTESIAN_POINT('',(9.91416958407,0.986793636449583,0.7));
#13602=CARTESIAN_POINT('Origin',(9.66416958407,0.986793636449583,0.7));
#13603=CARTESIAN_POINT('',(9.91416958407,0.986793636449583,0.3));
#13604=CARTESIAN_POINT('',(9.91416958407,0.986793636449583,0.7));
#13605=CARTESIAN_POINT('Origin',(9.66416958407,0.986793636449583,0.3));
#13606=CARTESIAN_POINT('Origin',(9.66416958407,-1.01320636355042,0.7));
#13607=CARTESIAN_POINT('',(9.91416958407,-1.01320636355042,0.7));
#13608=CARTESIAN_POINT('Origin',(9.66416958407,-1.01320636355042,0.7));
#13609=CARTESIAN_POINT('',(9.91416958407,-1.01320636355042,0.3));
#13610=CARTESIAN_POINT('',(9.91416958407,-1.01320636355042,0.7));
#13611=CARTESIAN_POINT('Origin',(9.66416958407,-1.01320636355042,0.3));
#13612=CARTESIAN_POINT('Origin',(9.66416958407,6.98679363644958,0.7));
#13613=CARTESIAN_POINT('',(9.91416958407,6.98679363644958,0.7));
#13614=CARTESIAN_POINT('Origin',(9.66416958407,6.98679363644958,0.7));
#13615=CARTESIAN_POINT('',(9.91416958407,6.98679363644958,0.3));
#13616=CARTESIAN_POINT('',(9.91416958407,6.98679363644958,0.7));
#13617=CARTESIAN_POINT('Origin',(9.66416958407,6.98679363644958,0.3));
#13618=CARTESIAN_POINT('Ctrl Pts',(7.92403349814544,-7.81999978542328,0.55));
#13619=CARTESIAN_POINT('Ctrl Pts',(7.92403349814544,-7.81999978542328,0.628539816339747));
#13620=CARTESIAN_POINT('Ctrl Pts',(7.90021343692535,-7.89145996908354,0.7));
#13621=CARTESIAN_POINT('Ctrl Pts',(7.87403349814544,-7.96999978542328,0.7));
#13622=CARTESIAN_POINT('Ctrl Pts',(7.95395342817963,-7.81999978542328,0.55));
#13623=CARTESIAN_POINT('Ctrl Pts',(7.95395342817963,-7.81999978542328,0.644441066564741));
#13624=CARTESIAN_POINT('Ctrl Pts',(7.91018674693675,-7.90143327909493,0.7));
#13625=CARTESIAN_POINT('Ctrl Pts',(7.87403349814544,-7.96999978542328,0.7));
#13626=CARTESIAN_POINT('Ctrl Pts',(8.00577205249188,-7.84509723378101,0.55));
#13627=CARTESIAN_POINT('Ctrl Pts',(8.00577205249188,-7.84509723378101,0.658102266256808));
#13628=CARTESIAN_POINT('Ctrl Pts',(7.92764003945669,-7.91888657161487,0.7));
#13629=CARTESIAN_POINT('Ctrl Pts',(7.87403349814544,-7.96999978542328,0.7));
#13630=CARTESIAN_POINT('Ctrl Pts',(8.02403349814544,-7.89755983789764,0.55));
#13631=CARTESIAN_POINT('Ctrl Pts',(8.02403349814544,-7.89755983789764,0.640307866117778));
#13632=CARTESIAN_POINT('Ctrl Pts',(7.94509333197663,-7.93633986413482,0.7));
#13633=CARTESIAN_POINT('Ctrl Pts',(7.87403349814544,-7.96999978542328,0.7));
#13634=CARTESIAN_POINT('Ctrl Pts',(8.02403349814544,-7.91999978542328,0.55));
#13635=CARTESIAN_POINT('Ctrl Pts',(8.02403349814544,-7.91999978542328,0.628539816339745));
#13636=CARTESIAN_POINT('Ctrl Pts',(7.95257331448518,-7.94381984664337,0.699999999999999));
#13637=CARTESIAN_POINT('Ctrl Pts',(7.87403349814544,-7.96999978542328,0.7));
#13638=CARTESIAN_POINT('',(7.92403349814544,-7.81999978542328,0.55));
#13639=CARTESIAN_POINT('',(7.87403349814544,-7.96999978542328,0.7));
#13640=CARTESIAN_POINT('Origin',(7.87403349814544,-7.96999978542328,0.55));
#13641=CARTESIAN_POINT('',(8.02403349814544,-7.91999978542328,0.55));
#13642=CARTESIAN_POINT('Origin',(7.87403349814544,-7.96999978542328,0.55));
#13643=CARTESIAN_POINT('Origin',(7.92403349814544,-7.91999978542328,0.55));
#13644=CARTESIAN_POINT('Origin',(7.87403349814544,-6.12178923002739,0.55));
#13645=CARTESIAN_POINT('',(7.87403349814544,-10.8412709363409,0.7));
#13646=CARTESIAN_POINT('',(7.87403349814544,-6.12178923002739,0.7));
#13647=CARTESIAN_POINT('',(8.02403349814544,-10.8412709363409,0.55));
#13648=CARTESIAN_POINT('Origin',(7.87403349814544,-10.8412709363409,0.55));
#13649=CARTESIAN_POINT('',(8.02403349814544,-6.12178923002739,0.55));
#13650=CARTESIAN_POINT('Origin',(4.53641347952091,-7.96999978542328,0.55));
#13651=CARTESIAN_POINT('',(7.72403349814544,-7.81999978542328,0.55));
#13652=CARTESIAN_POINT('',(4.53641347952091,-7.81999978542328,0.55));
#13653=CARTESIAN_POINT('',(7.72403349814544,-7.96999978542328,0.7));
#13654=CARTESIAN_POINT('Origin',(7.72403349814544,-7.96999978542328,0.55));
#13655=CARTESIAN_POINT('',(4.53641347952091,-7.96999978542328,0.7));
#13656=CARTESIAN_POINT('Origin',(1.04879346089638,-1.40230752371388,0.7));
#13657=CARTESIAN_POINT('',(7.72403349814544,-4.16334411108685,0.7));
#13658=CARTESIAN_POINT('',(7.72403349814544,-7.81999978542328,0.7));
#13659=CARTESIAN_POINT('',(10.9240334981455,-4.16334411108687,0.7));
#13660=CARTESIAN_POINT('',(7.72403349814544,-4.16334411108685,0.7));
#13661=CARTESIAN_POINT('',(11.0240334981455,-4.06334411108687,0.7));
#13662=CARTESIAN_POINT('Origin',(10.9240334981455,-4.06334411108687,0.7));
#13663=CARTESIAN_POINT('',(11.0240334981455,7.93665588891313,0.7));
#13664=CARTESIAN_POINT('',(11.0240334981455,7.83665588891313,0.7));
#13665=CARTESIAN_POINT('',(10.9240334981455,8.03665588891313,0.7));
#13666=CARTESIAN_POINT('Origin',(10.9240334981455,7.93665588891313,0.7));
#13667=CARTESIAN_POINT('',(3.81951569364986,8.03665588891313,0.7));
#13668=CARTESIAN_POINT('',(8.06517601500159,8.03665588891313,0.7));
#13669=CARTESIAN_POINT('',(3.71951569364986,7.93665588891313,0.7));
#13670=CARTESIAN_POINT('Origin',(3.81951569364986,7.93665588891313,0.7));
#13671=CARTESIAN_POINT('',(3.71951569364986,7.5587290636591,0.7));
#13672=CARTESIAN_POINT('',(3.71951569364986,8.03665588891313,0.7));
#13673=CARTESIAN_POINT('',(0.53669861164171,7.5587290636591,0.7));
#13674=CARTESIAN_POINT('',(2.74238270524671,7.5587290636591,0.7));
#13675=CARTESIAN_POINT('',(0.53669861164171,7.93665588891313,0.7));
#13676=CARTESIAN_POINT('',(0.53669861164171,8.03665588891313,0.7));
#13677=CARTESIAN_POINT('',(0.43669861164171,8.03665588891313,0.7));
#13678=CARTESIAN_POINT('Origin',(0.43669861164171,7.93665588891313,0.7));
#13679=CARTESIAN_POINT('',(-2.79844657635273,8.03665588891313,0.7));
#13680=CARTESIAN_POINT('',(0.53669861164171,8.03665588891313,0.7));
#13681=CARTESIAN_POINT('',(-2.89844657635273,7.93665588891313,0.7));
#13682=CARTESIAN_POINT('Origin',(-2.79844657635273,7.93665588891313,0.7));
#13683=CARTESIAN_POINT('',(-2.89844657635273,7.5587290636591,0.7));
#13684=CARTESIAN_POINT('',(-2.89844657635273,8.03665588891313,0.7));
#13685=CARTESIAN_POINT('',(-8.92644657635273,7.5587290636591,0.7));
#13686=CARTESIAN_POINT('',(-2.89844657635273,7.5587290636591,0.7));
#13687=CARTESIAN_POINT('',(-8.92597398011306,1.23959880760519,0.7));
#13688=CARTESIAN_POINT('',(-8.92644657635273,7.5587290636591,0.7));
#13689=CARTESIAN_POINT('',(-8.82597398039272,1.13960628642299,0.7));
#13690=CARTESIAN_POINT('Origin',(-8.82597398039272,1.23960628642299,0.7));
#13691=CARTESIAN_POINT('',(-8.62596650185456,1.13960628642299,0.7));
#13692=CARTESIAN_POINT('',(-8.92596650185456,1.13960628642299,0.7));
#13693=CARTESIAN_POINT('',(-8.62596650185456,-6.80244148354021,0.7));
#13694=CARTESIAN_POINT('',(-8.62596650185456,1.13960628642299,0.7));
#13695=CARTESIAN_POINT('',(-8.82596650185456,-6.80244148354021,0.7));
#13696=CARTESIAN_POINT('',(-8.62596650185456,-6.80244148354021,0.7));
#13697=CARTESIAN_POINT('',(-8.92596650185456,-6.90244148354021,0.7));
#13698=CARTESIAN_POINT('Origin',(-8.82596650185456,-6.90244148354021,0.7));
#13699=CARTESIAN_POINT('',(-8.92596650185456,-10.8412709363409,0.7));
#13700=CARTESIAN_POINT('',(-8.92596650185456,-6.80244148354021,0.7));
#13701=CARTESIAN_POINT('',(-8.92596650185456,-10.8412709363409,0.7));
#13702=CARTESIAN_POINT('',(4.40829071289446,-6.76126961527304,0.7));
#13703=CARTESIAN_POINT('Origin',(3.78329071289446,-6.76126961527304,0.7));
#13704=CARTESIAN_POINT('',(-1.91197214125215,6.12897510959322,0.7));
#13705=CARTESIAN_POINT('',(-1.91197214125215,6.72897510959321,0.7));
#13706=CARTESIAN_POINT('Origin',(-1.91197214125215,6.42897510959321,0.7));
#13707=CARTESIAN_POINT('',(-0.428238892298082,6.72897510959321,0.7));
#13708=CARTESIAN_POINT('',(-1.91197214125215,6.72897510959321,0.7));
#13709=CARTESIAN_POINT('',(-0.428238892298082,6.12897510959321,0.7));
#13710=CARTESIAN_POINT('Origin',(-0.428238892298082,6.42897510959321,0.7));
#13711=CARTESIAN_POINT('',(-0.428238892298082,6.12897510959321,0.7));
#13712=CARTESIAN_POINT('',(0.49093731786102,2.51305873986658,0.7));
#13713=CARTESIAN_POINT('',(0.209824546461529,2.48182398748886,0.7));
#13714=CARTESIAN_POINT('Origin',(0.334763555972414,2.63799774937746,0.7));
#13715=CARTESIAN_POINT('',(-0.0634795368435309,2.7004672541329,0.7));
#13716=CARTESIAN_POINT('',(0.20982454646153,2.48182398748886,0.7));
#13717=CARTESIAN_POINT('',(-0.0947142892212521,2.98158002553239,0.7));
#13718=CARTESIAN_POINT('Origin',(0.0614594726673534,2.85664101602151,0.7));
#13719=CARTESIAN_POINT('',(0.592450263088614,3.84053571591973,0.7));
#13720=CARTESIAN_POINT('',(-0.0947142892212523,2.98158002553239,0.7));
#13721=CARTESIAN_POINT('',(0.873563034488104,3.87177046829745,0.7));
#13722=CARTESIAN_POINT('Origin',(0.748624024977219,3.71559670640884,0.7));
#13723=CARTESIAN_POINT('',(1.14686711779316,3.6531272016534,0.7));
#13724=CARTESIAN_POINT('',(0.873563034488104,3.87177046829745,0.7));
#13725=CARTESIAN_POINT('',(1.17810187017089,3.37201443025391,0.7));
#13726=CARTESIAN_POINT('Origin',(1.02192810828228,3.49695343976479,0.7));
#13727=CARTESIAN_POINT('',(1.17810187017089,3.37201443025391,0.7));
#13728=CARTESIAN_POINT('',(-6.55396875619939,5.70039427476518,0.7));
#13729=CARTESIAN_POINT('Origin',(-7.17896875619939,5.70039427476518,0.7));
#13730=CARTESIAN_POINT('',(-3.31946430638142,3.87177046829745,0.7));
#13731=CARTESIAN_POINT('',(-3.03835153498193,3.84053571591973,0.7));
#13732=CARTESIAN_POINT('Origin',(-3.19452529687054,3.71559670640885,0.7));
#13733=CARTESIAN_POINT('',(-2.35118698267206,2.98158002553239,0.7));
#13734=CARTESIAN_POINT('',(-3.03835153498193,3.84053571591973,0.7));
#13735=CARTESIAN_POINT('',(-2.38242173504979,2.7004672541329,0.7));
#13736=CARTESIAN_POINT('Origin',(-2.50736074456067,2.85664101602151,0.7));
#13737=CARTESIAN_POINT('',(-2.65572581835485,2.48182398748886,0.7));
#13738=CARTESIAN_POINT('',(-2.38242173504979,2.7004672541329,0.7));
#13739=CARTESIAN_POINT('',(-2.93683858975434,2.51305873986658,0.7));
#13740=CARTESIAN_POINT('Origin',(-2.78066482786573,2.63799774937746,0.7));
#13741=CARTESIAN_POINT('',(-3.6240031420642,3.37201443025391,0.7));
#13742=CARTESIAN_POINT('',(-2.93683858975434,2.51305873986658,0.7));
#13743=CARTESIAN_POINT('',(-3.59276838968648,3.6531272016534,0.7));
#13744=CARTESIAN_POINT('Origin',(-3.4678293801756,3.4969534397648,0.7));
#13745=CARTESIAN_POINT('',(-3.59276838968648,3.6531272016534,0.7));
#13746=CARTESIAN_POINT('Origin',(7.92403349814544,-7.91999978542328,0.3));
#13747=CARTESIAN_POINT('',(8.02403349814544,-7.91999978542328,0.3));
#13748=CARTESIAN_POINT('',(8.02403349814544,-7.91999978542328,0.3));
#13749=CARTESIAN_POINT('',(7.92403349814544,-7.81999978542328,0.3));
#13750=CARTESIAN_POINT('Origin',(7.92403349814544,-7.91999978542328,0.3));
#13751=CARTESIAN_POINT('',(7.92403349814544,-7.81999978542328,0.3));
#13752=CARTESIAN_POINT('Origin',(8.02403349814544,-7.81999978542328,0.3));
#13753=CARTESIAN_POINT('',(7.72403349814544,-7.81999978542328,0.3));
#13754=CARTESIAN_POINT('',(8.02403349814544,-7.81999978542328,0.3));
#13755=CARTESIAN_POINT('',(7.72403349814544,-7.81999978542328,0.3));
#13756=CARTESIAN_POINT('Origin',(1.04879346089638,-1.40230752371388,0.3));
#13757=CARTESIAN_POINT('',(8.02403349814544,-10.8412709363409,0.3));
#13758=CARTESIAN_POINT('',(8.02403349814544,-10.8414414835402,0.3));
#13759=CARTESIAN_POINT('',(-8.92596650185456,-10.8412709363409,0.3));
#13760=CARTESIAN_POINT('',(-8.92596650185456,-10.8412709363409,0.3));
#13761=CARTESIAN_POINT('',(-8.92596650185456,-6.90244148354021,0.3));
#13762=CARTESIAN_POINT('',(-8.92596650185456,-6.80244148354021,0.3));
#13763=CARTESIAN_POINT('',(-8.82596650185456,-6.80244148354021,0.3));
#13764=CARTESIAN_POINT('Origin',(-8.82596650185456,-6.90244148354021,0.3));
#13765=CARTESIAN_POINT('',(-8.62596650185456,-6.80244148354021,0.3));
#13766=CARTESIAN_POINT('',(-8.62596650185456,-6.80244148354021,0.3));
#13767=CARTESIAN_POINT('',(-8.62596650185456,1.13960628642299,0.3));
#13768=CARTESIAN_POINT('',(-8.62596650185456,1.13960628642299,0.3));
#13769=CARTESIAN_POINT('',(-8.82597398039272,1.13960628642299,0.3));
#13770=CARTESIAN_POINT('',(-8.92596650185456,1.13960628642299,0.3));
#13771=CARTESIAN_POINT('',(-8.92597398011306,1.23959880760519,0.3));
#13772=CARTESIAN_POINT('Origin',(-8.82597398039272,1.23960628642299,0.3));
#13773=CARTESIAN_POINT('',(-8.92644657635273,7.5587290636591,0.3));
#13774=CARTESIAN_POINT('',(-8.92644657635273,7.5587290636591,0.3));
#13775=CARTESIAN_POINT('',(-2.89844657635273,7.5587290636591,0.3));
#13776=CARTESIAN_POINT('',(-2.89844657635273,7.5587290636591,0.3));
#13777=CARTESIAN_POINT('',(-2.89844657635273,7.93665588891313,0.3));
#13778=CARTESIAN_POINT('',(-2.89844657635273,8.03665588891313,0.3));
#13779=CARTESIAN_POINT('',(-2.79844657635273,8.03665588891313,0.3));
#13780=CARTESIAN_POINT('Origin',(-2.79844657635273,7.93665588891313,0.3));
#13781=CARTESIAN_POINT('',(0.43669861164171,8.03665588891313,0.3));
#13782=CARTESIAN_POINT('',(0.53669861164171,8.03665588891313,0.3));
#13783=CARTESIAN_POINT('',(0.53669861164171,7.93665588891313,0.3));
#13784=CARTESIAN_POINT('Origin',(0.43669861164171,7.93665588891313,0.3));
#13785=CARTESIAN_POINT('',(0.53669861164171,7.5587290636591,0.3));
#13786=CARTESIAN_POINT('',(0.53669861164171,8.03665588891313,0.3));
#13787=CARTESIAN_POINT('',(3.71951569364986,7.5587290636591,0.3));
#13788=CARTESIAN_POINT('',(2.74238270524671,7.5587290636591,0.3));
#13789=CARTESIAN_POINT('',(3.71951569364986,7.93665588891313,0.3));
#13790=CARTESIAN_POINT('',(3.71951569364986,8.03665588891313,0.3));
#13791=CARTESIAN_POINT('',(3.81951569364986,8.03665588891313,0.3));
#13792=CARTESIAN_POINT('Origin',(3.81951569364986,7.93665588891313,0.3));
#13793=CARTESIAN_POINT('',(10.9240334981455,8.03665588891313,0.3));
#13794=CARTESIAN_POINT('',(8.06517601500159,8.03665588891313,0.3));
#13795=CARTESIAN_POINT('',(11.0240334981455,7.93665588891313,0.3));
#13796=CARTESIAN_POINT('Origin',(10.9240334981455,7.93665588891313,0.3));
#13797=CARTESIAN_POINT('',(11.0240334981455,-4.06334411108687,0.3));
#13798=CARTESIAN_POINT('',(11.0240334981455,7.83665588891313,0.3));
#13799=CARTESIAN_POINT('',(10.9240334981455,-4.16334411108687,0.3));
#13800=CARTESIAN_POINT('Origin',(10.9240334981455,-4.06334411108687,0.3));
#13801=CARTESIAN_POINT('',(7.72403349814544,-4.16334411108685,0.3));
#13802=CARTESIAN_POINT('',(7.72403349814544,-4.16334411108685,0.3));
#13803=CARTESIAN_POINT('',(7.72403349814544,-7.81999978542328,0.3));
#13804=CARTESIAN_POINT('',(-3.31946430638142,3.87177046829745,0.3));
#13805=CARTESIAN_POINT('',(-3.03835153498193,3.84053571591973,0.3));
#13806=CARTESIAN_POINT('Origin',(-3.19452529687054,3.71559670640885,0.3));
#13807=CARTESIAN_POINT('',(-3.59276838968648,3.6531272016534,0.3));
#13808=CARTESIAN_POINT('',(-3.59276838968648,3.6531272016534,0.3));
#13809=CARTESIAN_POINT('',(-3.6240031420642,3.37201443025391,0.3));
#13810=CARTESIAN_POINT('Origin',(-3.4678293801756,3.4969534397648,0.3));
#13811=CARTESIAN_POINT('',(-2.93683858975434,2.51305873986658,0.3));
#13812=CARTESIAN_POINT('',(-2.93683858975434,2.51305873986658,0.3));
#13813=CARTESIAN_POINT('',(-2.65572581835485,2.48182398748886,0.3));
#13814=CARTESIAN_POINT('Origin',(-2.78066482786573,2.63799774937746,0.3));
#13815=CARTESIAN_POINT('',(-2.38242173504979,2.7004672541329,0.3));
#13816=CARTESIAN_POINT('',(-2.38242173504979,2.7004672541329,0.3));
#13817=CARTESIAN_POINT('',(-2.35118698267206,2.98158002553239,0.3));
#13818=CARTESIAN_POINT('Origin',(-2.50736074456067,2.85664101602151,0.3));
#13819=CARTESIAN_POINT('',(-3.03835153498193,3.84053571591973,0.3));
#13820=CARTESIAN_POINT('',(-6.55396875619939,5.70039427476518,0.3));
#13821=CARTESIAN_POINT('Origin',(-7.17896875619939,5.70039427476518,0.3));
#13822=CARTESIAN_POINT('',(0.49093731786102,2.51305873986658,0.3));
#13823=CARTESIAN_POINT('',(0.20982454646153,2.48182398748886,0.3));
#13824=CARTESIAN_POINT('Origin',(0.334763555972414,2.63799774937746,0.3));
#13825=CARTESIAN_POINT('',(1.17810187017089,3.37201443025391,0.3));
#13826=CARTESIAN_POINT('',(1.17810187017089,3.37201443025391,0.3));
#13827=CARTESIAN_POINT('',(1.14686711779316,3.6531272016534,0.3));
#13828=CARTESIAN_POINT('Origin',(1.02192810828228,3.49695343976479,0.3));
#13829=CARTESIAN_POINT('',(0.873563034488104,3.87177046829745,0.3));
#13830=CARTESIAN_POINT('',(0.873563034488104,3.87177046829745,0.3));
#13831=CARTESIAN_POINT('',(0.592450263088614,3.84053571591973,0.3));
#13832=CARTESIAN_POINT('Origin',(0.748624024977219,3.71559670640884,0.3));
#13833=CARTESIAN_POINT('',(-0.0947142892212523,2.98158002553239,0.3));
#13834=CARTESIAN_POINT('',(-0.0947142892212523,2.98158002553239,0.3));
#13835=CARTESIAN_POINT('',(-0.0634795368435311,2.7004672541329,0.3));
#13836=CARTESIAN_POINT('Origin',(0.0614594726673534,2.85664101602151,0.3));
#13837=CARTESIAN_POINT('',(0.20982454646153,2.48182398748886,0.3));
#13838=CARTESIAN_POINT('',(-1.91197214125215,6.12897510959322,0.3));
#13839=CARTESIAN_POINT('',(-1.91197214125215,6.72897510959321,0.3));
#13840=CARTESIAN_POINT('Origin',(-1.91197214125215,6.42897510959321,0.3));
#13841=CARTESIAN_POINT('',(-0.428238892298082,6.12897510959321,0.3));
#13842=CARTESIAN_POINT('',(-0.428238892298082,6.12897510959321,0.3));
#13843=CARTESIAN_POINT('',(-0.428238892298082,6.72897510959321,0.3));
#13844=CARTESIAN_POINT('Origin',(-0.428238892298082,6.42897510959321,0.3));
#13845=CARTESIAN_POINT('',(-1.91197214125215,6.72897510959321,0.3));
#13846=CARTESIAN_POINT('',(4.40829071289446,-6.76126961527304,0.3));
#13847=CARTESIAN_POINT('Origin',(3.78329071289446,-6.76126961527304,0.3));
#13848=CARTESIAN_POINT('Origin',(-8.82596650185456,-6.90244148354021,0.3));
#13849=CARTESIAN_POINT('',(-8.82596650185456,-6.80244148354021,0.3));
#13850=CARTESIAN_POINT('',(-8.92596650185456,-6.90244148354021,0.3));
#13851=CARTESIAN_POINT('Origin',(-8.92596650185456,-6.80244148354021,0.3));
#13852=CARTESIAN_POINT('',(-8.92596650185456,-10.8412709363409,0.3));
#13853=CARTESIAN_POINT('Origin',(-8.82597398039272,1.23960628642299,0.3));
#13854=CARTESIAN_POINT('',(-8.92597398011306,1.23959880760519,0.3));
#13855=CARTESIAN_POINT('',(-8.82597398039272,1.13960628642299,0.3));
#13856=CARTESIAN_POINT('Origin',(-8.92596650185456,1.13960628642299,0.3));
#13857=CARTESIAN_POINT('',(-8.62596650185456,1.13960628642299,0.3));
#13858=CARTESIAN_POINT('Origin',(-2.79844657635273,7.93665588891313,0.3));
#13859=CARTESIAN_POINT('',(-2.79844657635273,8.03665588891313,0.3));
#13860=CARTESIAN_POINT('',(-2.89844657635273,7.93665588891313,0.3));
#13861=CARTESIAN_POINT('Origin',(0.53669861164171,8.03665588891313,0.3));
#13862=CARTESIAN_POINT('',(0.43669861164171,8.03665588891313,0.3));
#13863=CARTESIAN_POINT('Origin',(0.43669861164171,7.93665588891313,0.3));
#13864=CARTESIAN_POINT('',(0.53669861164171,7.93665588891313,0.3));
#13865=CARTESIAN_POINT('Origin',(3.81951569364986,7.93665588891313,0.3));
#13866=CARTESIAN_POINT('',(3.81951569364986,8.03665588891313,0.3));
#13867=CARTESIAN_POINT('',(3.71951569364986,7.93665588891313,0.3));
#13868=CARTESIAN_POINT('Origin',(11.0240334981455,8.03665588891313,0.3));
#13869=CARTESIAN_POINT('',(10.9240334981455,8.03665588891313,0.3));
#13870=CARTESIAN_POINT('Origin',(10.9240334981455,7.93665588891313,0.3));
#13871=CARTESIAN_POINT('',(11.0240334981455,7.93665588891313,0.3));
#13872=CARTESIAN_POINT('Origin',(10.9240334981455,-4.06334411108687,0.3));
#13873=CARTESIAN_POINT('',(10.9240334981455,-4.16334411108687,0.3));
#13874=CARTESIAN_POINT('',(11.0240334981455,-4.06334411108687,0.3));
#13875=CARTESIAN_POINT('Origin',(7.72403349814544,-4.16334411108685,0.3));
#13876=CARTESIAN_POINT('',(7.72403349814544,-4.16334411108685,0.3));
#13877=CARTESIAN_POINT('Origin',(3.78329071289446,-6.76126961527304,0.3));
#13878=CARTESIAN_POINT('',(4.40829071289446,-6.76126961527304,0.3));
#13879=CARTESIAN_POINT('Origin',(-0.428238892298082,6.12897510959321,0.3));
#13880=CARTESIAN_POINT('',(-1.91197214125215,6.12897510959322,0.3));
#13881=CARTESIAN_POINT('',(-0.428238892298082,6.12897510959321,0.3));
#13882=CARTESIAN_POINT('Origin',(-0.428238892298082,6.42897510959321,0.3));
#13883=CARTESIAN_POINT('',(-0.428238892298082,6.72897510959321,0.3));
#13884=CARTESIAN_POINT('Origin',(-1.91197214125215,6.72897510959321,0.3));
#13885=CARTESIAN_POINT('',(-1.91197214125215,6.72897510959321,0.3));
#13886=CARTESIAN_POINT('Origin',(-1.91197214125215,6.42897510959321,0.3));
#13887=CARTESIAN_POINT('Origin',(1.17810187017089,3.37201443025391,0.3));
#13888=CARTESIAN_POINT('',(0.49093731786102,2.51305873986658,0.3));
#13889=CARTESIAN_POINT('',(1.17810187017089,3.37201443025391,0.3));
#13890=CARTESIAN_POINT('Origin',(1.02192810828228,3.49695343976479,0.3));
#13891=CARTESIAN_POINT('',(1.14686711779316,3.6531272016534,0.3));
#13892=CARTESIAN_POINT('Origin',(0.873563034488104,3.87177046829745,0.3));
#13893=CARTESIAN_POINT('',(0.873563034488104,3.87177046829745,0.3));
#13894=CARTESIAN_POINT('Origin',(0.748624024977219,3.71559670640884,0.3));
#13895=CARTESIAN_POINT('',(0.592450263088614,3.84053571591973,0.3));
#13896=CARTESIAN_POINT('Origin',(-0.0947142892212523,2.98158002553239,0.3));
#13897=CARTESIAN_POINT('',(-0.0947142892212523,2.98158002553239,0.3));
#13898=CARTESIAN_POINT('Origin',(0.0614594726673534,2.85664101602151,0.3));
#13899=CARTESIAN_POINT('',(-0.0634795368435311,2.7004672541329,0.3));
#13900=CARTESIAN_POINT('Origin',(0.20982454646153,2.48182398748886,0.3));
#13901=CARTESIAN_POINT('',(0.20982454646153,2.48182398748886,0.3));
#13902=CARTESIAN_POINT('Origin',(0.334763555972414,2.63799774937746,0.3));
#13903=CARTESIAN_POINT('Origin',(-7.17896875619939,5.70039427476518,0.3));
#13904=CARTESIAN_POINT('',(-6.55396875619939,5.70039427476518,0.3));
#13905=CARTESIAN_POINT('Origin',(-3.59276838968648,3.6531272016534,0.3));
#13906=CARTESIAN_POINT('',(-3.31946430638142,3.87177046829745,0.3));
#13907=CARTESIAN_POINT('',(-3.59276838968648,3.6531272016534,0.3));
#13908=CARTESIAN_POINT('Origin',(-3.4678293801756,3.4969534397648,0.3));
#13909=CARTESIAN_POINT('',(-3.6240031420642,3.37201443025391,0.3));
#13910=CARTESIAN_POINT('Origin',(-2.93683858975434,2.51305873986658,0.3));
#13911=CARTESIAN_POINT('',(-2.93683858975434,2.51305873986658,0.3));
#13912=CARTESIAN_POINT('Origin',(-2.78066482786573,2.63799774937746,0.3));
#13913=CARTESIAN_POINT('',(-2.65572581835485,2.48182398748886,0.3));
#13914=CARTESIAN_POINT('Origin',(-2.38242173504979,2.7004672541329,0.3));
#13915=CARTESIAN_POINT('',(-2.38242173504979,2.7004672541329,0.3));
#13916=CARTESIAN_POINT('Origin',(-2.50736074456067,2.85664101602151,0.3));
#13917=CARTESIAN_POINT('',(-2.35118698267206,2.98158002553239,0.3));
#13918=CARTESIAN_POINT('Origin',(-3.03835153498193,3.84053571591973,0.3));
#13919=CARTESIAN_POINT('',(-3.03835153498193,3.84053571591973,0.3));
#13920=CARTESIAN_POINT('Origin',(-3.19452529687054,3.71559670640885,0.3));
#13921=CARTESIAN_POINT('Origin',(0.53669861164171,7.5587290636591,0.3));
#13922=CARTESIAN_POINT('',(0.53669861164171,7.5587290636591,0.3));
#13923=CARTESIAN_POINT('Origin',(3.71951569364986,7.5587290636591,0.3));
#13924=CARTESIAN_POINT('',(3.71951569364986,7.5587290636591,0.3));
#13925=CARTESIAN_POINT('Origin',(3.71951569364986,8.03665588891313,0.3));
#13926=CARTESIAN_POINT('Origin',(11.0240334981455,-4.16334411108687,0.3));
#13927=CARTESIAN_POINT('Origin',(7.72403349814544,-7.81999978542328,0.3));
#13928=CARTESIAN_POINT('Origin',(8.02403349814544,-10.8412709363409,0.3));
#13929=CARTESIAN_POINT('',(8.02403349814544,-10.8412709363409,0.3));
#13930=CARTESIAN_POINT('Origin',(-8.92596650185456,-10.8412709363409,0.3));
#13931=CARTESIAN_POINT('Origin',(-8.62596650185456,-6.80244148354021,0.3));
#13932=CARTESIAN_POINT('',(-8.62596650185456,-6.80244148354021,0.3));
#13933=CARTESIAN_POINT('Origin',(-8.62596650185456,1.13960628642299,0.3));
#13934=CARTESIAN_POINT('Origin',(-8.92644657635273,7.5587290636591,0.3));
#13935=CARTESIAN_POINT('',(-8.92644657635273,7.5587290636591,0.3));
#13936=CARTESIAN_POINT('Origin',(-2.89844657635273,7.5587290636591,0.3));
#13937=CARTESIAN_POINT('',(-2.89844657635273,7.5587290636591,0.3));
#13938=CARTESIAN_POINT('Origin',(-2.89844657635273,8.03665588891313,0.3));
#13939=CARTESIAN_POINT('Ctrl Pts',(-6.78755423206866,-1.79243566162005,
12.5));
#13940=CARTESIAN_POINT('Ctrl Pts',(-6.78822008707264,-0.972244638803848,
12.5));
#13941=CARTESIAN_POINT('Ctrl Pts',(-6.41473579999588,0.68016807330547,12.5));
#13942=CARTESIAN_POINT('Ctrl Pts',(-4.83749733290975,2.65441148897879,12.5));
#13943=CARTESIAN_POINT('Ctrl Pts',(-1.78691819993976,4.14524328778209,12.5));
#13944=CARTESIAN_POINT('Ctrl Pts',(1.73631759784536,3.34079311298388,12.5));
#13945=CARTESIAN_POINT('Ctrl Pts',(3.841516392466,0.675722711924386,12.5));
#13946=CARTESIAN_POINT('Ctrl Pts',(4.21744708358707,-0.969740290711843,
12.5));
#13947=CARTESIAN_POINT('Ctrl Pts',(4.21744708358707,-1.78796857176928,12.5));
#13948=CARTESIAN_POINT('Ctrl Pts',(-6.79244198574572,-1.7924396296411,12.5682537881132));
#13949=CARTESIAN_POINT('Ctrl Pts',(-6.79310835750248,-0.971612077859285,
12.5682537881132));
#13950=CARTESIAN_POINT('Ctrl Pts',(-6.41918805409887,0.682383390382961,
12.5682537881132));
#13951=CARTESIAN_POINT('Ctrl Pts',(-4.84061939825919,2.65821721191286,12.5682537881132));
#13952=CARTESIAN_POINT('Ctrl Pts',(-1.78741207745721,4.15039796983134,12.5682537881132));
#13953=CARTESIAN_POINT('Ctrl Pts',(1.7390063045477,3.34514967847096,12.5682537881132));
#13954=CARTESIAN_POINT('Ctrl Pts',(3.84597922695834,0.677906431812974,12.5682537881132));
#13955=CARTESIAN_POINT('Ctrl Pts',(4.22233483887481,-0.969105284979169,
12.5682537881132));
#13956=CARTESIAN_POINT('Ctrl Pts',(4.22233483887481,-1.78796857176928,12.5682537881132));
#13957=CARTESIAN_POINT('Ctrl Pts',(-6.86150681375854,-1.79249569848366,
12.6998718272995));
#13958=CARTESIAN_POINT('Ctrl Pts',(-6.8621816536862,-0.961237170421898,
12.6998718272995));
#13959=CARTESIAN_POINT('Ctrl Pts',(-6.48372798102212,0.713328342497379,
12.6998718272995));
#13960=CARTESIAN_POINT('Ctrl Pts',(-4.88525762868663,2.71418380062983,12.6998718272995));
#13961=CARTESIAN_POINT('Ctrl Pts',(-1.79364001594031,4.22504022419164,12.6998718272996));
#13962=CARTESIAN_POINT('Ctrl Pts',(1.7769219298599,3.40981859139964,12.6998718272995));
#13963=CARTESIAN_POINT('Ctrl Pts',(3.9104603481834,0.70883654213074,12.6998718272995));
#13964=CARTESIAN_POINT('Ctrl Pts',(4.29139968964678,-0.958699270338852,
12.6998718272995));
#13965=CARTESIAN_POINT('Ctrl Pts',(4.29139968964678,-1.78796857176928,12.6998718272995));
#13966=CARTESIAN_POINT('Ctrl Pts',(-7.00480832789241,-1.79261203483411,
12.7393423778937));
#13967=CARTESIAN_POINT('Ctrl Pts',(-7.00550046524944,-0.94004677152657,
12.7393423778937));
#13968=CARTESIAN_POINT('Ctrl Pts',(-6.61725955327756,0.77761930922782,12.7393423778937));
#13969=CARTESIAN_POINT('Ctrl Pts',(-4.97775437525977,2.82979506485488,12.7393423778937));
#13970=CARTESIAN_POINT('Ctrl Pts',(-1.80673799004949,4.37949154404891,12.7393423778937));
#13971=CARTESIAN_POINT('Ctrl Pts',(1.85561031492428,3.54327107503098,12.7393423778937));
#13972=CARTESIAN_POINT('Ctrl Pts',(4.04391867017401,0.772995669341291,12.7393423778937));
#13973=CARTESIAN_POINT('Ctrl Pts',(4.43470125100327,-0.937443522750682,
12.7393423778937));
#13974=CARTESIAN_POINT('Ctrl Pts',(4.43470125100327,-1.78796857176928,12.7393423778937));
#13975=CARTESIAN_POINT('Ctrl Pts',(-7.07253862884599,-1.79266702026867,
12.7295918367347));
#13976=CARTESIAN_POINT('Ctrl Pts',(-7.07323896968281,-0.929996823540933,
12.7295918367347));
#13977=CARTESIAN_POINT('Ctrl Pts',(-6.6804112570593,0.807997326329466,12.7295918367347));
#13978=CARTESIAN_POINT('Ctrl Pts',(-5.02148476208756,2.88449037296091,12.7295918367347));
#13979=CARTESIAN_POINT('Ctrl Pts',(-1.81291062805621,4.45253504229379,12.7295918367347));
#13980=CARTESIAN_POINT('Ctrl Pts',(1.89279991283406,3.60642094052267,12.7295918367347));
#13981=CARTESIAN_POINT('Ctrl Pts',(4.107030753926,0.803321731656476,12.7295918367347));
#13982=CARTESIAN_POINT('Ctrl Pts',(4.50243157427623,-0.927362770739761,
12.7295918367347));
#13983=CARTESIAN_POINT('Ctrl Pts',(4.50243157427623,-1.78796857176928,12.7295918367347));
#13984=CARTESIAN_POINT('',(4.22619386633006,-1.78796857176928,12.55));
#13985=CARTESIAN_POINT('',(4.21744708358707,-1.78796857176928,12.5));
#13986=CARTESIAN_POINT('Ctrl Pts',(4.22636661481668,-1.78796857176928,12.5499541490188));
#13987=CARTESIAN_POINT('Ctrl Pts',(4.22168705105885,-1.78796857176928,12.5336613572715));
#13988=CARTESIAN_POINT('Ctrl Pts',(4.21865772385801,-1.78796857176928,12.5169056713501));
#13989=CARTESIAN_POINT('Ctrl Pts',(4.21744708358707,-1.78796857176928,12.5));
#13990=CARTESIAN_POINT('',(4.22415220834719,-1.63796857176928,12.55));
#13991=CARTESIAN_POINT('Ctrl Pts',(4.22636661481668,-1.78796857176928,12.5499541490188));
#13992=CARTESIAN_POINT('Ctrl Pts',(4.22636661481668,-1.73802484573644,12.5499541490188));
#13993=CARTESIAN_POINT('Ctrl Pts',(4.22566728877915,-1.68806413756833,12.5499541490188));
#13994=CARTESIAN_POINT('Ctrl Pts',(4.22427290681937,-1.63810522329166,12.5499541490188));
#13995=CARTESIAN_POINT('',(4.22071389476651,-1.542259519522,12.55));
#13996=CARTESIAN_POINT('Ctrl Pts',(4.2207618619007,-1.54261033864513,12.5499541490187));
#13997=CARTESIAN_POINT('Ctrl Pts',(4.22221368572578,-1.57443799997437,12.5499541490187));
#13998=CARTESIAN_POINT('Ctrl Pts',(4.22338440228986,-1.60627124744811,12.5499541490187));
#13999=CARTESIAN_POINT('Ctrl Pts',(4.22427290681937,-1.63810522329166,12.5499541490187));
#14000=CARTESIAN_POINT('',(4.4968637876096,-1.53735756499252,12.7295918367347));
#14001=CARTESIAN_POINT('Ctrl Pts',(4.49700276018258,-1.53735153383404,12.7295918367347));
#14002=CARTESIAN_POINT('Ctrl Pts',(4.42919384381352,-1.53852150103058,12.7393518289415));
#14003=CARTESIAN_POINT('Ctrl Pts',(4.30402434368853,-1.54073497830303,12.7046739727095));
#14004=CARTESIAN_POINT('Ctrl Pts',(4.23467281659033,-1.54200422292693,12.5994880848375));
#14005=CARTESIAN_POINT('Ctrl Pts',(4.22071389476651,-1.542259519522,12.55));
#14006=CARTESIAN_POINT('',(-1.03455029207509,3.99149568171081,12.7295918367347));
#14007=CARTESIAN_POINT('Ctrl Pts',(4.4968637876096,-1.53735756499252,12.7295918367347));
#14008=CARTESIAN_POINT('Ctrl Pts',(4.49060112444642,-1.3961986797515,12.7295918367347));
#14009=CARTESIAN_POINT('Ctrl Pts',(4.4790574038372,-1.25489797395759,12.7295918367347));
#14010=CARTESIAN_POINT('Ctrl Pts',(4.46229981945108,-1.11401517001718,12.7295918367347));
#14011=CARTESIAN_POINT('Ctrl Pts',(4.44541313062055,-0.972046971206551,
12.7295918367347));
#14012=CARTESIAN_POINT('Ctrl Pts',(4.42323200198488,-0.83050378788815,12.7295918367347));
#14013=CARTESIAN_POINT('Ctrl Pts',(4.39587788170931,-0.689955782809086,
12.7295918367347));
#14014=CARTESIAN_POINT('Ctrl Pts',(4.36856825906791,-0.549636410698285,
12.7295918367347));
#14015=CARTESIAN_POINT('Ctrl Pts',(4.33610263499446,-0.410309624554122,
12.7295918367347));
#14016=CARTESIAN_POINT('Ctrl Pts',(4.29865221642091,-0.272530512161367,
12.7295918367347));
#14017=CARTESIAN_POINT('Ctrl Pts',(4.26157675169568,-0.136130845189458,
12.7295918367347));
#14018=CARTESIAN_POINT('Ctrl Pts',(4.21961605818567,-0.00124858883077758,
12.7295918367347));
#14019=CARTESIAN_POINT('Ctrl Pts',(4.17298237773969,0.131598750973834,12.7295918367347));
#14020=CARTESIAN_POINT('Ctrl Pts',(4.14018657622932,0.225025539203853,12.7295918367347));
#14021=CARTESIAN_POINT('Ctrl Pts',(4.10508056749235,0.317446325768436,12.7295918367347));
#14022=CARTESIAN_POINT('Ctrl Pts',(4.06775105244142,0.408689714276036,12.7295918367347));
#14023=CARTESIAN_POINT('Ctrl Pts',(4.02472079658191,0.513867248664429,12.7295918367347));
#14024=CARTESIAN_POINT('Ctrl Pts',(3.97846359133138,0.618066734862501,12.7295961634066));
#14025=CARTESIAN_POINT('Ctrl Pts',(3.92902353583005,0.721000197859375,12.7296043734208));
#14026=CARTESIAN_POINT('Ctrl Pts',(3.86586592135232,0.852493415391042,12.7296148613724));
#14027=CARTESIAN_POINT('Ctrl Pts',(3.79751254761735,0.98191969585587,12.7296316874017));
#14028=CARTESIAN_POINT('Ctrl Pts',(3.724259921822,1.1087201617319,12.7296538157934));
#14029=CARTESIAN_POINT('Ctrl Pts',(3.65044839169287,1.23648809231154,12.7296761130208));
#14030=CARTESIAN_POINT('Ctrl Pts',(3.57166291143506,1.36158935407507,12.7297037898789));
#14031=CARTESIAN_POINT('Ctrl Pts',(3.48825425924908,1.48347490091509,12.7297357190409));
#14032=CARTESIAN_POINT('Ctrl Pts',(3.40508422873538,1.60501174852246,12.7297675568576));
#14033=CARTESIAN_POINT('Ctrl Pts',(3.31731788602244,1.72335067760643,12.7298036192684));
#14034=CARTESIAN_POINT('Ctrl Pts',(3.2253439042595,1.83797887541654,12.7298427770099));
#14035=CARTESIAN_POINT('Ctrl Pts',(3.13449532926297,1.95120446623971,12.7298814556117));
#14036=CARTESIAN_POINT('Ctrl Pts',(3.03954193899463,2.06080911622728,12.7299231516834));
#14037=CARTESIAN_POINT('Ctrl Pts',(2.94089128435837,2.1663370645028,12.7299668099146));
#14038=CARTESIAN_POINT('Ctrl Pts',(2.90576271135797,2.20391457727498,12.7299823562014));
#14039=CARTESIAN_POINT('Ctrl Pts',(2.87016559595123,2.24097555328585,12.7299981517765));
#14040=CARTESIAN_POINT('Ctrl Pts',(2.83411919102467,2.27750077886092,12.7300141508798));
#14041=CARTESIAN_POINT('Ctrl Pts',(2.74262283251274,2.37021252475498,12.7300547613014));
#14042=CARTESIAN_POINT('Ctrl Pts',(2.64776404631863,2.4602540340562,12.7300685847044));
#14043=CARTESIAN_POINT('Ctrl Pts',(2.54973100487458,2.54712824885035,12.7300644011932));
#14044=CARTESIAN_POINT('Ctrl Pts',(2.47499401622574,2.61335813531831,12.7300612118295));
#14045=CARTESIAN_POINT('Ctrl Pts',(2.39841320909842,2.67774724322736,12.7300474632824));
#14046=CARTESIAN_POINT('Ctrl Pts',(2.3200913798563,2.74008147409327,12.7300264078984));
#14047=CARTESIAN_POINT('Ctrl Pts',(2.21815892618434,2.82120676395688,12.7299990052319));
#14048=CARTESIAN_POINT('Ctrl Pts',(2.11327601188066,2.89885006379799,12.7299591633247));
#14049=CARTESIAN_POINT('Ctrl Pts',(2.00581052565827,2.97277313903612,12.7299140744271));
#14050=CARTESIAN_POINT('Ctrl Pts',(1.89816160171862,3.04682239692742,12.7298689085653));
#14051=CARTESIAN_POINT('Ctrl Pts',(1.78792168197385,3.11713842302147,12.7298184432637));
#14052=CARTESIAN_POINT('Ctrl Pts',(1.67550346544464,3.18351411701182,12.7297707944437));
#14053=CARTESIAN_POINT('Ctrl Pts',(1.56181202571804,3.25064156704262,12.7297226059639));
#14054=CARTESIAN_POINT('Ctrl Pts',(1.44589308215113,3.31373856972054,12.7296773245967));
#14055=CARTESIAN_POINT('Ctrl Pts',(1.328211312605,3.37262899259121,12.7296443241785));
#14056=CARTESIAN_POINT('Ctrl Pts',(1.21376022921187,3.42990271242923,12.729612229712));
#14057=CARTESIAN_POINT('Ctrl Pts',(1.09764239679002,3.48319758999465,12.7295918367347));
#14058=CARTESIAN_POINT('Ctrl Pts',(0.980312812403985,3.53239006363682,12.7295918367347));
#14059=CARTESIAN_POINT('Ctrl Pts',(0.848237694305528,3.5877648593445,12.7295918367347));
#14060=CARTESIAN_POINT('Ctrl Pts',(0.713697886706429,3.63852536000574,12.7295918367347));
#14061=CARTESIAN_POINT('Ctrl Pts',(0.577204540937213,3.68444833953866,12.7295918367347));
#14062=CARTESIAN_POINT('Ctrl Pts',(0.439106533375574,3.73091120510217,12.7295918367347));
#14063=CARTESIAN_POINT('Ctrl Pts',(0.299009349672077,3.77242187149351,12.7295918367347));
#14064=CARTESIAN_POINT('Ctrl Pts',(0.157468426378223,3.80879565741755,12.7295918367347));
#14065=CARTESIAN_POINT('Ctrl Pts',(0.0157855173511883,3.84520593143665,
12.7295918367347));
#14066=CARTESIAN_POINT('Ctrl Pts',(-0.127343386820767,3.87646884318242,
12.7295918367347));
#14067=CARTESIAN_POINT('Ctrl Pts',(-0.271344420241825,3.90244866379982,
12.7295918367347));
#14068=CARTESIAN_POINT('Ctrl Pts',(-0.414359000670894,3.92825051436262,
12.7295918367347));
#14069=CARTESIAN_POINT('Ctrl Pts',(-0.558233158045536,3.94884132688455,
12.7295918367347));
#14070=CARTESIAN_POINT('Ctrl Pts',(-0.702397867160395,3.96413872814192,
12.7295918367347));
#14071=CARTESIAN_POINT('Ctrl Pts',(-0.813051673322758,3.97588026796754,
12.7295918367347));
#14072=CARTESIAN_POINT('Ctrl Pts',(-0.923876438307563,3.98450427939294,
12.7295918367347));
#14073=CARTESIAN_POINT('Ctrl Pts',(-1.03461563033215,3.98999437397652,12.7295918367347));
#14074=CARTESIAN_POINT('',(-1.03934542862185,3.71779980386635,12.55));
#14075=CARTESIAN_POINT('Ctrl Pts',(-1.03934542862185,3.71779980386635,12.55));
#14076=CARTESIAN_POINT('Ctrl Pts',(-1.03900503316175,3.73641169963145,12.6159841131167));
#14077=CARTESIAN_POINT('Ctrl Pts',(-1.03749628815547,3.81901635434629,12.7162998195));
#14078=CARTESIAN_POINT('Ctrl Pts',(-1.03531491833129,3.94323198200565,12.7369118308898));
#14079=CARTESIAN_POINT('Ctrl Pts',(-1.03443744293388,3.99408866928242,12.7295918367347));
#14080=CARTESIAN_POINT('',(-1.13505448086912,3.72123811744703,12.55));
#14081=CARTESIAN_POINT('Ctrl Pts',(-1.13469611153277,3.71799434421458,12.5499541490188));
#14082=CARTESIAN_POINT('Ctrl Pts',(-1.10271149013193,3.71691212271693,12.5499541490188));
#14083=CARTESIAN_POINT('Ctrl Pts',(-1.0707342456668,3.71555577133245,12.5499541490188));
#14084=CARTESIAN_POINT('Ctrl Pts',(-1.03876901424817,3.71392635624081,12.5499541490188));
#14085=CARTESIAN_POINT('',(-1.43505448086912,3.72123811744703,12.55));
#14086=CARTESIAN_POINT('Ctrl Pts',(-1.13469611153277,3.71799434421458,12.5499541490188));
#14087=CARTESIAN_POINT('Ctrl Pts',(-1.23495259997186,3.72138659093553,12.5499541490188));
#14088=CARTESIAN_POINT('Ctrl Pts',(-1.33528156847162,3.72208544956177,12.5499541490188));
#14089=CARTESIAN_POINT('Ctrl Pts',(-1.43554023694926,3.72005808454877,12.5499541490188));
#14090=CARTESIAN_POINT('',(-1.53076353311639,3.71779980386635,12.55));
#14091=CARTESIAN_POINT('Ctrl Pts',(-1.53127123715667,3.71729172302591,12.5499541490188));
#14092=CARTESIAN_POINT('Ctrl Pts',(-1.49937110072076,3.71849087226201,12.5499541490188));
#14093=CARTESIAN_POINT('Ctrl Pts',(-1.46745923154119,3.71941263958258,12.5499541490188));
#14094=CARTESIAN_POINT('Ctrl Pts',(-1.43554023694926,3.72005808454877,12.5499541490188));
#14095=CARTESIAN_POINT('',(-1.53564296980129,3.99342708694158,12.7295918367347));
#14096=CARTESIAN_POINT('Ctrl Pts',(-1.53567151880436,3.99408866928243,12.7295918367347));
#14097=CARTESIAN_POINT('Ctrl Pts',(-1.53450155160781,3.92627975291347,12.7393518289415));
#14098=CARTESIAN_POINT('Ctrl Pts',(-1.53228807428376,3.80111024961507,12.7046739767675));
#14099=CARTESIAN_POINT('Ctrl Pts',(-1.53101882971146,3.73175872569017,12.5994880848375));
#14100=CARTESIAN_POINT('Ctrl Pts',(-1.53076353311639,3.71779980386636,12.55));
#14101=CARTESIAN_POINT('',(-7.06701308845771,-1.53735581365328,12.7295918367347));
#14102=CARTESIAN_POINT('Ctrl Pts',(-1.53564212720343,3.99340756094045,12.7295918367347));
#14103=CARTESIAN_POINT('Ctrl Pts',(-1.6690125028116,3.98778597541843,12.7297056717089));
#14104=CARTESIAN_POINT('Ctrl Pts',(-1.8025182348581,3.97761254345667,12.7298036315425));
#14105=CARTESIAN_POINT('Ctrl Pts',(-1.9356657624434,3.96279439601898,12.7298858206726));
#14106=CARTESIAN_POINT('Ctrl Pts',(-2.06689501196208,3.94818973603939,12.7299668256907));
#14107=CARTESIAN_POINT('Ctrl Pts',(-2.19777576541586,3.92907326039231,12.7300325376009));
#14108=CARTESIAN_POINT('Ctrl Pts',(-2.32784156688507,3.90540598646641,12.7300828268487));
#14109=CARTESIAN_POINT('Ctrl Pts',(-2.40981896867635,3.89048906286304,12.7301145229735));
#14110=CARTESIAN_POINT('Ctrl Pts',(-2.49147278189305,3.87376533772786,12.7301400868837));
#14111=CARTESIAN_POINT('Ctrl Pts',(-2.5726889180141,3.85523538927537,12.7301593623134));
#14112=CARTESIAN_POINT('Ctrl Pts',(-2.70277011871036,3.82555658333037,12.7301902351321));
#14113=CARTESIAN_POINT('Ctrl Pts',(-2.8317271866948,3.79124200493352,12.7302050490585));
#14114=CARTESIAN_POINT('Ctrl Pts',(-2.95910709180891,3.75259244748183,12.73020230097));
#14115=CARTESIAN_POINT('Ctrl Pts',(-3.08729637659474,3.71369730838918,12.7301995354201));
#14116=CARTESIAN_POINT('Ctrl Pts',(-3.21388783851896,3.67041232759355,12.7301790269963));
#14117=CARTESIAN_POINT('Ctrl Pts',(-3.33844812109375,3.62308820385249,12.7301376377485));
#14118=CARTESIAN_POINT('Ctrl Pts',(-3.36299536181892,3.61376198337862,12.730129481121));
#14119=CARTESIAN_POINT('Ctrl Pts',(-3.38746382011521,3.60427902002248,12.7301205073753));
#14120=CARTESIAN_POINT('Ctrl Pts',(-3.4118503363916,3.59464217718449,12.7301106828484));
#14121=CARTESIAN_POINT('Ctrl Pts',(-3.54623468111886,3.54153738782692,12.7300565438075));
#14122=CARTESIAN_POINT('Ctrl Pts',(-3.67910437161048,3.48312987465459,12.7300046163853));
#14123=CARTESIAN_POINT('Ctrl Pts',(-3.80988319977963,3.41964659057426,12.7299560124302));
#14124=CARTESIAN_POINT('Ctrl Pts',(-3.94165133167085,3.35568307395087,12.7299070408004));
#14125=CARTESIAN_POINT('Ctrl Pts',(-4.07129620709714,3.28656695857267,12.7298614459547));
#14126=CARTESIAN_POINT('Ctrl Pts',(-4.19823968717352,3.21258268161774,12.7298203866424));
#14127=CARTESIAN_POINT('Ctrl Pts',(-4.32540782009545,3.1384674741232,12.729779254667));
#14128=CARTESIAN_POINT('Ctrl Pts',(-4.44986433949954,3.05946719921418,12.7297426777148));
#14129=CARTESIAN_POINT('Ctrl Pts',(-4.57104898337285,2.97591551961853,12.7297117949358));
#14130=CARTESIAN_POINT('Ctrl Pts',(-4.68249872732552,2.89907564123025,12.7296833930055));
#14131=CARTESIAN_POINT('Ctrl Pts',(-4.79118100179097,2.8183869683042,12.7296598092098));
#14132=CARTESIAN_POINT('Ctrl Pts',(-4.89668267315621,2.73414070184433,12.7296418703945));
#14133=CARTESIAN_POINT('Ctrl Pts',(-5.01179772440354,2.64221786161415,12.7296222969829));
#14134=CARTESIAN_POINT('Ctrl Pts',(-5.12312535877528,2.54605951605787,12.7296094499688));
#14135=CARTESIAN_POINT('Ctrl Pts',(-5.23030969675401,2.44613076155491,12.7296042679477));
#14136=CARTESIAN_POINT('Ctrl Pts',(-5.25235644211804,2.42557641708055,12.7296032020579));
#14137=CARTESIAN_POINT('Ctrl Pts',(-5.27422802917915,2.40486266223738,12.7296024598566));
#14138=CARTESIAN_POINT('Ctrl Pts',(-5.29592158073273,2.38399370763272,12.7296020485035));
#14139=CARTESIAN_POINT('Ctrl Pts',(-5.39214785793086,2.2914251023648,12.7296002238609));
#14140=CARTESIAN_POINT('Ctrl Pts',(-5.48549437942694,2.1951870838191,12.7296059865323));
#14141=CARTESIAN_POINT('Ctrl Pts',(-5.57558018681268,2.09560137521712,12.7296159739356));
#14142=CARTESIAN_POINT('Ctrl Pts',(-5.66844893519081,1.9929392535955,12.7296262698709));
#14143=CARTESIAN_POINT('Ctrl Pts',(-5.75785180207147,1.88671970789538,12.729641042595));
#14144=CARTESIAN_POINT('Ctrl Pts',(-5.84341233562618,1.77733562727857,12.729656616048));
#14145=CARTESIAN_POINT('Ctrl Pts',(-5.92663112490514,1.67094532818696,12.7296717632643));
#14146=CARTESIAN_POINT('Ctrl Pts',(-6.00621488288463,1.5615619762053,12.7296876659851));
#14147=CARTESIAN_POINT('Ctrl Pts',(-6.08186021724947,1.44957722894196,12.7297010584466));
#14148=CARTESIAN_POINT('Ctrl Pts',(-6.16069849692637,1.33286567100616,12.729715016196));
#14149=CARTESIAN_POINT('Ctrl Pts',(-6.23525814035777,1.21332884666126,12.7297262548342));
#14150=CARTESIAN_POINT('Ctrl Pts',(-6.30525032012388,1.09143616705617,12.7297311693279));
#14151=CARTESIAN_POINT('Ctrl Pts',(-6.37152598261891,0.976015871230028,
12.7297358228667));
#14152=CARTESIAN_POINT('Ctrl Pts',(-6.43370655651196,0.858483879114344,
12.729734821828));
#14153=CARTESIAN_POINT('Ctrl Pts',(-6.49159714023941,0.739253729702281,
12.7297250094174));
#14154=CARTESIAN_POINT('Ctrl Pts',(-6.49484345036528,0.732567702089091,
12.7297244591703));
#14155=CARTESIAN_POINT('Ctrl Pts',(-6.49807628359994,0.725876337232928,
12.7297238811488));
#14156=CARTESIAN_POINT('Ctrl Pts',(-6.50129561037901,0.719179708972349,
12.7297232747693));
#14157=CARTESIAN_POINT('Ctrl Pts',(-6.52839560674993,0.662808108941263,
12.7297181703224));
#14158=CARTESIAN_POINT('Ctrl Pts',(-6.55453832413221,0.606063532240095,
12.7297110583451));
#14159=CARTESIAN_POINT('Ctrl Pts',(-6.57972062152676,0.549002569328385,
12.7297015780163));
#14160=CARTESIAN_POINT('Ctrl Pts',(-6.63838039634239,0.416084464886969,
12.729679494489));
#14161=CARTESIAN_POINT('Ctrl Pts',(-6.69213867337578,0.280433374988584,
12.7296617579905));
#14162=CARTESIAN_POINT('Ctrl Pts',(-6.74077226810849,0.142623204596445,
12.7296475885373));
#14163=CARTESIAN_POINT('Ctrl Pts',(-6.79028614689497,0.00231862481279435,
12.7296331626124));
#14164=CARTESIAN_POINT('Ctrl Pts',(-6.83448785979057,-0.140223285367087,
12.7296224312849));
#14165=CARTESIAN_POINT('Ctrl Pts',(-6.87318869344791,-0.284369794221036,
12.7296144823083));
#14166=CARTESIAN_POINT('Ctrl Pts',(-6.91200882543244,-0.42896064589012,
12.7296065088284));
#14167=CARTESIAN_POINT('Ctrl Pts',(-6.94529395047953,-0.57516527466901,
12.7296013325866));
#14168=CARTESIAN_POINT('Ctrl Pts',(-6.97290352011445,-0.722328377085816,
12.7295979826062));
#14169=CARTESIAN_POINT('Ctrl Pts',(-7.00032939413077,-0.868512354601637,
12.7295946549144));
#14170=CARTESIAN_POINT('Ctrl Pts',(-7.02215492717614,-1.01564136222796,
12.7295931277637));
#14171=CARTESIAN_POINT('Ctrl Pts',(-7.03829304534429,-1.16306760213984,
12.7295924283087));
#14172=CARTESIAN_POINT('Ctrl Pts',(-7.05194125096526,-1.28774779194139,
12.7295918367709));
#14173=CARTESIAN_POINT('Ctrl Pts',(-7.06152248099661,-1.41264025327656,
12.7295918367347));
#14174=CARTESIAN_POINT('Ctrl Pts',(-7.06701308845771,-1.53735581365328,
12.7295918367347));
#14175=CARTESIAN_POINT('',(-6.79082285650475,-1.542259519522,12.55));
#14176=CARTESIAN_POINT('Ctrl Pts',(-6.79082285650475,-1.542259519522,12.55));
#14177=CARTESIAN_POINT('Ctrl Pts',(-6.80943475226985,-1.54191912406191,
12.6159841131167));
#14178=CARTESIAN_POINT('Ctrl Pts',(-6.89203942135846,-1.54041037885692,
12.7162997927118));
#14179=CARTESIAN_POINT('Ctrl Pts',(-7.01625503464404,-1.53822900923145,
12.7369118308898));
#14180=CARTESIAN_POINT('Ctrl Pts',(-7.06711172192082,-1.53735153383403,
12.7295918367347));
#14181=CARTESIAN_POINT('',(-6.79426117008542,-1.63796857176928,12.55));
#14182=CARTESIAN_POINT('Ctrl Pts',(-6.79438513927207,-1.63771588795645,
12.5499541490188));
#14183=CARTESIAN_POINT('Ctrl Pts',(-6.7934966707887,-1.60572832058783,12.5499541490188));
#14184=CARTESIAN_POINT('Ctrl Pts',(-6.79232554106229,-1.57374010988663,
12.5499541490188));
#14185=CARTESIAN_POINT('Ctrl Pts',(-6.79087280983973,-1.54175658036657,
12.5499541490188));
#14186=CARTESIAN_POINT('',(-6.7963010119293,-1.79244276251115,12.55));
#14187=CARTESIAN_POINT('Ctrl Pts',(-6.79438513927207,-1.63771588795646,
12.5499541490188));
#14188=CARTESIAN_POINT('Ctrl Pts',(-6.79581792901916,-1.6893006761827,12.5499541490188));
#14189=CARTESIAN_POINT('Ctrl Pts',(-6.79651561755005,-1.74088379133001,
12.5499541490188));
#14190=CARTESIAN_POINT('Ctrl Pts',(-6.79647376035899,-1.79244290275337,
12.5499541490188));
#14191=CARTESIAN_POINT('',(-6.78755423206866,-1.79243566162005,12.5));
#14192=CARTESIAN_POINT('Origin',(-7.03691557924882,-1.79263810043759,12.4821428571429));
#14193=CARTESIAN_POINT('Origin',(-1.28505448086912,-1.78796857176928,12.5));
#14194=CARTESIAN_POINT('Origin',(-10.2193933638291,-8.91792472797821,2.63927879041438));
#14195=CARTESIAN_POINT('',(-9.41939336382914,-8.91792472797821,1.68927879041438));
#14196=CARTESIAN_POINT('Origin',(-10.2193933638291,-8.91792472797821,1.68927879041438));
#14197=CARTESIAN_POINT('',(-9.41939336382914,-8.91792472797821,2.63927879041438));
#14198=CARTESIAN_POINT('',(-9.41939336382914,-8.91792472797821,2.63927879041438));
#14199=CARTESIAN_POINT('Origin',(-10.2193933638291,-8.91792472797821,2.63927879041438));
#14200=CARTESIAN_POINT('Origin',(-10.2193933638291,-8.91792472797821,1.68927879041438));
#14201=CARTESIAN_POINT('',(-8.76939336382914,-8.91792472797821,1.68927879041438));
#14202=CARTESIAN_POINT('Origin',(-10.2193933638291,-8.91792472797821,1.68927879041438));
#14203=CARTESIAN_POINT('Origin',(-10.2193933638291,-8.91792472797821,2.63927879041438));
#14204=CARTESIAN_POINT('',(-8.76939336382914,-8.91792472797821,1.43927879041437));
#14205=CARTESIAN_POINT('',(-8.76939336382914,-8.91792472797821,2.63927879041438));
#14206=CARTESIAN_POINT('Origin',(-10.2193933638291,-8.91792472797821,1.43927879041437));
#14207=CARTESIAN_POINT('Origin',(-9.01939336382914,-7.3929247279782,1.08927879041437));
#14208=CARTESIAN_POINT('',(-8.66939336382914,-7.51792472797821,0.739278790414374));
#14209=CARTESIAN_POINT('',(-9.36939336382914,-7.51792472797821,1.43927879041437));
#14210=CARTESIAN_POINT('',(-8.85952366622555,-7.51792472797821,0.929409092810781));
#14211=CARTESIAN_POINT('',(-9.36939336382914,-7.01792472797821,1.43927879041437));
#14212=CARTESIAN_POINT('',(-9.36939336382914,-7.14292472797821,1.43927879041437));
#14213=CARTESIAN_POINT('',(-8.66939336382914,-7.01792472797821,0.739278790414375));
#14214=CARTESIAN_POINT('',(-9.30689336382915,-7.01792472797821,1.37677879041438));
#14215=CARTESIAN_POINT('',(-8.66939336382914,-7.3929247279782,0.739278790414374));
#14216=CARTESIAN_POINT('Origin',(-8.61939336382914,-7.51792472797821,0.739278790414374));
#14217=CARTESIAN_POINT('',(-8.57071261141204,-7.01792472797821,0.739278790414375));
#14218=CARTESIAN_POINT('',(-8.61939336382914,-7.01792472797821,0.739278790414375));
#14219=CARTESIAN_POINT('',(-8.57071261141203,-7.51792472797821,0.739278790414374));
#14220=CARTESIAN_POINT('',(-8.57071261141205,-0.27662840947848,0.739278790414382));
#14221=CARTESIAN_POINT('',(-8.61939336382914,-7.51792472797821,0.739278790414374));
#14222=CARTESIAN_POINT('Origin',(-8.61939336382914,-7.01792472797821,2.63927879041439));
#14223=CARTESIAN_POINT('',(-10.2193933638291,-7.01792472797821,1.43927879041437));
#14224=CARTESIAN_POINT('',(-8.61939336382914,-7.01792472797821,1.43927879041437));
#14225=CARTESIAN_POINT('',(-10.2193933638291,-7.01792472797821,2.63927879041439));
#14226=CARTESIAN_POINT('',(-10.2193933638291,-7.01792472797821,2.33927879041438));
#14227=CARTESIAN_POINT('',(-9.61939336382914,-7.01792472797821,2.63927879041439));
#14228=CARTESIAN_POINT('',(-8.61939336382914,-7.01792472797821,2.63927879041439));
#14229=CARTESIAN_POINT('',(-8.61939336382914,-7.01792472797821,3.63927879041439));
#14230=CARTESIAN_POINT('',(-9.11939336382914,-7.01792472797821,3.13927879041439));
#14231=CARTESIAN_POINT('',(-8.61939336382914,-7.01792472797821,0.8498));
#14232=CARTESIAN_POINT('',(-8.61939336382914,-7.01792472797821,1.66963939520719));
#14233=CARTESIAN_POINT('Origin',(-8.46959336382914,-7.01792472797821,0.8498));
#14234=CARTESIAN_POINT('Origin',(-9.01939336382914,-10.6929247279782,1.08927879041437));
#14235=CARTESIAN_POINT('',(-8.66939336382914,-10.8179247279782,0.739278790414371));
#14236=CARTESIAN_POINT('',(-9.36939336382914,-10.8179247279782,1.43927879041437));
#14237=CARTESIAN_POINT('',(-9.55689336382914,-10.8179247279782,1.62677879041437));
#14238=CARTESIAN_POINT('',(-9.36939336382914,-10.3179247279782,1.43927879041437));
#14239=CARTESIAN_POINT('',(-9.36939336382914,-8.79292472797821,1.43927879041437));
#14240=CARTESIAN_POINT('',(-8.66939336382914,-10.3179247279782,0.739278790414371));
#14241=CARTESIAN_POINT('',(-8.83189336382914,-10.3179247279782,0.901778790414371));
#14242=CARTESIAN_POINT('',(-8.66939336382914,-10.6929247279782,0.739278790414371));
#14243=CARTESIAN_POINT('Origin',(-8.61939336382914,-10.8179247279782,0.739278790414371));
#14244=CARTESIAN_POINT('',(-8.57071261141203,-10.3179247279782,0.739278790414371));
#14245=CARTESIAN_POINT('',(-8.61939336382914,-10.3179247279782,0.739278790414371));
#14246=CARTESIAN_POINT('',(-8.57071261141203,-10.6912709363409,0.739278790414371));
#14247=CARTESIAN_POINT('',(-8.57071261141203,-0.276628409478481,0.739278790414371));
#14248=CARTESIAN_POINT('',(-8.46959336382915,-10.7924678421626,0.739278790414371));
#14249=CARTESIAN_POINT('Ctrl Pts',(-8.46959336382915,-10.7924678421626,
0.739278790414371));
#14250=CARTESIAN_POINT('Ctrl Pts',(-8.47834923173546,-10.7924678421626,
0.739278790414371));
#14251=CARTESIAN_POINT('Ctrl Pts',(-8.48875604182613,-10.7910200077251,
0.739278790414371));
#14252=CARTESIAN_POINT('Ctrl Pts',(-8.50601535780372,-10.7861230525464,
0.739278790414371));
#14253=CARTESIAN_POINT('Ctrl Pts',(-8.51607272857555,-10.7816146187767,
0.739278790414371));
#14254=CARTESIAN_POINT('Ctrl Pts',(-8.53268808432868,-10.7710504855016,
0.739278790414371));
#14255=CARTESIAN_POINT('Ctrl Pts',(-8.54206536155194,-10.7626262635229,
0.739278790414371));
#14256=CARTESIAN_POINT('Ctrl Pts',(-8.55277225337763,-10.7492057399008,
0.739278790414371));
#14257=CARTESIAN_POINT('Ctrl Pts',(-8.55707504499524,-10.7424658189863,
0.739278790414371));
#14258=CARTESIAN_POINT('Ctrl Pts',(-8.5666477618409,-10.7232899901806,0.739278790414371));
#14259=CARTESIAN_POINT('Ctrl Pts',(-8.57071261141204,-10.7060398028903,
0.739278790414371));
#14260=CARTESIAN_POINT('Ctrl Pts',(-8.57071261141204,-10.6912709363409,
0.739278790414371));
#14261=CARTESIAN_POINT('',(-8.31939336382914,-10.7924678421626,0.739278790414371));
#14262=CARTESIAN_POINT('',(-4.6835366483355,-10.7924678421626,0.739278790414371));
#14263=CARTESIAN_POINT('',(-8.31939336382914,-10.8179247279782,0.739278790414371));
#14264=CARTESIAN_POINT('',(-8.31939336382914,-10.8179247279782,0.739278790414371));
#14265=CARTESIAN_POINT('',(-8.61939336382914,-10.8179247279782,0.739278790414371));
#14266=CARTESIAN_POINT('Origin',(-8.61939336382914,-10.3179247279782,0.739278790414371));
#14267=CARTESIAN_POINT('',(-8.61939336382914,-10.3179247279782,1.43927879041437));
#14268=CARTESIAN_POINT('',(-8.61939336382914,-10.3179247279782,1.43927879041437));
#14269=CARTESIAN_POINT('',(-8.61939336382914,-10.3179247279782,0.8498));
#14270=CARTESIAN_POINT('',(-8.61939336382914,-10.3179247279782,1.06963939520719));
#14271=CARTESIAN_POINT('Origin',(-8.46959336382914,-10.3179247279782,0.8498));
#14272=CARTESIAN_POINT('Origin',(-9.11939336382914,-10.6296978321596,3.13927879041437));
#14273=CARTESIAN_POINT('',(-8.61939336382914,-10.3179247279782,3.63927879041437));
#14274=CARTESIAN_POINT('',(-9.61939336382914,-10.3179247279782,2.63927879041437));
#14275=CARTESIAN_POINT('',(-8.86939336382914,-10.3179247279782,3.38927879041437));
#14276=CARTESIAN_POINT('',(-9.61939336382914,-10.8179247279782,2.63927879041437));
#14277=CARTESIAN_POINT('',(-9.61939336382914,-10.6929247279782,2.63927879041437));
#14278=CARTESIAN_POINT('',(-8.61939336382914,-10.8179247279782,3.63927879041437));
#14279=CARTESIAN_POINT('',(-8.86939336382914,-10.8179247279782,3.38927879041437));
#14280=CARTESIAN_POINT('',(-8.61939336382914,-10.6914709363409,3.63927879041437));
#14281=CARTESIAN_POINT('',(-8.61939336382914,-10.6296978321596,3.63927879041437));
#14282=CARTESIAN_POINT('',(-8.61939336382914,-4.86495530529714,3.63927879041438));
#14283=CARTESIAN_POINT('Origin',(-8.61939336382914,-10.3179247279782,3.63927879041437));
#14284=CARTESIAN_POINT('',(-8.61939336382914,-10.3179247279782,2.63927879041437));
#14285=CARTESIAN_POINT('',(-8.61939336382914,-10.3179247279782,2.16963939520716));
#14286=CARTESIAN_POINT('',(-8.61939336382914,-10.3179247279782,2.63927879041437));
#14287=CARTESIAN_POINT('Origin',(-9.11939336382914,-7.39292472797821,3.13927879041439));
#14288=CARTESIAN_POINT('',(-9.61939336382914,-7.51792472797821,2.63927879041439));
#14289=CARTESIAN_POINT('',(-9.61939336382914,-9.04292472797821,2.63927879041438));
#14290=CARTESIAN_POINT('',(-8.61939336382914,-7.51792472797821,3.63927879041439));
#14291=CARTESIAN_POINT('',(-9.11939336382914,-7.51792472797821,3.13927879041439));
#14292=CARTESIAN_POINT('',(-8.61939336382915,-3.21495530529714,3.63927879041439));
#14293=CARTESIAN_POINT('Origin',(-8.61939336382914,-7.51792472797821,2.63927879041439));
#14294=CARTESIAN_POINT('',(-8.61939336382914,-7.51792472797821,2.63927879041439));
#14295=CARTESIAN_POINT('',(-8.61939336382914,-7.51792472797821,2.63927879041439));
#14296=CARTESIAN_POINT('',(-8.61939336382914,-7.5179247279782,1.66963939520717));
#14297=CARTESIAN_POINT('Origin',(-8.61939336382915,1.08801411738394,0.7));
#14298=CARTESIAN_POINT('',(-8.61939336382914,-7.51792472797821,1.43927879041437));
#14299=CARTESIAN_POINT('',(-8.61939336382915,-2.96495530529713,1.43927879041438));
#14300=CARTESIAN_POINT('',(-8.61939336382914,-7.51792472797821,0.8498));
#14301=CARTESIAN_POINT('',(-8.61939336382914,-7.51792472797821,0.71963939520718));
#14302=CARTESIAN_POINT('',(-8.61939336382915,-0.27662840947848,0.8498));
#14303=CARTESIAN_POINT('Origin',(-8.61939336382914,-7.01792472797821,1.43927879041437));
#14304=CARTESIAN_POINT('',(-10.2193933638291,-10.8179247279782,1.43927879041437));
#14305=CARTESIAN_POINT('',(-8.61939336382914,-10.8179247279782,1.43927879041437));
#14306=CARTESIAN_POINT('Origin',(-10.2193933638291,-8.9179247279782,1.43927879041437));
#14307=CARTESIAN_POINT('',(-8.61939336382914,-7.51792472797821,1.43927879041437));
#14308=CARTESIAN_POINT('Origin',(-8.61939336382915,1.08801411738394,0.7));
#14309=CARTESIAN_POINT('',(-8.61939336382914,-4.86495530529714,2.6392787904144));
#14310=CARTESIAN_POINT('',(-8.61939336382914,-10.6914709363409,3.8));
#14311=CARTESIAN_POINT('',(-8.61939336382914,-10.6914709363409,0.7));
#14312=CARTESIAN_POINT('',(-8.61939336382914,-10.6912709363409,3.8002));
#14313=CARTESIAN_POINT('Origin',(-8.61939336382914,-10.6912709363409,3.8));
#14314=CARTESIAN_POINT('',(-8.61939336382914,-7.98047093634089,3.8002));
#14315=CARTESIAN_POINT('',(-8.61939336382914,-4.19887840947848,3.8002));
#14316=CARTESIAN_POINT('',(-8.61939336382914,-7.98047093634089,5.1));
#14317=CARTESIAN_POINT('',(-8.61939336382914,-7.98047093634089,2.975));
#14318=CARTESIAN_POINT('',(-8.61939336382914,-7.98027093634089,5.1002));
#14319=CARTESIAN_POINT('Origin',(-8.61939336382914,-7.98027093634089,5.1));
#14320=CARTESIAN_POINT('',(-8.61939336382914,-6.87883064222074,5.1002));
#14321=CARTESIAN_POINT('',(-8.61939336382915,-0.27662840947848,5.1002));
#14322=CARTESIAN_POINT('',(-8.61939336382914,-6.87863064222074,5.1));
#14323=CARTESIAN_POINT('Origin',(-8.61939336382914,-6.87883064222074,5.1));
#14324=CARTESIAN_POINT('',(-8.61939336382915,1.08801411738394,5.1));
#14325=CARTESIAN_POINT('',(-8.61939336382915,-0.27662840947848,5.1));
#14326=CARTESIAN_POINT('',(-8.61939336382915,1.08801411738394,0.85));
#14327=CARTESIAN_POINT('',(-8.61939336382915,1.08801411738394,0.7));
#14328=CARTESIAN_POINT('',(-8.61939336382914,-6.87863064222074,0.85));
#14329=CARTESIAN_POINT('',(-8.61939336382915,-0.27662840947848,0.85));
#14330=CARTESIAN_POINT('',(-8.61939336382914,-6.87883064222074,0.8498));
#14331=CARTESIAN_POINT('Origin',(-8.61939336382914,-6.87883064222074,0.85));
#14332=CARTESIAN_POINT('',(-8.61939336382915,-0.27662840947848,0.8498));
#14333=CARTESIAN_POINT('Origin',(-8.61939336382914,-10.8179247279782,2.63927879041437));
#14334=CARTESIAN_POINT('',(-10.2193933638291,-10.8179247279782,2.63927879041437));
#14335=CARTESIAN_POINT('Origin',(-10.2193933638291,-8.91792472797821,2.63927879041437));
#14336=CARTESIAN_POINT('',(-8.61939336382914,-10.8179247279782,2.63927879041437));
#14337=CARTESIAN_POINT('Origin',(-10.2193933638291,-8.91792472797821,2.33927879041438));
#14338=CARTESIAN_POINT('',(-10.2193933638291,-10.8179247279782,2.83927879041437));
#14339=CARTESIAN_POINT('Origin',(-8.46959336382914,-10.6914709363409,0.7));
#14340=CARTESIAN_POINT('',(-8.54990200956885,-10.8179247279782,3.63927879041437));
#14341=CARTESIAN_POINT('',(-8.54990200956886,-10.8179247279782,0.85));
#14342=CARTESIAN_POINT('',(-8.54990200956886,-10.8179247279782,0.7));
#14343=CARTESIAN_POINT('',(-8.46959336382914,-10.8412709363409,0.85));
#14344=CARTESIAN_POINT('Origin',(-8.46959336382914,-10.6914709363409,0.85));
#14345=CARTESIAN_POINT('',(-8.46959336382915,-10.8412709363409,3.8));
#14346=CARTESIAN_POINT('',(-8.46959336382914,-10.8412709363409,0.7));
#14347=CARTESIAN_POINT('Origin',(-8.46959336382915,-10.6914709363409,3.8));
#14348=CARTESIAN_POINT('Origin',(-8.46959336382914,-10.6914709363409,3.63927879041437));
#14349=CARTESIAN_POINT('Origin',(-8.61939336382914,-10.8179247279782,3.63927879041437));
#14350=CARTESIAN_POINT('',(-8.31939336382914,-10.8179247279782,0.769633234083405));
#14351=CARTESIAN_POINT('',(-8.31939336382914,-10.8179247279782,1.43927879041437));
#14352=CARTESIAN_POINT('',(-8.46959336382915,-10.8179247279782,0.769633234083405));
#14353=CARTESIAN_POINT('',(-4.6835366483355,-10.8179247279782,0.769633234083405));
#14354=CARTESIAN_POINT('Ctrl Pts',(-8.54990200956887,-10.8179247279782,
0.85));
#14355=CARTESIAN_POINT('Ctrl Pts',(-8.54990200956887,-10.8179247279782,
0.83779719075944));
#14356=CARTESIAN_POINT('Ctrl Pts',(-8.5464118181644,-10.8179247279782,0.82357583777174));
#14357=CARTESIAN_POINT('Ctrl Pts',(-8.53827545594329,-10.8179247279782,
0.808003114186459));
#14358=CARTESIAN_POINT('Ctrl Pts',(-8.53470208207689,-10.8179247279782,
0.802644477062641));
#14359=CARTESIAN_POINT('Ctrl Pts',(-8.52597201115584,-10.8179247279782,
0.792170360694088));
#14360=CARTESIAN_POINT('Ctrl Pts',(-8.51846054371892,-10.8179247279782,
0.785688467474914));
#14361=CARTESIAN_POINT('Ctrl Pts',(-8.50535347879733,-10.8179247279782,
0.777691158424695));
#14362=CARTESIAN_POINT('Ctrl Pts',(-8.49754475342788,-10.8179247279782,
0.774324611154776));
#14363=CARTESIAN_POINT('Ctrl Pts',(-8.48424964320868,-10.8179247279782,
0.770699350332449));
#14364=CARTESIAN_POINT('Ctrl Pts',(-8.47628760871849,-10.8179247279782,
0.769633234083404));
#14365=CARTESIAN_POINT('Ctrl Pts',(-8.46959336382915,-10.8179247279782,
0.769633234083404));
#14366=CARTESIAN_POINT('',(-8.61939336382914,-10.8179247279782,3.63927879041437));
#14367=CARTESIAN_POINT('Origin',(-8.61939336382914,-10.6914709363409,3.63927879041437));
#14368=CARTESIAN_POINT('Origin',(-8.31939336382914,-10.5679247279782,1.08927879041437));
#14369=CARTESIAN_POINT('Origin',(-8.31939336382914,-10.6912709363409,0.85));
#14370=CARTESIAN_POINT('Origin',(-8.46959336382915,-0.27662840947848,0.8498));
#14371=CARTESIAN_POINT('Origin',(-8.46959336382914,-7.51792472797821,0.8498));
#14372=CARTESIAN_POINT('',(-8.46949336382914,-6.87873064222074,0.700000066666696));
#14373=CARTESIAN_POINT('Origin',(-8.46959336382914,-6.87883064222074,0.8498));
#14374=CARTESIAN_POINT('',(-8.46959336382915,-10.6912709363409,0.7));
#14375=CARTESIAN_POINT('',(-8.46959336382915,-0.27662840947848,0.7));
#14376=CARTESIAN_POINT('Origin',(-8.46959336382915,-10.6912709363409,0.8498));
#14377=CARTESIAN_POINT('Ctrl Pts',(-8.54990200956887,-10.8179247279782,
0.85));
#14378=CARTESIAN_POINT('Ctrl Pts',(-8.54990200956887,-10.8179247279782,
0.813207604838074));
#14379=CARTESIAN_POINT('Ctrl Pts',(-8.54990200956887,-10.7982121559149,
0.7821416291669));
#14380=CARTESIAN_POINT('Ctrl Pts',(-8.51314112858745,-10.8412709363409,
0.85));
#14381=CARTESIAN_POINT('Ctrl Pts',(-8.51314112858745,-10.8412709363409,
0.80642562924533));
#14382=CARTESIAN_POINT('Ctrl Pts',(-8.51314112858745,-10.8179247279782,
0.769633234083403));
#14383=CARTESIAN_POINT('Ctrl Pts',(-8.46959336382914,-10.8412709363409,
0.85));
#14384=CARTESIAN_POINT('Ctrl Pts',(-8.46959336382914,-10.8412709363409,
0.80642562924533));
#14385=CARTESIAN_POINT('Ctrl Pts',(-8.46959336382914,-10.8179247279782,
0.769633234083404));
#14386=CARTESIAN_POINT('Origin',(-8.46959336382915,-10.6912709363409,0.85));
#14387=CARTESIAN_POINT('Origin',(-8.61939336382914,-7.51792472797821,0.8498));
#14388=CARTESIAN_POINT('Origin',(-8.46959336382915,-0.27662840947848,5.1002));
#14389=CARTESIAN_POINT('',(-8.46949336382933,-6.87873064222093,5.2499999333333));
#14390=CARTESIAN_POINT('Origin',(-8.46959336382914,-6.87883064222074,5.1002));
#14391=CARTESIAN_POINT('',(-8.46959336382914,-7.98027093634089,5.25));
#14392=CARTESIAN_POINT('Origin',(-8.46959336382914,-7.98027093634089,5.1002));
#14393=CARTESIAN_POINT('',(-8.46959336382915,-0.27662840947848,5.25));
#14394=CARTESIAN_POINT('Ctrl Pts',(-8.61939336382915,-7.98027093634089,
5.1002));
#14395=CARTESIAN_POINT('Ctrl Pts',(-8.61939336382915,-7.98047093634089,
5.1002));
#14396=CARTESIAN_POINT('Ctrl Pts',(-8.61939336382915,-7.98047093634089,
5.1));
#14397=CARTESIAN_POINT('Ctrl Pts',(-8.61939336382915,-7.98027093634089,
5.25000000000001));
#14398=CARTESIAN_POINT('Ctrl Pts',(-8.61939336382915,-8.13027093634094,
5.25000000000005));
#14399=CARTESIAN_POINT('Ctrl Pts',(-8.61939336382915,-8.1302709363409,5.1));
#14400=CARTESIAN_POINT('Ctrl Pts',(-8.46959336382914,-7.98027093634089,
5.25));
#14401=CARTESIAN_POINT('Ctrl Pts',(-8.46959336382914,-8.13027093634093,
5.25000000000004));
#14402=CARTESIAN_POINT('Ctrl Pts',(-8.46959336382914,-8.13027093634089,
5.1));
#14403=CARTESIAN_POINT('',(-8.46959336382915,-8.13027093634089,5.1));
#14404=CARTESIAN_POINT('Origin',(-8.46959336382915,-7.98047093634089,5.1));
#14405=CARTESIAN_POINT('Origin',(-8.46959336382915,-7.98027093634089,5.1));
#14406=CARTESIAN_POINT('Origin',(-8.46959336382914,-7.98047093634089,2.975));
#14407=CARTESIAN_POINT('',(-8.46959336382914,-8.13027093634089,3.95));
#14408=CARTESIAN_POINT('',(-8.46959336382914,-8.13027093634089,2.975));
#14409=CARTESIAN_POINT('Origin',(-8.46959336382914,-7.98047093634089,3.8002));
#14410=CARTESIAN_POINT('Origin',(-8.46959336382914,-4.19887840947848,3.8002));
#14411=CARTESIAN_POINT('',(-8.46959336382914,-10.6912709363409,3.95));
#14412=CARTESIAN_POINT('Origin',(-8.46959336382914,-10.6912709363409,3.8002));
#14413=CARTESIAN_POINT('',(-8.46959336382914,-4.19887840947848,3.95));
#14414=CARTESIAN_POINT('Ctrl Pts',(-8.61939336382915,-10.6912709363409,
3.8002));
#14415=CARTESIAN_POINT('Ctrl Pts',(-8.61939336382915,-10.6914709363409,
3.8002));
#14416=CARTESIAN_POINT('Ctrl Pts',(-8.61939336382915,-10.6914709363409,
3.8));
#14417=CARTESIAN_POINT('Ctrl Pts',(-8.61939336382915,-10.6912709363409,
3.95000000000001));
#14418=CARTESIAN_POINT('Ctrl Pts',(-8.61939336382915,-10.8412709363409,
3.95000000000005));
#14419=CARTESIAN_POINT('Ctrl Pts',(-8.61939336382915,-10.8412709363409,
3.8));
#14420=CARTESIAN_POINT('Ctrl Pts',(-8.46959336382914,-10.6912709363409,
3.95));
#14421=CARTESIAN_POINT('Ctrl Pts',(-8.46959336382914,-10.8412709363409,
3.95000000000004));
#14422=CARTESIAN_POINT('Ctrl Pts',(-8.46959336382914,-10.8412709363409,
3.8));
#14423=CARTESIAN_POINT('Origin',(-8.46959336382915,-10.6912709363409,3.8));
#14424=CARTESIAN_POINT('Ctrl Pts',(-8.57071261141204,-10.7659685618003,
0.768272091652635));
#14425=CARTESIAN_POINT('Ctrl Pts',(-8.57071261141204,-10.7342465110428,
0.739278790414371));
#14426=CARTESIAN_POINT('Ctrl Pts',(-8.57071261141204,-10.6912709363409,
0.739278790414371));
#14427=CARTESIAN_POINT('Ctrl Pts',(-8.5277817200988,-10.7924678421626,0.739278790414371));
#14428=CARTESIAN_POINT('Ctrl Pts',(-8.5277817200988,-10.7494922674608,0.7));
#14429=CARTESIAN_POINT('Ctrl Pts',(-8.5277817200988,-10.6912709363409,0.7));
#14430=CARTESIAN_POINT('Ctrl Pts',(-8.46959336382915,-10.7924678421626,
0.739278790414371));
#14431=CARTESIAN_POINT('Ctrl Pts',(-8.46959336382915,-10.7494922674608,
0.7));
#14432=CARTESIAN_POINT('Ctrl Pts',(-8.46959336382915,-10.6912709363409,
0.7));
#14433=CARTESIAN_POINT('Origin',(-8.46959336382915,-10.6912709363409,0.85));
#14434=CARTESIAN_POINT('Ctrl Pts',(-8.61939336382915,-6.87883064222074,
0.8498));
#14435=CARTESIAN_POINT('Ctrl Pts',(-8.61939336382915,-6.87863064222074,
0.8498));
#14436=CARTESIAN_POINT('Ctrl Pts',(-8.61939336382915,-6.87863064222074,
0.85));
#14437=CARTESIAN_POINT('Ctrl Pts',(-8.61939336382915,-6.87883064222074,
0.699999999999992));
#14438=CARTESIAN_POINT('Ctrl Pts',(-8.61939336382915,-6.72883064222045,
0.699999999999711));
#14439=CARTESIAN_POINT('Ctrl Pts',(-8.61939336382915,-6.72883064222073,
0.85));
#14440=CARTESIAN_POINT('Ctrl Pts',(-8.46959336382914,-6.87883064222074,
0.7));
#14441=CARTESIAN_POINT('Ctrl Pts',(-8.46959336382914,-6.72883064222046,
0.699999999999719));
#14442=CARTESIAN_POINT('Ctrl Pts',(-8.46959336382914,-6.72883064222074,
0.85));
#14443=CARTESIAN_POINT('Ctrl Pts',(-8.46959336382914,-6.87863064222073,
0.700000133333393));
#14444=CARTESIAN_POINT('Ctrl Pts',(-8.46960668987269,-6.87861731617718,
0.700000151101467));
#14445=CARTESIAN_POINT('Ctrl Pts',(-8.46962086801623,-6.87860447127645,
0.700000171804662));
#14446=CARTESIAN_POINT('Ctrl Pts',(-8.46970400761012,-6.87853477617461,
0.700000306062991));
#14447=CARTESIAN_POINT('Ctrl Pts',(-8.46978869176029,-6.87848458792601,
0.7000005001064));
#14448=CARTESIAN_POINT('Ctrl Pts',(-8.4700728794215,-6.87833793637222,0.700001398902322));
#14449=CARTESIAN_POINT('Ctrl Pts',(-8.47033638264393,-6.87824549952744,
0.700002748631038));
#14450=CARTESIAN_POINT('Ctrl Pts',(-8.47148328175173,-6.87790106727524,
0.700011904067958));
#14451=CARTESIAN_POINT('Ctrl Pts',(-8.47273773026041,-6.87768801547825,
0.700034397481043));
#14452=CARTESIAN_POINT('Ctrl Pts',(-8.4777696956755,-6.87692535462808,0.700177865742784));
#14453=CARTESIAN_POINT('Ctrl Pts',(-8.48468732814279,-6.87635861208777,
0.700529018075026));
#14454=CARTESIAN_POINT('Ctrl Pts',(-8.51049490257974,-6.87489340969516,
0.704689078441451));
#14455=CARTESIAN_POINT('Ctrl Pts',(-8.52884601973549,-6.87440882474133,
0.710764923989604));
#14456=CARTESIAN_POINT('Ctrl Pts',(-8.56317267645516,-6.87382394033496,
0.73131838197347));
#14457=CARTESIAN_POINT('Ctrl Pts',(-8.57778754455228,-6.87377183877228,
0.744498016878044));
#14458=CARTESIAN_POINT('Ctrl Pts',(-8.60115053385169,-6.87409082629333,
0.775703961042972));
#14459=CARTESIAN_POINT('Ctrl Pts',(-8.60967004206149,-6.87443160511687,
0.793425696006197));
#14460=CARTESIAN_POINT('Ctrl Pts',(-8.61720969989477,-6.87561143209446,
0.822417870431133));
#14461=CARTESIAN_POINT('Ctrl Pts',(-8.61834105003683,-6.8761039255564,0.831150486584722));
#14462=CARTESIAN_POINT('Ctrl Pts',(-8.61902479711651,-6.87678622981934,
0.839333070670448));
#14463=CARTESIAN_POINT('Ctrl Pts',(-8.61914418165101,-6.87695711766225,
0.841173869065665));
#14464=CARTESIAN_POINT('Ctrl Pts',(-8.61928414040324,-6.87729713531175,
0.844153928403379));
#14465=CARTESIAN_POINT('Ctrl Pts',(-8.61932767555726,-6.87745796781606,
0.845412448199224));
#14466=CARTESIAN_POINT('Ctrl Pts',(-8.61936893598507,-6.87775635921947,
0.847217012936018));
#14467=CARTESIAN_POINT('Ctrl Pts',(-8.61938074995107,-6.87789321816361,
0.847954335708593));
#14468=CARTESIAN_POINT('Ctrl Pts',(-8.61939122310113,-6.8781769674083,0.849066358389091));
#14469=CARTESIAN_POINT('Ctrl Pts',(-8.61939279579173,-6.87831737404192,
0.849501488287295));
#14470=CARTESIAN_POINT('Ctrl Pts',(-8.61939331461383,-6.8785159557808,0.849856776039361));
#14471=CARTESIAN_POINT('Ctrl Pts',(-8.61939336382915,-6.87856924458144,
0.84993856138796));
#14472=CARTESIAN_POINT('Ctrl Pts',(-8.61939336382915,-6.87863064222074,
0.85));
#14473=CARTESIAN_POINT('Ctrl Pts',(-8.61939336382915,-6.87863064222074,
5.1));
#14474=CARTESIAN_POINT('Ctrl Pts',(-8.61939336382915,-6.87863064222074,
5.1002));
#14475=CARTESIAN_POINT('Ctrl Pts',(-8.61939336382915,-6.87883064222074,
5.1002));
#14476=CARTESIAN_POINT('Ctrl Pts',(-8.61939336382915,-6.72883064222074,
5.1));
#14477=CARTESIAN_POINT('Ctrl Pts',(-8.61939336382915,-6.72883064222074,
5.25000000000001));
#14478=CARTESIAN_POINT('Ctrl Pts',(-8.61939336382915,-6.87883064222074,
5.25000000000001));
#14479=CARTESIAN_POINT('Ctrl Pts',(-8.46959336382914,-6.72883064222074,
5.1));
#14480=CARTESIAN_POINT('Ctrl Pts',(-8.46959336382914,-6.72883064222074,
5.25));
#14481=CARTESIAN_POINT('Ctrl Pts',(-8.46959336382914,-6.87883064222074,
5.25));
#14482=CARTESIAN_POINT('Ctrl Pts',(-8.61939336382915,-6.87863064222074,
5.1));
#14483=CARTESIAN_POINT('Ctrl Pts',(-8.61939336382915,-6.87854499374503,
5.10008570563186));
#14484=CARTESIAN_POINT('Ctrl Pts',(-8.61939325100637,-6.8784725443707,5.10021384539824));
#14485=CARTESIAN_POINT('Ctrl Pts',(-8.61939217602875,-6.87823019022218,
5.10071328486981));
#14486=CARTESIAN_POINT('Ctrl Pts',(-8.61938871706545,-6.87806740414852,
5.10131952577176));
#14487=CARTESIAN_POINT('Ctrl Pts',(-8.61936763462971,-6.87770147813384,
5.10297623872474));
#14488=CARTESIAN_POINT('Ctrl Pts',(-8.61933689036027,-6.87751052631124,
5.10426287886252));
#14489=CARTESIAN_POINT('Ctrl Pts',(-8.61924828486848,-6.87718556963461,
5.1067350615402));
#14490=CARTESIAN_POINT('Ctrl Pts',(-8.61917806451739,-6.87703304494907,
5.10815380687627));
#14491=CARTESIAN_POINT('Ctrl Pts',(-8.61889987070136,-6.87661050932081,
5.11251712679128));
#14492=CARTESIAN_POINT('Ctrl Pts',(-8.61861633142505,-6.8763842303568,5.11554983706025));
#14493=CARTESIAN_POINT('Ctrl Pts',(-8.61621854640195,-6.87511426981594,
5.13476425289698));
#14494=CARTESIAN_POINT('Ctrl Pts',(-8.6110907731646,-6.87453863612941,5.15396025053436));
#14495=CARTESIAN_POINT('Ctrl Pts',(-8.59075678681355,-6.87385319676079,
5.19028247410864));
#14496=CARTESIAN_POINT('Ctrl Pts',(-8.57800595092828,-6.87377294908285,
5.20527791391275));
#14497=CARTESIAN_POINT('Ctrl Pts',(-8.54753667092723,-6.87402753860687,
5.22950334722559));
#14498=CARTESIAN_POINT('Ctrl Pts',(-8.5301277923567,-6.87433924074304,5.23851951174108));
#14499=CARTESIAN_POINT('Ctrl Pts',(-8.49631004031416,-6.87560156215989,
5.24841250086322));
#14500=CARTESIAN_POINT('Ctrl Pts',(-8.48371699989989,-6.87634888327069,
5.24948534238334));
#14501=CARTESIAN_POINT('Ctrl Pts',(-8.47426802181472,-6.87743132957892,
5.2499386597707));
#14502=CARTESIAN_POINT('Ctrl Pts',(-8.47239011611275,-6.87771522108475,
5.24997528907462));
#14503=CARTESIAN_POINT('Ctrl Pts',(-8.47075000954899,-6.87811644012735,
5.24999436694663));
#14504=CARTESIAN_POINT('Ctrl Pts',(-8.47033413541689,-6.87823504787167,
5.24999738374973));
#14505=CARTESIAN_POINT('Ctrl Pts',(-8.46990796013633,-6.87842075697949,
5.24999915738567));
#14506=CARTESIAN_POINT('Ctrl Pts',(-8.46978641191684,-6.87848125860723,
5.2499995168914));
#14507=CARTESIAN_POINT('Ctrl Pts',(-8.46965567642414,-6.87857475571028,
5.24999977426772));
#14508=CARTESIAN_POINT('Ctrl Pts',(-8.46962261204382,-6.87860139400676,
5.24999982766895));
#14509=CARTESIAN_POINT('Ctrl Pts',(-8.46959336382952,-6.87863064222111,
5.24999986666661));
#14510=CARTESIAN_POINT('Origin',(-0.447679932841855,-1.6412709363409,0.7));
#14511=CARTESIAN_POINT('',(-8.46939336382915,1.23801411738394,0.7));
#14512=CARTESIAN_POINT('',(-8.46939336382915,-0.27662840947848,0.7));
#14513=CARTESIAN_POINT('',(-8.76939336382915,1.23801411738394,0.7));
#14514=CARTESIAN_POINT('',(-4.6835366483355,1.23801411738394,0.7));
#14515=CARTESIAN_POINT('',(-8.76939336382915,7.40872906365911,0.7));
#14516=CARTESIAN_POINT('',(-8.76939336382915,2.9587290636591,0.7));
#14517=CARTESIAN_POINT('',(3.96993039750311,7.40872906365911,0.699999984353781));
#14518=CARTESIAN_POINT('',(3.78817678265179,7.40872906365911,0.7));
#14519=CARTESIAN_POINT('',(3.96993039750311,7.60882906365911,0.699999984353781));
#14520=CARTESIAN_POINT('',(3.96993039750311,7.55872906365911,0.699999984353781));
#14521=CARTESIAN_POINT('',(4.46993039750311,7.60882906365911,0.699999984353781));
#14522=CARTESIAN_POINT('',(1.88612523233063,7.60882906365911,0.7));
#14523=CARTESIAN_POINT('',(4.46993039750311,7.40872906365911,0.699999984353781));
#14524=CARTESIAN_POINT('',(4.46993039750311,7.55872906365911,0.699999984353781));
#14525=CARTESIAN_POINT('',(7.26993039750311,7.40872906365911,0.699999984353781));
#14526=CARTESIAN_POINT('',(3.78817678265179,7.40872906365911,0.7));
#14527=CARTESIAN_POINT('',(7.26993039750311,7.60882906365911,0.699999984353781));
#14528=CARTESIAN_POINT('',(7.26993039750311,7.55872906365911,0.699999984353781));
#14529=CARTESIAN_POINT('',(7.76993039750311,7.60882906365911,0.699999984353781));
#14530=CARTESIAN_POINT('',(3.53612523233063,7.60882906365911,0.7));
#14531=CARTESIAN_POINT('',(7.76993039750311,7.40872906365911,0.699999984353781));
#14532=CARTESIAN_POINT('',(7.76993039750311,7.55872906365911,0.699999984353781));
#14533=CARTESIAN_POINT('',(7.87403349814544,7.40872906365911,0.7));
#14534=CARTESIAN_POINT('',(3.78817678265179,7.40872906365911,0.7));
#14535=CARTESIAN_POINT('',(7.87403349814544,-4.01334411108685,0.7));
#14536=CARTESIAN_POINT('',(7.87403349814544,-2.90230752371388,0.7));
#14537=CARTESIAN_POINT('',(7.57403349814544,-4.01334411108685,0.7));
#14538=CARTESIAN_POINT('',(3.63817678265179,-4.01334411108685,0.7));
#14539=CARTESIAN_POINT('',(7.57403349814544,-7.80182647680613,0.7));
#14540=CARTESIAN_POINT('',(7.57403349814544,-4.64654870657351,0.7));
#14541=CARTESIAN_POINT('',(7.87403349814544,-7.80182647680613,0.7));
#14542=CARTESIAN_POINT('',(3.78817678265179,-7.80182647680613,0.7));
#14543=CARTESIAN_POINT('',(7.87403349814544,-10.6912709363409,0.7));
#14544=CARTESIAN_POINT('',(7.87403349814544,-6.2412709363409,0.7));
#14545=CARTESIAN_POINT('',(-4.6835366483355,-10.6912709363409,0.7));
#14546=CARTESIAN_POINT('Origin',(-8.91939336382915,1.08801411738394,0.7));
#14547=CARTESIAN_POINT('',(-8.76939336382915,1.08801411738394,0.85));
#14548=CARTESIAN_POINT('',(-8.76939336382915,1.08801411738394,5.1));
#14549=CARTESIAN_POINT('',(-8.76939336382915,1.08801411738394,0.7));
#14550=CARTESIAN_POINT('',(-4.6835366483355,1.08801411738394,0.85));
#14551=CARTESIAN_POINT('',(-4.6835366483355,1.08801411738394,5.1));
#14552=CARTESIAN_POINT('Origin',(-8.76939336382915,1.23801411738394,0.7));
#14553=CARTESIAN_POINT('',(-8.91939336382915,1.23801411738394,5.1));
#14554=CARTESIAN_POINT('',(-8.91939336382915,1.23801411738394,0.85));
#14555=CARTESIAN_POINT('',(-8.91939336382915,1.23801411738394,0.7));
#14556=CARTESIAN_POINT('Origin',(-8.76939336382915,1.23801411738394,0.85));
#14557=CARTESIAN_POINT('Origin',(-8.76939336382915,1.23801411738394,5.1));
#14558=CARTESIAN_POINT('Origin',(-8.91939336382915,7.5587290636591,0.7));
#14559=CARTESIAN_POINT('',(-8.91939336382915,7.40872906365911,0.85));
#14560=CARTESIAN_POINT('',(-8.91939336382915,7.40872906365911,5.1));
#14561=CARTESIAN_POINT('',(-8.91939336382915,7.40872906365911,0.7));
#14562=CARTESIAN_POINT('',(-8.91939336382915,2.9587290636591,0.85));
#14563=CARTESIAN_POINT('',(-8.91939336382915,2.9587290636591,5.1));
#14564=CARTESIAN_POINT('Origin',(-8.76939336382915,7.40872906365911,0.7));
#14565=CARTESIAN_POINT('',(-8.76939336382915,7.55872906365911,5.1));
#14566=CARTESIAN_POINT('',(-8.76939336382915,7.55872906365911,0.85));
#14567=CARTESIAN_POINT('',(-8.76939336382915,7.55872906365911,0.7));
#14568=CARTESIAN_POINT('Origin',(-8.76939336382915,7.40872906365911,0.85));
#14569=CARTESIAN_POINT('Origin',(-8.76939336382915,7.40872906365911,5.1));
#14570=CARTESIAN_POINT('Origin',(-7.8585366483355,-10.6912709363409,3.8));
#14571=CARTESIAN_POINT('',(-4.52596650185456,-10.8412709363409,3.8));
#14572=CARTESIAN_POINT('',(-7.8585366483355,-10.8412709363409,3.8));
#14573=CARTESIAN_POINT('',(-4.67596650185456,-10.6912709363409,3.95));
#14574=CARTESIAN_POINT('Origin',(-4.52596650185456,-10.6912709363409,3.8));
#14575=CARTESIAN_POINT('',(-7.8585366483355,-10.6912709363409,3.95));
#14576=CARTESIAN_POINT('Origin',(-4.52596650185456,-10.6912709363409,2.975));
#14577=CARTESIAN_POINT('',(-4.52596650185456,-10.8412709363409,5.1));
#14578=CARTESIAN_POINT('',(-4.67596650185456,-10.6912709363409,5.1));
#14579=CARTESIAN_POINT('Origin',(-4.52596650185456,-10.6912709363409,5.1));
#14580=CARTESIAN_POINT('',(-4.67596650185456,-10.6912709363409,2.975));
#14581=CARTESIAN_POINT('',(-4.52596650185456,-10.8412709363409,2.975));
#14582=CARTESIAN_POINT('Origin',(-4.52596650185456,-10.6912709363409,5.1));
#14583=CARTESIAN_POINT('',(-4.52596650185456,-10.6912709363409,5.25));
#14584=CARTESIAN_POINT('Origin',(-4.52596650185456,-10.6912709363409,5.1));
#14585=CARTESIAN_POINT('Origin',(-4.52596650185456,-10.6912709363409,5.1));
#14586=CARTESIAN_POINT('Origin',(2.32403349814544,-10.8412709363409,5.25));
#14587=CARTESIAN_POINT('',(2.32403349814544,-10.6912709363409,5.1));
#14588=CARTESIAN_POINT('',(2.32403349814544,-9.1305530224755,5.1));
#14589=CARTESIAN_POINT('',(2.32403349814544,-6.2412709363409,5.1));
#14590=CARTESIAN_POINT('',(2.32403349814544,-10.6912709363409,3.95));
#14591=CARTESIAN_POINT('',(2.32403349814544,-10.6912709363409,2.975));
#14592=CARTESIAN_POINT('',(2.32403349814544,-9.1305530224755,3.95));
#14593=CARTESIAN_POINT('',(2.32403349814544,-8.1305530224755,3.95));
#14594=CARTESIAN_POINT('',(2.32403349814544,-9.1305530224755,5.25));
#14595=CARTESIAN_POINT('Origin',(2.17403349814544,-6.2412709363409,5.1));
#14596=CARTESIAN_POINT('',(2.17403349814544,-9.1305530224755,5.25));
#14597=CARTESIAN_POINT('',(2.17403349814544,-10.6912709363409,5.25));
#14598=CARTESIAN_POINT('',(2.17403349814544,-6.2412709363409,5.25));
#14599=CARTESIAN_POINT('Origin',(2.17403349814544,-10.6912709363409,5.1));
#14600=CARTESIAN_POINT('Origin',(2.17403349814544,-9.1305530224755,5.1));
#14601=CARTESIAN_POINT('Origin',(-0.447679932841855,-1.6412709363409,5.25));
#14602=CARTESIAN_POINT('',(-5.67596650185456,-7.98027093634089,5.25));
#14603=CARTESIAN_POINT('',(-4.6835366483355,-7.98027093634089,5.25));
#14604=CARTESIAN_POINT('',(-4.52596650185456,-9.13027093634089,5.25));
#14605=CARTESIAN_POINT('Origin',(-5.67596650185456,-9.13027093634089,5.25));
#14606=CARTESIAN_POINT('',(-4.52596650185456,-4.8857709363409,5.25));
#14607=CARTESIAN_POINT('',(-4.6835366483355,-10.6912709363409,5.25));
#14608=CARTESIAN_POINT('',(3.32403349814544,-7.9805530224755,5.25));
#14609=CARTESIAN_POINT('Origin',(3.32403349814544,-9.1305530224755,5.25));
#14610=CARTESIAN_POINT('',(7.87403349814544,-7.9805530224755,5.25));
#14611=CARTESIAN_POINT('',(0.938176782651792,-7.9805530224755,5.25));
#14612=CARTESIAN_POINT('',(7.87403349814544,-7.80182647680613,5.25));
#14613=CARTESIAN_POINT('',(7.87403349814544,-6.2412709363409,5.25));
#14614=CARTESIAN_POINT('',(7.57403349814544,-7.80182647680613,5.25));
#14615=CARTESIAN_POINT('',(3.78817678265179,-7.80182647680613,5.25));
#14616=CARTESIAN_POINT('',(7.57403349814544,-4.01334411108685,5.25));
#14617=CARTESIAN_POINT('',(7.57403349814544,-4.64654870657351,5.25));
#14618=CARTESIAN_POINT('',(7.87403349814544,-4.01334411108685,5.25));
#14619=CARTESIAN_POINT('',(3.63817678265179,-4.01334411108685,5.25));
#14620=CARTESIAN_POINT('',(7.87403349814544,7.40872906365911,5.25));
#14621=CARTESIAN_POINT('',(7.87403349814544,-2.90230752371388,5.25));
#14622=CARTESIAN_POINT('',(2.23060663617085,7.40872906365911,5.25));
#14623=CARTESIAN_POINT('',(3.78817678265179,7.40872906365911,5.25));
#14624=CARTESIAN_POINT('',(2.23060663617085,6.5587290636591,5.25));
#14625=CARTESIAN_POINT('',(2.23060663617085,2.9587290636591,5.25));
#14626=CARTESIAN_POINT('',(1.08060663617085,5.4087290636591,5.25));
#14627=CARTESIAN_POINT('Origin',(1.08060663617085,6.5587290636591,5.25));
#14628=CARTESIAN_POINT('',(-3.41939336382915,5.4087290636591,5.25));
#14629=CARTESIAN_POINT('',(0.816463351664499,5.4087290636591,5.25));
#14630=CARTESIAN_POINT('',(-4.56939336382915,6.5587290636591,5.25));
#14631=CARTESIAN_POINT('Origin',(-3.41939336382915,6.5587290636591,5.25));
#14632=CARTESIAN_POINT('',(-4.56939336382915,7.40872906365911,5.25));
#14633=CARTESIAN_POINT('',(-4.56939336382915,1.9587290636591,5.25));
#14634=CARTESIAN_POINT('',(-8.76939336382915,7.40872906365911,5.25));
#14635=CARTESIAN_POINT('',(3.78817678265179,7.40872906365911,5.25));
#14636=CARTESIAN_POINT('',(-8.76939336382915,1.23801411738394,5.25));
#14637=CARTESIAN_POINT('',(-8.76939336382915,2.9587290636591,5.25));
#14638=CARTESIAN_POINT('',(-8.46939336382915,1.23801411738394,5.25));
#14639=CARTESIAN_POINT('',(-4.6835366483355,1.23801411738394,5.25));
#14640=CARTESIAN_POINT('',(-8.46939336382915,-0.27662840947848,5.25));
#14641=CARTESIAN_POINT('',(7.21284841084201,-6.89165311321596,5.25));
#14642=CARTESIAN_POINT('Origin',(6.21284841084201,-6.89165311321596,5.25));
#14643=CARTESIAN_POINT('',(-6.52515458829728,6.12465917319726,5.25));
#14644=CARTESIAN_POINT('Origin',(-7.52515458829728,6.12465917319726,5.25));
#14645=CARTESIAN_POINT('',(-5.96036051802284,-1.74999976158142,5.25));
#14646=CARTESIAN_POINT('Origin',(-1.24999959766865,-1.74999976158142,5.25));
#14647=CARTESIAN_POINT('Origin',(-1.28505448086912,-1.78796857176928,9.85));
#14648=CARTESIAN_POINT('',(-7.78505448086912,-1.78796857176928,9.85));
#14649=CARTESIAN_POINT('Origin',(-1.28505448086912,-1.78796857176928,9.85));
#14650=CARTESIAN_POINT('',(-5.98505448086912,-1.78796857176928,9.85));
#14651=CARTESIAN_POINT('Origin',(-1.28505448086912,-1.78796857176928,9.85));
#14652=CARTESIAN_POINT('Ctrl Pts',(-1.13505448086912,-7.38988710639337,
12.5228571428571));
#14653=CARTESIAN_POINT('Ctrl Pts',(-1.13505448086912,-7.39826929544735,
12.5525499937597));
#14654=CARTESIAN_POINT('Ctrl Pts',(-1.13505448086912,-7.43991421419369,
12.6156615166337));
#14655=CARTESIAN_POINT('Ctrl Pts',(-1.13505448086912,-7.51507417803228,
12.636468240222));
#14656=CARTESIAN_POINT('Ctrl Pts',(-1.13505448086912,-7.5557899544338,12.630612244898));
#14657=CARTESIAN_POINT('Ctrl Pts',(-1.13505448086912,-7.36187934903685,
12.5307636358346));
#14658=CARTESIAN_POINT('Ctrl Pts',(-1.13505633793096,-7.37184762935963,
12.5662576469742));
#14659=CARTESIAN_POINT('Ctrl Pts',(-1.13505251097127,-7.42132041674859,
12.641788604356));
#14660=CARTESIAN_POINT('Ctrl Pts',(-1.13504519725243,-7.51114355005101,
12.6671500108801));
#14661=CARTESIAN_POINT('Ctrl Pts',(-1.13505448086912,-7.56006612636629,
12.660343767999));
#14662=CARTESIAN_POINT('Ctrl Pts',(-1.11138210439896,-7.31332489368198,
12.5444703905525));
#14663=CARTESIAN_POINT('Ctrl Pts',(-1.11129780596617,-7.32602834186954,
12.58994706119));
#14664=CARTESIAN_POINT('Ctrl Pts',(-1.11088270897958,-7.38914548697767,
12.6869480138346));
#14665=CARTESIAN_POINT('Ctrl Pts',(-1.11014291501898,-7.50445872319248,
12.7202876049374));
#14666=CARTESIAN_POINT('Ctrl Pts',(-1.10974179892313,-7.56746987020751,
12.711820786352));
#14667=CARTESIAN_POINT('Ctrl Pts',(-1.06115209211279,-7.29463829608107,
12.5497455523879));
#14668=CARTESIAN_POINT('Ctrl Pts',(-1.06093520755151,-7.30849628986544,
12.5990773082122));
#14669=CARTESIAN_POINT('Ctrl Pts',(-1.05986039626189,-7.37730922235876,
12.7040563792244));
#14670=CARTESIAN_POINT('Ctrl Pts',(-1.05797201501806,-7.50213861927435,
12.7392336688088));
#14671=CARTESIAN_POINT('Ctrl Pts',(-1.05696511042861,-7.57004560202323,
12.7297294278169));
#14672=CARTESIAN_POINT('Ctrl Pts',(-1.03934542862185,-7.29373694740491,
12.55));
#14673=CARTESIAN_POINT('Ctrl Pts',(-1.03909013202678,-7.30769586922873,
12.5994880848376));
#14674=CARTESIAN_POINT('Ctrl Pts',(-1.03782088719409,-7.3770474091661,12.7046739562943));
#14675=CARTESIAN_POINT('Ctrl Pts',(-1.03560741013042,-7.502216896452,12.7393518289415));
#14676=CARTESIAN_POINT('Ctrl Pts',(-1.03443744293388,-7.57002581282098,
12.7295918367347));
#14677=CARTESIAN_POINT('',(-1.13505448086912,-7.40049269963197,12.5499999997699));
#14678=CARTESIAN_POINT('',(-1.13505448086912,-7.5557899544338,12.630612244898));
#14679=CARTESIAN_POINT('Ctrl Pts',(-1.13505448086912,-7.40052878311854,
12.5499816477656));
#14680=CARTESIAN_POINT('Ctrl Pts',(-1.13505448086912,-7.41013014166214,
12.5688264428535));
#14681=CARTESIAN_POINT('Ctrl Pts',(-1.13505448086912,-7.45006561680636,
12.618471755189));
#14682=CARTESIAN_POINT('Ctrl Pts',(-1.13505448086912,-7.51507417803228,
12.636468240222));
#14683=CARTESIAN_POINT('Ctrl Pts',(-1.13505448086912,-7.5557899544338,12.630612244898));
#14684=CARTESIAN_POINT('',(-1.03443655125455,-7.57005061974095,12.7297712408003));
#14685=CARTESIAN_POINT('Origin',(-1.03505448086912,-7.5557899544338,12.630612244898));
#14686=CARTESIAN_POINT('',(-1.03934542862185,-7.29373694740491,12.55));
#14687=CARTESIAN_POINT('Ctrl Pts',(-1.03443744293388,-7.57002581282098,
12.7295918367347));
#14688=CARTESIAN_POINT('Ctrl Pts',(-1.03560741013042,-7.502216896452,12.7393518289415));
#14689=CARTESIAN_POINT('Ctrl Pts',(-1.03782088719409,-7.3770474091661,12.7046739562943));
#14690=CARTESIAN_POINT('Ctrl Pts',(-1.03909013202678,-7.30769586922873,
12.5994880848376));
#14691=CARTESIAN_POINT('Ctrl Pts',(-1.03934542862185,-7.29373694740491,
12.55));
#14692=CARTESIAN_POINT('Ctrl Pts',(-1.13505448086912,-7.40049269986562,
12.55));
#14693=CARTESIAN_POINT('Ctrl Pts',(-1.13505448086912,-7.3851512075008,12.55));
#14694=CARTESIAN_POINT('Ctrl Pts',(-1.13224769514274,-7.37005969073034,
12.55));
#14695=CARTESIAN_POINT('Ctrl Pts',(-1.12102639032523,-7.34317180273416,
12.55));
#14696=CARTESIAN_POINT('Ctrl Pts',(-1.11330040408101,-7.33157581103369,
12.55));
#14697=CARTESIAN_POINT('Ctrl Pts',(-1.0948578442522,-7.3134269446202,12.55));
#14698=CARTESIAN_POINT('Ctrl Pts',(-1.08484140782545,-7.30660480958203,
12.5500000000432));
#14699=CARTESIAN_POINT('Ctrl Pts',(-1.0629118437494,-7.29699808671055,12.5500000000432));
#14700=CARTESIAN_POINT('Ctrl Pts',(-1.0512365996191,-7.29426762144648,12.55));
#14701=CARTESIAN_POINT('Ctrl Pts',(-1.03934542862185,-7.29373694740491,
12.55));
#14702=CARTESIAN_POINT('Origin',(-1.13505448086912,-7.29047013622546,12.75));
#14703=CARTESIAN_POINT('',(-1.13505448086912,-7.89363033235595,12.5499999999998));
#14704=CARTESIAN_POINT('',(-1.13505448086912,-9.39090191884958,12.55));
#14705=CARTESIAN_POINT('Ctrl Pts',(-1.13505448086912,-7.5557899544338,12.630612244898));
#14706=CARTESIAN_POINT('Ctrl Pts',(-1.13505448086912,-7.67053907366178,
12.6141083153397));
#14707=CARTESIAN_POINT('Ctrl Pts',(-1.13505448086912,-7.78376744944881,
12.5870367693406));
#14708=CARTESIAN_POINT('Ctrl Pts',(-1.13505448086912,-7.8936168416446,12.5499600358331));
#14709=CARTESIAN_POINT('Ctrl Pts',(-1.13505448086912,4.53789714072031,12.4599460145837));
#14710=CARTESIAN_POINT('Ctrl Pts',(-1.13505448086912,4.3621183040851,12.5450273197157));
#14711=CARTESIAN_POINT('Ctrl Pts',(-1.13505448086912,4.17314302962828,12.6028120476002));
#14712=CARTESIAN_POINT('Ctrl Pts',(-1.13505448086912,3.97985281089524,12.630612244898));
#14713=CARTESIAN_POINT('Ctrl Pts',(-1.13505448086912,4.55107531806058,12.4871722622094));
#14714=CARTESIAN_POINT('Ctrl Pts',(-1.13505191376123,4.37246117016785,12.5735572543461));
#14715=CARTESIAN_POINT('Ctrl Pts',(-1.13505780940818,4.18049472229465,12.6321837319717));
#14716=CARTESIAN_POINT('Ctrl Pts',(-1.13505448086912,3.98412898282774,12.660343767999));
#14717=CARTESIAN_POINT('Ctrl Pts',(-1.10936766301008,4.5738869305867,12.5343012843299));
#14718=CARTESIAN_POINT('Ctrl Pts',(-1.10947739029719,4.39041013192074,12.6229310725197));
#14719=CARTESIAN_POINT('Ctrl Pts',(-1.10960152465611,4.19317887300173,12.6830367415051));
#14720=CARTESIAN_POINT('Ctrl Pts',(-1.10974534043786,3.99153333591185,12.7118250223181));
#14721=CARTESIAN_POINT('Ctrl Pts',(-1.05601547533554,4.5816281421647,12.5502947057192));
#14722=CARTESIAN_POINT('Ctrl Pts',(-1.0562893667856,4.39653437518748,12.6398091333274));
#14723=CARTESIAN_POINT('Ctrl Pts',(-1.05660409581917,4.19758980273142,12.7005576184691));
#14724=CARTESIAN_POINT('Ctrl Pts',(-1.05696511042861,3.99410845848467,12.7297294278169));
#14725=CARTESIAN_POINT('Ctrl Pts',(-1.03333294373051,4.58145799175187,12.549943173246));
#14726=CARTESIAN_POINT('Ctrl Pts',(-1.03365023386537,4.39644017679478,12.639502441806));
#14727=CARTESIAN_POINT('Ctrl Pts',(-1.03401796401309,4.19753387556086,12.7003284711581));
#14728=CARTESIAN_POINT('Ctrl Pts',(-1.03443744293388,3.99408866928242,12.7295918367347));
#14729=CARTESIAN_POINT('',(-1.03333314507632,4.5813405853086,12.5499999999988));
#14730=CARTESIAN_POINT('',(-1.13505448086912,4.3176931976978,12.5499999985006));
#14731=CARTESIAN_POINT('Ctrl Pts',(-1.13505448086912,4.31768287721727,12.5499589897507));
#14732=CARTESIAN_POINT('Ctrl Pts',(-1.13505444857845,4.34221676192931,12.5499618978403));
#14733=CARTESIAN_POINT('Ctrl Pts',(-1.13407068491853,4.36466037478685,12.5499494134729));
#14734=CARTESIAN_POINT('Ctrl Pts',(-1.13235376091948,4.38513278195806,12.5499377457407));
#14735=CARTESIAN_POINT('Ctrl Pts',(-1.13061198787688,4.40590148630826,12.5499259091413));
#14736=CARTESIAN_POINT('Ctrl Pts',(-1.12811529423743,4.42464112897525,12.5499153472301));
#14737=CARTESIAN_POINT('Ctrl Pts',(-1.12507563107295,4.44149706467567,12.5499149005537));
#14738=CARTESIAN_POINT('Ctrl Pts',(-1.12193574454068,4.45890877203617,12.5499144391495));
#14739=CARTESIAN_POINT('Ctrl Pts',(-1.11821621629188,4.47431035744049,12.5499250854201));
#14740=CARTESIAN_POINT('Ctrl Pts',(-1.11410298358074,4.48788854552442,12.5499420902238));
#14741=CARTESIAN_POINT('Ctrl Pts',(-1.11163691725924,4.49602927440907,12.5499522853614));
#14742=CARTESIAN_POINT('Ctrl Pts',(-1.10902844328118,4.5035151052182,12.5499644547681));
#14743=CARTESIAN_POINT('Ctrl Pts',(-1.10631047687939,4.51039069892687,12.5499746973167));
#14744=CARTESIAN_POINT('Ctrl Pts',(-1.10328568001744,4.51804247646919,12.5499860961437));
#14745=CARTESIAN_POINT('Ctrl Pts',(-1.10007474063682,4.52506809163635,12.5499944606601));
#14746=CARTESIAN_POINT('Ctrl Pts',(-1.09669647851789,4.53146755454492,12.5499945758048));
#14747=CARTESIAN_POINT('Ctrl Pts',(-1.09103179034287,4.54219820852869,12.5499947688801));
#14748=CARTESIAN_POINT('Ctrl Pts',(-1.08489809586844,4.55116816583157,12.5499746148906));
#14749=CARTESIAN_POINT('Ctrl Pts',(-1.0784564708458,4.55842093177077,12.549963250354));
#14750=CARTESIAN_POINT('Ctrl Pts',(-1.07757473558149,4.55941369671284,12.5499616947663));
#14751=CARTESIAN_POINT('Ctrl Pts',(-1.07668719479505,4.56037429220766,12.5499602329471));
#14752=CARTESIAN_POINT('Ctrl Pts',(-1.07579422998992,4.56130283335669,12.5499588720675));
#14753=CARTESIAN_POINT('Ctrl Pts',(-1.0715840344491,4.56568076603965,12.5499524557234));
#14754=CARTESIAN_POINT('Ctrl Pts',(-1.06691452406959,4.56969821833936,12.5499484514997));
#14755=CARTESIAN_POINT('Ctrl Pts',(-1.06179579256433,4.57297709725872,12.5499535824352));
#14756=CARTESIAN_POINT('Ctrl Pts',(-1.05962004436144,4.57437080484213,12.5499557633707));
#14757=CARTESIAN_POINT('Ctrl Pts',(-1.05736363549094,4.57563088368268,12.5499593435975));
#14758=CARTESIAN_POINT('Ctrl Pts',(-1.05502986350316,4.57672747805597,12.5499635248511));
#14759=CARTESIAN_POINT('Ctrl Pts',(-1.05157154161322,4.57835247670427,12.5499697208808));
#14760=CARTESIAN_POINT('Ctrl Pts',(-1.04796645065585,4.57960576548207,12.549978273443));
#14761=CARTESIAN_POINT('Ctrl Pts',(-1.0442317383798,4.58039947293811,12.5499860244025));
#14762=CARTESIAN_POINT('Ctrl Pts',(-1.04063908058826,4.58116299073154,12.5499934805444));
#14763=CARTESIAN_POINT('Ctrl Pts',(-1.03699974034773,4.58148549191369,12.5500000003586));
#14764=CARTESIAN_POINT('Ctrl Pts',(-1.03333314507637,4.58134058529591,12.5499999999674));
#14765=CARTESIAN_POINT('',(-1.13505448086912,3.97985281089524,12.630612244898));
#14766=CARTESIAN_POINT('Ctrl Pts',(-1.13505448086912,4.31767971469898,12.5499600571774));
#14767=CARTESIAN_POINT('Ctrl Pts',(-1.13505448086912,4.20783031833176,12.5870367878542));
#14768=CARTESIAN_POINT('Ctrl Pts',(-1.13505448086912,4.09460193323418,12.6141083148922));
#14769=CARTESIAN_POINT('Ctrl Pts',(-1.13505448086912,3.97985281089524,12.630612244898));
#14770=CARTESIAN_POINT('Origin',(-1.03505448086912,3.97985281089524,12.630612244898));
#14771=CARTESIAN_POINT('Ctrl Pts',(-1.03443744293388,3.99408866928242,12.7295918367347));
#14772=CARTESIAN_POINT('Ctrl Pts',(-1.03401805274104,4.19749084294635,12.7003346609286));
#14773=CARTESIAN_POINT('Ctrl Pts',(-1.03365038943183,4.39635603149592,12.6395281721683));
#14774=CARTESIAN_POINT('Ctrl Pts',(-1.03333314507637,4.58134058529834,12.5499999999662));
#14775=CARTESIAN_POINT('Ctrl Pts',(-1.13505448086912,3.97985281089524,12.630612244898));
#14776=CARTESIAN_POINT('Ctrl Pts',(-1.13505448086912,3.94931597859408,12.635004241391));
#14777=CARTESIAN_POINT('Ctrl Pts',(-1.13505448086912,3.87472937441667,12.6226370345571));
#14778=CARTESIAN_POINT('Ctrl Pts',(-1.13505448086912,3.82512621492679,12.5624476107272));
#14779=CARTESIAN_POINT('Ctrl Pts',(-1.13505448086912,3.81394996285481,12.5228571428571));
#14780=CARTESIAN_POINT('Ctrl Pts',(-1.13505448086912,3.98412898282774,12.660343767999));
#14781=CARTESIAN_POINT('Ctrl Pts',(-1.1350475181566,3.94743705059125,12.6654484501598));
#14782=CARTESIAN_POINT('Ctrl Pts',(-1.13504371616586,3.85814972806451,12.6501742040086));
#14783=CARTESIAN_POINT('Ctrl Pts',(-1.13505695695157,3.79923324592867,12.5780889840208));
#14784=CARTESIAN_POINT('Ctrl Pts',(-1.13505448086912,3.7859422054983,12.5307636358345));
#14785=CARTESIAN_POINT('Ctrl Pts',(-1.10974584645595,3.99153342296159,12.7118256275607));
#14786=CARTESIAN_POINT('Ctrl Pts',(-1.11004668352784,3.94427506270028,12.7181757414997));
#14787=CARTESIAN_POINT('Ctrl Pts',(-1.11078212002774,3.82956896646596,12.697851229751));
#14788=CARTESIAN_POINT('Ctrl Pts',(-1.11127341439825,3.75432160441492,12.6051071022254));
#14789=CARTESIAN_POINT('Ctrl Pts',(-1.11138581230863,3.73738367349817,12.5444715413753));
#14790=CARTESIAN_POINT('Ctrl Pts',(-1.05696511042861,3.99410845848467,12.7297294278169));
#14791=CARTESIAN_POINT('Ctrl Pts',(-1.0577202888707,3.94317822142298,12.7368576085608));
#14792=CARTESIAN_POINT('Ctrl Pts',(-1.05958692614463,3.81914576023564,12.7157179249276));
#14793=CARTESIAN_POINT('Ctrl Pts',(-1.06086291269775,3.73717847758835,12.6155212268203));
#14794=CARTESIAN_POINT('Ctrl Pts',(-1.06115209211279,3.71870115254251,12.5497455523879));
#14795=CARTESIAN_POINT('Ctrl Pts',(-1.03443744293388,3.99408866928242,12.7295918367347));
#14796=CARTESIAN_POINT('Ctrl Pts',(-1.03531491833129,3.94323198200565,12.7369118308898));
#14797=CARTESIAN_POINT('Ctrl Pts',(-1.03749628815547,3.81901635434629,12.7162998195));
#14798=CARTESIAN_POINT('Ctrl Pts',(-1.03900503316175,3.73641169963145,12.6159841131167));
#14799=CARTESIAN_POINT('Ctrl Pts',(-1.03934542862185,3.71779980386635,12.55));
#14800=CARTESIAN_POINT('',(-1.13505448086912,3.82455555618976,12.5499999998648));
#14801=CARTESIAN_POINT('Ctrl Pts',(-1.03934542862185,3.71779980386636,12.55));
#14802=CARTESIAN_POINT('Ctrl Pts',(-1.04684918357312,3.71813467820025,12.55));
#14803=CARTESIAN_POINT('Ctrl Pts',(-1.05426895045467,3.71936856464119,12.5499889166772));
#14804=CARTESIAN_POINT('Ctrl Pts',(-1.06146498450978,3.72142655295464,12.5499866979072));
#14805=CARTESIAN_POINT('Ctrl Pts',(-1.06630837657443,3.72281171097227,12.5499852045328));
#14806=CARTESIAN_POINT('Ctrl Pts',(-1.07105067251117,3.72457102514708,12.5499868810792));
#14807=CARTESIAN_POINT('Ctrl Pts',(-1.0756478516549,3.72669007533402,12.5499877266262));
#14808=CARTESIAN_POINT('Ctrl Pts',(-1.08240498744614,3.72980474835717,12.5499889694482));
#14809=CARTESIAN_POINT('Ctrl Pts',(-1.08876176814657,3.73365477863058,12.5499890827662));
#14810=CARTESIAN_POINT('Ctrl Pts',(-1.09459767709195,3.73817550292674,12.5499924038295));
#14811=CARTESIAN_POINT('Ctrl Pts',(-1.09621034735187,3.73942474065371,12.5499933215581));
#14812=CARTESIAN_POINT('Ctrl Pts',(-1.09778321625367,3.74072537452233,12.5499942378927));
#14813=CARTESIAN_POINT('Ctrl Pts',(-1.09931362120337,3.74207642360419,12.5499946686199));
#14814=CARTESIAN_POINT('Ctrl Pts',(-1.10178387418374,3.74425717519007,12.5499953638641));
#14815=CARTESIAN_POINT('Ctrl Pts',(-1.10414354800726,3.74656922674251,12.5499948659177));
#14816=CARTESIAN_POINT('Ctrl Pts',(-1.10638915053897,3.74900150261385,12.549992226674));
#14817=CARTESIAN_POINT('Ctrl Pts',(-1.11131398521587,3.75433573090485,12.5499864385443));
#14818=CARTESIAN_POINT('Ctrl Pts',(-1.11562750593797,3.76017598751349,12.5499705530326));
#14819=CARTESIAN_POINT('Ctrl Pts',(-1.11932159477008,3.76640057458152,12.5499650635992));
#14820=CARTESIAN_POINT('Ctrl Pts',(-1.12241835191439,3.77161865009333,12.5499604618036));
#14821=CARTESIAN_POINT('Ctrl Pts',(-1.12507972420727,3.77710787064496,12.5499622953731));
#14822=CARTESIAN_POINT('Ctrl Pts',(-1.12729104965179,3.78280978705703,12.549959891597));
#14823=CARTESIAN_POINT('Ctrl Pts',(-1.12987845211681,3.78948142040545,12.5499570790142));
#14824=CARTESIAN_POINT('Ctrl Pts',(-1.13181486136784,3.79635094921527,12.5499450958263));
#14825=CARTESIAN_POINT('Ctrl Pts',(-1.13310879142489,3.80334445567936,12.5499431816969));
#14826=CARTESIAN_POINT('Ctrl Pts',(-1.13440272148193,3.81033796214345,12.5499412675674));
#14827=CARTESIAN_POINT('Ctrl Pts',(-1.13505454188743,3.81745648517568,12.5499488349558));
#14828=CARTESIAN_POINT('Ctrl Pts',(-1.13505448086912,3.82464127628811,12.5499370936701));
#14829=CARTESIAN_POINT('Ctrl Pts',(-1.13505448086912,3.97985281089524,12.630612244898));
#14830=CARTESIAN_POINT('Ctrl Pts',(-1.13505448086912,3.94931597859408,12.635004241391));
#14831=CARTESIAN_POINT('Ctrl Pts',(-1.13505448086912,3.88481528804388,12.6243093801655));
#14832=CARTESIAN_POINT('Ctrl Pts',(-1.13505448086912,3.83899814656885,12.5778512865552));
#14833=CARTESIAN_POINT('Ctrl Pts',(-1.13505448086912,3.82464915192035,12.5499524084915));
#14834=CARTESIAN_POINT('Origin',(-1.13505448086912,5.81496477531103,12.75));
#14835=CARTESIAN_POINT('',(-1.13505448086912,5.81496477531103,12.55));
#14836=CARTESIAN_POINT('Origin',(-1.28505448086912,-1.78796857176928,10.75));
#14837=CARTESIAN_POINT('',(4.49700578046643,-2.0385857369626,12.7296129297343));
#14838=CARTESIAN_POINT('Ctrl Pts',(-1.03443655125455,-7.57005061974094,
12.7297712408003));
#14839=CARTESIAN_POINT('Ctrl Pts',(-0.904206476597927,-7.56442331930164,
12.7299020768842));
#14840=CARTESIAN_POINT('Ctrl Pts',(-0.773883446326193,-7.5544835422328,
12.7300075864349));
#14841=CARTESIAN_POINT('Ctrl Pts',(-0.64394966053445,-7.5401363889549,12.7300902635799));
#14842=CARTESIAN_POINT('Ctrl Pts',(-0.516153639147391,-7.52602528539569,
12.730171580461));
#14843=CARTESIAN_POINT('Ctrl Pts',(-0.388734689765887,-7.50765067070699,
12.7302308456701));
#14844=CARTESIAN_POINT('Ctrl Pts',(-0.262145180915971,-7.48497180808017,
12.7302691001419));
#14845=CARTESIAN_POINT('Ctrl Pts',(-0.170677685379689,-7.46858515183248,
12.7302967409848));
#14846=CARTESIAN_POINT('Ctrl Pts',(-0.0796431154024601,-7.44995234890951,
12.7303133875598));
#14847=CARTESIAN_POINT('Ctrl Pts',(0.0107923341771712,-7.42907442615861,
12.730318822865));
#14848=CARTESIAN_POINT('Ctrl Pts',(0.138648021110262,-7.39955766953871,
12.7303265071821));
#14849=CARTESIAN_POINT('Ctrl Pts',(0.265305048286254,-7.36555172705922,
12.7303119268787));
#14850=CARTESIAN_POINT('Ctrl Pts',(0.390365377192944,-7.32737930918189,
12.730272171972));
#14851=CARTESIAN_POINT('Ctrl Pts',(0.494550180771667,-7.29557877024646,
12.7302390530991));
#14852=CARTESIAN_POINT('Ctrl Pts',(0.597627101715285,-7.26088767674131,
12.7301884328524));
#14853=CARTESIAN_POINT('Ctrl Pts',(0.699380380874094,-7.22351607486989,
12.7301168327121));
#14854=CARTESIAN_POINT('Ctrl Pts',(0.833726307299153,-7.17417395521624,
12.7300222982925));
#14855=CARTESIAN_POINT('Ctrl Pts',(0.966571346510917,-7.11942487805225,
12.7299425503968));
#14856=CARTESIAN_POINT('Ctrl Pts',(1.09741194877493,-7.05957391842919,12.7298770127782));
#14857=CARTESIAN_POINT('Ctrl Pts',(1.23528728530201,-6.99650503112122,12.7298079514848));
#14858=CARTESIAN_POINT('Ctrl Pts',(1.37093605660224,-6.92777099963847,12.7297546234857));
#14859=CARTESIAN_POINT('Ctrl Pts',(1.50379603666214,-6.85378357659526,12.7297143245115));
#14860=CARTESIAN_POINT('Ctrl Pts',(1.63277099319003,-6.78195965590592,12.7296752039391));
#14861=CARTESIAN_POINT('Ctrl Pts',(1.75911751099521,-6.70518586084028,12.7296483090533));
#14862=CARTESIAN_POINT('Ctrl Pts',(1.88235409605677,-6.62388139422852,12.7296300847186));
#14863=CARTESIAN_POINT('Ctrl Pts',(2.01115893691608,-6.53890331018109,12.7296110369452));
#14864=CARTESIAN_POINT('Ctrl Pts',(2.13656557977526,-6.44897622892048,12.7296014296969));
#14865=CARTESIAN_POINT('Ctrl Pts',(2.25807073239194,-6.35461804907299,12.7295966344069));
#14866=CARTESIAN_POINT('Ctrl Pts',(2.37314705331373,-6.2652523559161,12.7295920928355));
#14867=CARTESIAN_POINT('Ctrl Pts',(2.48472380542748,-6.17191284063788,12.7295918501723));
#14868=CARTESIAN_POINT('Ctrl Pts',(2.59241943169368,-6.0750646086232,12.7295918374457));
#14869=CARTESIAN_POINT('Ctrl Pts',(2.59843593491517,-6.06965410385051,12.7295918367347));
#14870=CARTESIAN_POINT('Ctrl Pts',(2.60444033773628,-6.06423265355185,12.7295918367347));
#14871=CARTESIAN_POINT('Ctrl Pts',(2.61043257814634,-6.05880034056508,12.7295918367347));
#14872=CARTESIAN_POINT('Ctrl Pts',(2.7127670585272,-5.96602820715157,12.7295918367347));
#14873=CARTESIAN_POINT('Ctrl Pts',(2.81219828788572,-5.86920995920557,12.7296228003982));
#14874=CARTESIAN_POINT('Ctrl Pts',(2.90825781476783,-5.76870622634335,12.7296732615541));
#14875=CARTESIAN_POINT('Ctrl Pts',(3.0040950412842,-5.66843507860098,12.7297236059331));
#14876=CARTESIAN_POINT('Ctrl Pts',(3.09657574586872,-5.56449604264329,12.729793184567));
#14877=CARTESIAN_POINT('Ctrl Pts',(3.18527688764808,-5.45727723880659,12.7298702634437));
#14878=CARTESIAN_POINT('Ctrl Pts',(3.27305969428489,-5.35116848601917,12.7299465443122));
#14879=CARTESIAN_POINT('Ctrl Pts',(3.35714052208787,-5.24184809966398,12.7300300904629));
#14880=CARTESIAN_POINT('Ctrl Pts',(3.43715563457739,-5.12971318080507,12.7301110604803));
#14881=CARTESIAN_POINT('Ctrl Pts',(3.51649962743537,-5.01851878359373,12.730191351369));
#14882=CARTESIAN_POINT('Ctrl Pts',(3.59184561204763,-4.9045573943912,12.7302691109969));
#14883=CARTESIAN_POINT('Ctrl Pts',(3.66288826895311,-4.78822872062094,12.7303368280155));
#14884=CARTESIAN_POINT('Ctrl Pts',(3.73302412886138,-4.67338488000104,12.7304036806859));
#14885=CARTESIAN_POINT('Ctrl Pts',(3.7989657189429,-4.55623426954234,12.7304608198687));
#14886=CARTESIAN_POINT('Ctrl Pts',(3.8604697483219,-4.43716637109993,12.7305024771507));
#14887=CARTESIAN_POINT('Ctrl Pts',(3.88590372878724,-4.38792779870703,12.730519703835));
#14888=CARTESIAN_POINT('Ctrl Pts',(3.91057945167739,-4.33836136963461,12.7305342936177));
#14889=CARTESIAN_POINT('Ctrl Pts',(3.93448233191398,-4.28849459891544,12.7305458514351));
#14890=CARTESIAN_POINT('Ctrl Pts',(3.93853081976842,-4.28004854498394,12.7305478090102));
#14891=CARTESIAN_POINT('Ctrl Pts',(3.94255714072151,-4.27159387494204,12.7305496795665));
#14892=CARTESIAN_POINT('Ctrl Pts',(3.94656132035422,-4.263130768603,12.730551461121));
#14893=CARTESIAN_POINT('Ctrl Pts',(4.00183944746196,-4.14629668251096,12.7305760556705));
#14894=CARTESIAN_POINT('Ctrl Pts',(4.05327879136965,-4.02740785915204,12.7305667872039));
#14895=CARTESIAN_POINT('Ctrl Pts',(4.10070504122052,-3.90682871756948,12.7305351068988));
#14896=CARTESIAN_POINT('Ctrl Pts',(4.14839998748542,-3.78556642724435,12.7305032471069));
#14897=CARTESIAN_POINT('Ctrl Pts',(4.19203586601576,-3.66259489912994,12.7304483595723));
#14898=CARTESIAN_POINT('Ctrl Pts',(4.23146302301318,-3.53832981750343,12.7303804105737));
#14899=CARTESIAN_POINT('Ctrl Pts',(4.2712239884562,-3.41301265054033,12.7303118862875));
#14900=CARTESIAN_POINT('Ctrl Pts',(4.30670427425871,-3.28638031608043,12.7302299013105));
#14901=CARTESIAN_POINT('Ctrl Pts',(4.33778422570085,-3.15889977842754,12.7301470715215));
#14902=CARTESIAN_POINT('Ctrl Pts',(4.34610199157773,-3.12478282467262,12.7301249042155));
#14903=CARTESIAN_POINT('Ctrl Pts',(4.35410479631656,-3.09060532472129,12.7301026961628));
#14904=CARTESIAN_POINT('Ctrl Pts',(4.36179080688947,-3.05637665776043,12.7300807332894));
#14905=CARTESIAN_POINT('Ctrl Pts',(4.39341588957971,-2.91553838896734,12.7299903642118));
#14906=CARTESIAN_POINT('Ctrl Pts',(4.4198119923139,-2.77322654834035,12.72990345228));
#14907=CARTESIAN_POINT('Ctrl Pts',(4.44085754083576,-2.63002569037315,12.7298285938393));
#14908=CARTESIAN_POINT('Ctrl Pts',(4.46214714003544,-2.48516423104817,12.729752867317));
#14909=CARTESIAN_POINT('Ctrl Pts',(4.47796109255406,-2.33939359772579,12.7296895672918));
#14910=CARTESIAN_POINT('Ctrl Pts',(4.48821921214293,-2.19334615993247,12.7296481805739));
#14911=CARTESIAN_POINT('Ctrl Pts',(4.49184083631654,-2.14178418245464,12.7296335690131));
#14912=CARTESIAN_POINT('Ctrl Pts',(4.49477039068484,-2.09018790595569,12.7296216870496));
#14913=CARTESIAN_POINT('Ctrl Pts',(4.49700578046643,-2.0385857369626,12.7296129297343));
#14914=CARTESIAN_POINT('',(-1.03333314507051,-8.15727773223389,12.5499999983597));
#14915=CARTESIAN_POINT('Ctrl Pts',(-1.03333314507063,-8.15727773220829,
12.5499999982783));
#14916=CARTESIAN_POINT('Ctrl Pts',(-1.03365038951634,-7.97229315870663,
12.639528111772));
#14917=CARTESIAN_POINT('Ctrl Pts',(-1.03401805273848,-7.77342798772621,
12.7003346607501));
#14918=CARTESIAN_POINT('Ctrl Pts',(-1.03443744293388,-7.57002581282098,
12.7295918367347));
#14919=CARTESIAN_POINT('',(-1.53677581666192,-8.15727772884714,12.5499999999988));
#14920=CARTESIAN_POINT('Origin',(-1.28505448086912,-1.78796857176928,12.55));
#14921=CARTESIAN_POINT('',(-1.53559636399937,-7.56829739528562,12.7295918367347));
#14922=CARTESIAN_POINT('Ctrl Pts',(-1.53567151880436,-7.57002581282097,
12.7295918367347));
#14923=CARTESIAN_POINT('Ctrl Pts',(-1.5360909089972,-7.77342798648489,12.7003346609286));
#14924=CARTESIAN_POINT('Ctrl Pts',(-1.53645857230641,-7.97229317503447,
12.6395281721683));
#14925=CARTESIAN_POINT('Ctrl Pts',(-1.53677581666187,-8.15727772883689,
12.5499999999662));
#14926=CARTESIAN_POINT('',(-7.06695228320076,-2.03857868976803,12.7295918367347));
#14927=CARTESIAN_POINT('Ctrl Pts',(-7.06695228320076,-2.03857868976803,
12.7295918367347));
#14928=CARTESIAN_POINT('Ctrl Pts',(-7.06068714150984,-2.17920436562454,
12.7295918367347));
#14929=CARTESIAN_POINT('Ctrl Pts',(-7.04916083041928,-2.31989290922047,
12.7295918367347));
#14930=CARTESIAN_POINT('Ctrl Pts',(-7.03246460075049,-2.46009658964714,
12.7295918367347));
#14931=CARTESIAN_POINT('Ctrl Pts',(-7.01560942668226,-2.60163497798255,
12.7295918367347));
#14932=CARTESIAN_POINT('Ctrl Pts',(-6.99348552187752,-2.74267858778421,
12.7295918367347));
#14933=CARTESIAN_POINT('Ctrl Pts',(-6.96623949956236,-2.88266805042167,
12.7295918367347));
#14934=CARTESIAN_POINT('Ctrl Pts',(-6.93899750055825,-3.0226368413755,12.7295918367347));
#14935=CARTESIAN_POINT('Ctrl Pts',(-6.90663509334135,-3.16155116068904,
12.7295918367347));
#14936=CARTESIAN_POINT('Ctrl Pts',(-6.86934900976827,-3.29886562872457,
12.7295918367347));
#14937=CARTESIAN_POINT('Ctrl Pts',(-6.83232859550644,-3.43520170920499,
12.7295918367347));
#14938=CARTESIAN_POINT('Ctrl Pts',(-6.79045468177473,-3.56996007893863,
12.7295918367347));
#14939=CARTESIAN_POINT('Ctrl Pts',(-6.74396577969213,-3.70262950430598,
12.7295918367347));
#14940=CARTESIAN_POINT('Ctrl Pts',(-6.72746960230014,-3.7497060812375,12.7295918367347));
#14941=CARTESIAN_POINT('Ctrl Pts',(-6.71039274623072,-3.79651988357324,
12.7295918367347));
#14942=CARTESIAN_POINT('Ctrl Pts',(-6.69274717630967,-3.84304896667237,
12.7295918367347));
#14943=CARTESIAN_POINT('Ctrl Pts',(-6.64190658515865,-3.97710902259907,
12.7295918367347));
#14944=CARTESIAN_POINT('Ctrl Pts',(-6.58594103566184,-4.10978185768637,
12.7295958431632));
#14945=CARTESIAN_POINT('Ctrl Pts',(-6.52494513945273,-4.24047576766616,
12.7296046388435));
#14946=CARTESIAN_POINT('Ctrl Pts',(-6.51521539979954,-4.2613233622978,12.7296060418834));
#14947=CARTESIAN_POINT('Ctrl Pts',(-6.50535777027248,-4.28212061638318,
12.7296075666098));
#14948=CARTESIAN_POINT('Ctrl Pts',(-6.49537275598458,-4.30286514686005,
12.7296092159824));
#14949=CARTESIAN_POINT('Ctrl Pts',(-6.43207341846553,-4.4343737254628,12.729619672071));
#14950=CARTESIAN_POINT('Ctrl Pts',(-6.36365032272192,-4.56376202209377,
12.7296351488775));
#14951=CARTESIAN_POINT('Ctrl Pts',(-6.2903828660711,-4.69046516597015,12.7296563244821));
#14952=CARTESIAN_POINT('Ctrl Pts',(-6.2181910234885,-4.81530822502484,12.7296771892149));
#14953=CARTESIAN_POINT('Ctrl Pts',(-6.14129647585873,-4.93754383226909,
12.7297035901391));
#14954=CARTESIAN_POINT('Ctrl Pts',(-6.06001447650799,-5.05665338945249,
12.7297360097097));
#14955=CARTESIAN_POINT('Ctrl Pts',(-5.97691589943461,-5.17842493538937,
12.7297691538278));
#14956=CARTESIAN_POINT('Ctrl Pts',(-5.88923178828659,-5.29692838007635,
12.7298085941999));
#14957=CARTESIAN_POINT('Ctrl Pts',(-5.79734477309241,-5.41164269504971,
12.7298546012854));
#14958=CARTESIAN_POINT('Ctrl Pts',(-5.70545775789823,-5.52635701002306,
12.7299006083708));
#14959=CARTESIAN_POINT('Ctrl Pts',(-5.60936825591211,-5.63728155404492,
12.7299531875766));
#14960=CARTESIAN_POINT('Ctrl Pts',(-5.50949907242046,-5.74393850850473,
12.7300122851787));
#14961=CARTESIAN_POINT('Ctrl Pts',(-5.41981900217175,-5.83971383012101,
12.7300653533716));
#14962=CARTESIAN_POINT('Ctrl Pts',(-5.32668535484811,-5.93287956942842,
12.7300888291877));
#14963=CARTESIAN_POINT('Ctrl Pts',(-5.2302697068466,-6.02294425692243,12.7300924340607));
#14964=CARTESIAN_POINT('Ctrl Pts',(-5.13453792228489,-6.11237012749957,
12.7300960133648));
#14965=CARTESIAN_POINT('Ctrl Pts',(-5.03557068614982,-6.19873815438907,
12.7300798339388));
#14966=CARTESIAN_POINT('Ctrl Pts',(-4.93358493407356,-6.28158235176842,
12.7300514037192));
#14967=CARTESIAN_POINT('Ctrl Pts',(-4.91823355223389,-6.29405245549644,
12.7300471242669));
#14968=CARTESIAN_POINT('Ctrl Pts',(-4.9028138660397,-6.30644275566901,12.7300425660089));
#14969=CARTESIAN_POINT('Ctrl Pts',(-4.88732670861183,-6.31875170682226,
12.7300377537786));
#14970=CARTESIAN_POINT('Ctrl Pts',(-4.78515479645281,-6.39995634891735,
12.7300060065209));
#14971=CARTESIAN_POINT('Ctrl Pts',(-4.6800427127426,-6.47761800671979,12.7299631509246));
#14972=CARTESIAN_POINT('Ctrl Pts',(-4.5723829248684,-6.5515092373744,12.7299166129935));
#14973=CARTESIAN_POINT('Ctrl Pts',(-4.463821782844,-6.62601910353563,12.7298696854355));
#14974=CARTESIAN_POINT('Ctrl Pts',(-4.35267048997982,-6.69669480096609,
12.7298189895088));
#14975=CARTESIAN_POINT('Ctrl Pts',(-4.23937325321494,-6.76333638157855,
12.7297731551252));
#14976=CARTESIAN_POINT('Ctrl Pts',(-4.12487383787134,-6.83068508517965,
12.7297268344005));
#14977=CARTESIAN_POINT('Ctrl Pts',(-4.00818315946512,-6.89391324481238,
12.7296855227693));
#14978=CARTESIAN_POINT('Ctrl Pts',(-3.88979576357476,-6.95285369242332,
12.729659024095));
#14979=CARTESIAN_POINT('Ctrl Pts',(-3.82355751440147,-6.98583112237587,
12.7296441979746));
#14980=CARTESIAN_POINT('Ctrl Pts',(-3.7567887220641,-7.01746703820471,12.7296340235516));
#14981=CARTESIAN_POINT('Ctrl Pts',(-3.68957997661931,-7.04773805107353,
12.7296302082918));
#14982=CARTESIAN_POINT('Ctrl Pts',(-3.55598615335713,-7.10790909453522,
12.7296226245296));
#14983=CARTESIAN_POINT('Ctrl Pts',(-3.41968471262537,-7.16330171802422,
12.7296165285281));
#14984=CARTESIAN_POINT('Ctrl Pts',(-3.28122017580045,-7.21367845664392,
12.7296116369219));
#14985=CARTESIAN_POINT('Ctrl Pts',(-3.14078838347833,-7.26477093026879,
12.7296066758175));
#14986=CARTESIAN_POINT('Ctrl Pts',(-2.99813218379057,-7.31070368770698,
12.72960295328));
#14987=CARTESIAN_POINT('Ctrl Pts',(-2.85384712119795,-7.35127508868124,
12.7296001640017));
#14988=CARTESIAN_POINT('Ctrl Pts',(-2.70937743775421,-7.39189840304449,
12.7295973711544));
#14989=CARTESIAN_POINT('Ctrl Pts',(-2.56327540380259,-7.42714645051747,
12.7295955137131));
#14990=CARTESIAN_POINT('Ctrl Pts',(-2.41615649079911,-7.45686612352523,
12.7295942796494));
#14991=CARTESIAN_POINT('Ctrl Pts',(-2.27027179054211,-7.48633647169434,
12.7295930559385));
#14992=CARTESIAN_POINT('Ctrl Pts',(-2.1233878843675,-7.51037073766227,12.7295924450282));
#14993=CARTESIAN_POINT('Ctrl Pts',(-1.97611197643244,-7.52886988548053,
12.7295921402481));
#14994=CARTESIAN_POINT('Ctrl Pts',(-1.82945280008783,-7.5472915663932,12.7295918367442));
#14995=CARTESIAN_POINT('Ctrl Pts',(-1.68240554492122,-7.56022430354062,
12.7295918367347));
#14996=CARTESIAN_POINT('Ctrl Pts',(-1.53556697930032,-7.56762160311091,
12.7295918367347));
#14997=CARTESIAN_POINT('',(-7.65436364133374,-2.03968990756788,12.5499999983597));
#14998=CARTESIAN_POINT('Ctrl Pts',(-7.65436364130813,-2.03968990756776,
12.5499999982783));
#14999=CARTESIAN_POINT('Ctrl Pts',(-7.46937906780646,-2.03937266312205,
12.639528111772));
#15000=CARTESIAN_POINT('Ctrl Pts',(-7.27051389682604,-2.03900499989992,
12.70033466075));
#15001=CARTESIAN_POINT('Ctrl Pts',(-7.06711172192082,-2.03858560970452,
12.7295918367347));
#15002=CARTESIAN_POINT('',(-7.65933583403344,-1.78796857176927,12.55));
#15003=CARTESIAN_POINT('Origin',(-1.28505448086912,-1.78796857176928,12.55));
#15004=CARTESIAN_POINT('',(-8.78505448086912,-1.78796857176927,10.85));
#15005=CARTESIAN_POINT('Origin',(-6.7875560453253,-1.78796857176928,10.75));
#15006=CARTESIAN_POINT('Origin',(-1.28505448086912,-1.78796857176928,10.85));
#15007=CARTESIAN_POINT('',(-7.65436363794699,-1.53624723597648,12.5499999999988));
#15008=CARTESIAN_POINT('Origin',(-1.28505448086912,-1.78796857176928,12.55));
#15009=CARTESIAN_POINT('Ctrl Pts',(-7.06711172192082,-1.53735153383403,
12.7295918367347));
#15010=CARTESIAN_POINT('Ctrl Pts',(-7.27051389558474,-1.53693214364119,
12.7003346609286));
#15011=CARTESIAN_POINT('Ctrl Pts',(-7.46937908413432,-1.53656448033199,
12.6395281721683));
#15012=CARTESIAN_POINT('Ctrl Pts',(-7.65436363793673,-1.53624723597653,
12.5499999999662));
#15013=CARTESIAN_POINT('',(-1.53677581666772,4.58134058869534,12.5499999983597));
#15014=CARTESIAN_POINT('Ctrl Pts',(-1.5367758166676,4.58134058866974,12.5499999982783));
#15015=CARTESIAN_POINT('Ctrl Pts',(-1.53645857222189,4.39635601516807,12.639528111772));
#15016=CARTESIAN_POINT('Ctrl Pts',(-1.53609090899976,4.19749084418766,12.70033466075));
#15017=CARTESIAN_POINT('Ctrl Pts',(-1.53567151880436,3.99408866928243,12.7295918367347));
#15018=CARTESIAN_POINT('Origin',(-1.28505448086912,-1.78796857176928,12.55));
#15019=CARTESIAN_POINT('',(5.0842546795955,-1.53624723597067,12.5499999983597));
#15020=CARTESIAN_POINT('Ctrl Pts',(5.08425467956989,-1.53624723597079,12.5499999982783));
#15021=CARTESIAN_POINT('Ctrl Pts',(4.89927010606823,-1.5365644804165,12.639528111772));
#15022=CARTESIAN_POINT('Ctrl Pts',(4.70040493508782,-1.53693214363863,12.7003346607501));
#15023=CARTESIAN_POINT('Ctrl Pts',(4.49700276018259,-1.53735153383403,12.7295918367347));
#15024=CARTESIAN_POINT('',(5.08425467620876,-2.03968990756207,12.5499999999988));
#15025=CARTESIAN_POINT('Origin',(-1.28505448086912,-1.78796857176928,12.55));
#15026=CARTESIAN_POINT('Ctrl Pts',(4.49700276018258,-2.03858560970452,12.7295918367347));
#15027=CARTESIAN_POINT('Ctrl Pts',(4.70040493384649,-2.03900499989736,12.7003346609286));
#15028=CARTESIAN_POINT('Ctrl Pts',(4.89927012239608,-2.03937266320656,12.6395281721683));
#15029=CARTESIAN_POINT('Ctrl Pts',(5.0842546761985,-2.03968990756202,12.5499999999662));
#15030=CARTESIAN_POINT('Ctrl Pts',(-1.43505448086912,3.81394996285481,12.5228571428571));
#15031=CARTESIAN_POINT('Ctrl Pts',(-1.43505448086912,3.82233215190879,12.5525499937597));
#15032=CARTESIAN_POINT('Ctrl Pts',(-1.43505448086912,3.86397706104112,12.6156615289176));
#15033=CARTESIAN_POINT('Ctrl Pts',(-1.43505448086912,3.93913703449374,12.636468240222));
#15034=CARTESIAN_POINT('Ctrl Pts',(-1.43505448086912,3.97985281089524,12.630612244898));
#15035=CARTESIAN_POINT('Ctrl Pts',(-1.43505448086912,3.7859422054983,12.5307636358346));
#15036=CARTESIAN_POINT('Ctrl Pts',(-1.43505262380728,3.79591048582108,12.5662576469742));
#15037=CARTESIAN_POINT('Ctrl Pts',(-1.43505645014191,3.8453832646344,12.6417886131992));
#15038=CARTESIAN_POINT('Ctrl Pts',(-1.43506376448581,3.93520640651248,12.6671500108801));
#15039=CARTESIAN_POINT('Ctrl Pts',(-1.43505448086912,3.98412898282774,12.660343767999));
#15040=CARTESIAN_POINT('Ctrl Pts',(-1.4587236804333,3.73738425730789,12.5444713765679));
#15041=CARTESIAN_POINT('Ctrl Pts',(-1.45880797886608,3.75008770549544,12.5899480472054));
#15042=CARTESIAN_POINT('Ctrl Pts',(-1.45922297413854,3.81320626436066,12.686950127968));
#15043=CARTESIAN_POINT('Ctrl Pts',(-1.45996257882701,3.92852217623165,12.7202917528445));
#15044=CARTESIAN_POINT('Ctrl Pts',(-1.46036369492286,3.99153332324666,12.7118249342591));
#15045=CARTESIAN_POINT('Ctrl Pts',(-1.50895686962544,3.71870115254251,12.5497455523879));
#15046=CARTESIAN_POINT('Ctrl Pts',(-1.50917375418673,3.73255914632689,12.5990773082122));
#15047=CARTESIAN_POINT('Ctrl Pts',(-1.51024856542682,3.80137206451754,12.7040563955616));
#15048=CARTESIAN_POINT('Ctrl Pts',(-1.51213694672017,3.92620147573582,12.7392336688088));
#15049=CARTESIAN_POINT('Ctrl Pts',(-1.51314385130963,3.99410845848467,12.7297294278169));
#15050=CARTESIAN_POINT('Ctrl Pts',(-1.53076353311639,3.71779980386636,12.55));
#15051=CARTESIAN_POINT('Ctrl Pts',(-1.53101882971146,3.73175872569017,12.5994880848375));
#15052=CARTESIAN_POINT('Ctrl Pts',(-1.53228807428376,3.80111024961507,12.7046739767675));
#15053=CARTESIAN_POINT('Ctrl Pts',(-1.53450155160781,3.92627975291347,12.7393518289415));
#15054=CARTESIAN_POINT('Ctrl Pts',(-1.53567151880436,3.99408866928243,12.7295918367347));
#15055=CARTESIAN_POINT('',(-1.43505448086912,3.82455555609342,12.5499999997699));
#15056=CARTESIAN_POINT('Ctrl Pts',(-1.43505448086912,3.82455555632707,12.55));
#15057=CARTESIAN_POINT('Ctrl Pts',(-1.43505448086912,3.80921406396225,12.55));
#15058=CARTESIAN_POINT('Ctrl Pts',(-1.43786126659549,3.79412254719179,12.55));
#15059=CARTESIAN_POINT('Ctrl Pts',(-1.449082571413,3.76723465919562,12.55));
#15060=CARTESIAN_POINT('Ctrl Pts',(-1.45680855765723,3.75563866749514,12.55));
#15061=CARTESIAN_POINT('Ctrl Pts',(-1.47525111748606,3.73748980108162,12.55));
#15062=CARTESIAN_POINT('Ctrl Pts',(-1.48526755391281,3.73066766604348,12.5500000000432));
#15063=CARTESIAN_POINT('Ctrl Pts',(-1.50719711798881,3.72106094317202,12.5500000000432));
#15064=CARTESIAN_POINT('Ctrl Pts',(-1.51887236211912,3.71833047790793,12.55));
#15065=CARTESIAN_POINT('Ctrl Pts',(-1.53076353311639,3.71779980386636,12.55));
#15066=CARTESIAN_POINT('',(-1.43505448086912,3.97985281089524,12.630612244898));
#15067=CARTESIAN_POINT('Ctrl Pts',(-1.43505448086912,3.82459163828447,12.549981648425));
#15068=CARTESIAN_POINT('Ctrl Pts',(-1.43505448086912,3.83419299558812,12.5688264453641));
#15069=CARTESIAN_POINT('Ctrl Pts',(-1.43505448086912,3.87412846471691,12.6184717657487));
#15070=CARTESIAN_POINT('Ctrl Pts',(-1.43505448086912,3.93913703449374,12.636468240222));
#15071=CARTESIAN_POINT('Ctrl Pts',(-1.43505448086912,3.97985281089524,12.630612244898));
#15072=CARTESIAN_POINT('Origin',(-1.53505448086912,3.97985281089524,12.630612244898));
#15073=CARTESIAN_POINT('Ctrl Pts',(-1.43505448086912,3.97985281089524,12.630612244898));
#15074=CARTESIAN_POINT('Ctrl Pts',(-1.43505448086912,4.17316675038284,12.6028086359343));
#15075=CARTESIAN_POINT('Ctrl Pts',(-1.43505448086912,4.36216466863225,12.5450130797643));
#15076=CARTESIAN_POINT('Ctrl Pts',(-1.43505448086912,4.53796185535196,12.4599146895912));
#15077=CARTESIAN_POINT('Ctrl Pts',(-1.43505448086912,3.98412898282774,12.660343767999));
#15078=CARTESIAN_POINT('Ctrl Pts',(-1.43505115192158,4.18051882047996,12.6321802761461));
#15079=CARTESIAN_POINT('Ctrl Pts',(-1.43505704819787,4.37250827377372,12.573542806658));
#15080=CARTESIAN_POINT('Ctrl Pts',(-1.43505448086912,4.55114107166146,12.4871404590291));
#15081=CARTESIAN_POINT('Ctrl Pts',(-1.46036419179387,3.99153323777049,12.7118243399572));
#15082=CARTESIAN_POINT('Ctrl Pts',(-1.46050802522483,4.19320352098732,12.6830325262198));
#15083=CARTESIAN_POINT('Ctrl Pts',(-1.46063218361095,4.39045820937795,12.622915619671));
#15084=CARTESIAN_POINT('Ctrl Pts',(-1.4607419202138,4.5739541719069,12.5342680114463));
#15085=CARTESIAN_POINT('Ctrl Pts',(-1.51314385130963,3.99410845848467,12.7297294278169));
#15086=CARTESIAN_POINT('Ctrl Pts',(-1.51350491022311,4.19761477415033,12.7005540384777));
#15087=CARTESIAN_POINT('Ctrl Pts',(-1.51381967244486,4.39658318891745,12.6397941626281));
#15088=CARTESIAN_POINT('Ctrl Pts',(-1.51409358698369,4.58169628317404,12.5502617497211));
#15089=CARTESIAN_POINT('Ctrl Pts',(-1.53567151880436,3.99408866928243,12.7295918367347));
#15090=CARTESIAN_POINT('Ctrl Pts',(-1.53609104920398,4.19755884254489,12.7003248799308));
#15091=CARTESIAN_POINT('Ctrl Pts',(-1.53645881803939,4.39648897788958,12.6394874523835));
#15092=CARTESIAN_POINT('Ctrl Pts',(-1.53677613481988,4.58152610780034,12.5499101995697));
#15093=CARTESIAN_POINT('',(-1.43505448086912,4.3176931888174,12.5499999999998));
#15094=CARTESIAN_POINT('Ctrl Pts',(-1.53677581666179,4.58134058528056,12.5499999999185));
#15095=CARTESIAN_POINT('Ctrl Pts',(-1.53098190871114,4.58156956415467,12.5500000008952));
#15096=CARTESIAN_POINT('Ctrl Pts',(-1.52531244170637,4.58063022528661,12.5499846661924));
#15097=CARTESIAN_POINT('Ctrl Pts',(-1.51983829715862,4.57868834750142,12.5499729456681));
#15098=CARTESIAN_POINT('Ctrl Pts',(-1.51431516786999,4.57672909305048,12.5499611202641));
#15099=CARTESIAN_POINT('Ctrl Pts',(-1.50918088525751,4.57381871381935,12.5499526424834));
#15100=CARTESIAN_POINT('Ctrl Pts',(-1.50447380688963,4.57032074721751,12.5499518424073));
#15101=CARTESIAN_POINT('Ctrl Pts',(-1.50359436391497,4.56966720760905,12.5499516929257));
#15102=CARTESIAN_POINT('Ctrl Pts',(-1.50272970870414,4.56899312047769,12.549951743286));
#15103=CARTESIAN_POINT('Ctrl Pts',(-1.50187992853517,4.56830080559017,12.5499519344553));
#15104=CARTESIAN_POINT('Ctrl Pts',(-1.49649731191439,4.56391559426558,12.5499531453466));
#15105=CARTESIAN_POINT('Ctrl Pts',(-1.4916342110389,4.55873830531527,12.5499600415826));
#15106=CARTESIAN_POINT('Ctrl Pts',(-1.48729116907256,4.55318605363972,12.549970707829));
#15107=CARTESIAN_POINT('Ctrl Pts',(-1.48473099044436,4.54991305830873,12.5499769954717));
#15108=CARTESIAN_POINT('Ctrl Pts',(-1.48235050849758,4.5465093938139,12.5499841225402));
#15109=CARTESIAN_POINT('Ctrl Pts',(-1.48014292834264,4.54305741341944,12.5499885040742));
#15110=CARTESIAN_POINT('Ctrl Pts',(-1.47783663354488,4.53945107350563,12.5499930815339));
#15111=CARTESIAN_POINT('Ctrl Pts',(-1.47559018769835,4.53558923992358,12.5499956418182));
#15112=CARTESIAN_POINT('Ctrl Pts',(-1.47341276724407,4.53146662436369,12.5499946041519));
#15113=CARTESIAN_POINT('Ctrl Pts',(-1.46776087265964,4.5207656187261,12.5499919106985));
#15114=CARTESIAN_POINT('Ctrl Pts',(-1.46257179427429,4.50830723924028,12.549967726425));
#15115=CARTESIAN_POINT('Ctrl Pts',(-1.4579362890827,4.49404105671544,12.5499490676725));
#15116=CARTESIAN_POINT('Ctrl Pts',(-1.45649278077608,4.48959853057704,12.5499432572887));
#15117=CARTESIAN_POINT('Ctrl Pts',(-1.4551031976158,4.4849807362282,12.5499376920258));
#15118=CARTESIAN_POINT('Ctrl Pts',(-1.45377099044609,4.48018627717802,12.5499324517319));
#15119=CARTESIAN_POINT('Ctrl Pts',(-1.45030872351476,4.46772598016087,12.549918832757));
#15120=CARTESIAN_POINT('Ctrl Pts',(-1.44710593434929,4.45360778262292,12.5499130861303));
#15121=CARTESIAN_POINT('Ctrl Pts',(-1.4443492356127,4.43761493937768,12.5499157080058));
#15122=CARTESIAN_POINT('Ctrl Pts',(-1.44159249915814,4.42162187731358,12.5499183299171));
#15123=CARTESIAN_POINT('Ctrl Pts',(-1.43928143597402,4.403754052304,12.5499291784044));
#15124=CARTESIAN_POINT('Ctrl Pts',(-1.43764704744476,4.38382340825112,12.5499401293931));
#15125=CARTESIAN_POINT('Ctrl Pts',(-1.4360126589155,4.36389276419825,12.5499510803818));
#15126=CARTESIAN_POINT('Ctrl Pts',(-1.43505451265789,4.34189962411317,12.5499618349957));
#15127=CARTESIAN_POINT('Ctrl Pts',(-1.43505448086912,4.31768286955865,12.5499589653907));
#15128=CARTESIAN_POINT('Ctrl Pts',(-1.43505448086912,3.97985281089524,12.630612244898));
#15129=CARTESIAN_POINT('Ctrl Pts',(-1.43505448086912,4.09460193012323,12.6141083153397));
#15130=CARTESIAN_POINT('Ctrl Pts',(-1.43505448086912,4.20783030591027,12.5870367693406));
#15131=CARTESIAN_POINT('Ctrl Pts',(-1.43505448086912,4.31767969810606,12.5499600358331));
#15132=CARTESIAN_POINT('Origin',(-1.43505448086912,3.71453299268691,12.75));
#15133=CARTESIAN_POINT('',(-1.43505448086912,3.71453299268691,12.55));
#15134=CARTESIAN_POINT('Ctrl Pts',(-6.88697301549321,-1.93796857176928,
12.5228571428571));
#15135=CARTESIAN_POINT('Ctrl Pts',(-6.89535520454719,-1.93796857176928,
12.5525499937597));
#15136=CARTESIAN_POINT('Ctrl Pts',(-6.93700012448945,-1.93796857176928,
12.6156615151058));
#15137=CARTESIAN_POINT('Ctrl Pts',(-7.01216008713213,-1.93796857176928,
12.636468240222));
#15138=CARTESIAN_POINT('Ctrl Pts',(-7.05287586353364,-1.93796857176928,
12.630612244898));
#15139=CARTESIAN_POINT('Ctrl Pts',(-6.85896525813669,-1.93796857176928,
12.5307636358345));
#15140=CARTESIAN_POINT('Ctrl Pts',(-6.86893353845947,-1.93796671470744,
12.5662576469742));
#15141=CARTESIAN_POINT('Ctrl Pts',(-6.91840632691519,-1.93797054174488,
12.6417886032561));
#15142=CARTESIAN_POINT('Ctrl Pts',(-7.00822945915087,-1.93797785538597,
12.6671500108801));
#15143=CARTESIAN_POINT('Ctrl Pts',(-7.05715203546613,-1.93796857176928,
12.660343767999));
#15144=CARTESIAN_POINT('Ctrl Pts',(-6.81041126585434,-1.9616413694267,12.5444702598287));
#15145=CARTESIAN_POINT('Ctrl Pts',(-6.8231147140419,-1.96172566785949,12.5899469304663));
#15146=CARTESIAN_POINT('Ctrl Pts',(-6.88623167156643,-1.96214077833248,
12.6869477337407));
#15147=CARTESIAN_POINT('Ctrl Pts',(-7.00154455319937,-1.96288059738501,
12.7202870550169));
#15148=CARTESIAN_POINT('Ctrl Pts',(-7.06455570021438,-1.96328171348086,
12.7118202364316));
#15149=CARTESIAN_POINT('Ctrl Pts',(-6.7917242051809,-2.0118709605256,12.5497455523879));
#15150=CARTESIAN_POINT('Ctrl Pts',(-6.80558219896528,-2.01208784508688,
12.5990773082122));
#15151=CARTESIAN_POINT('Ctrl Pts',(-6.87439513323776,-2.01316265638266,
12.7040563771922));
#15152=CARTESIAN_POINT('Ctrl Pts',(-6.99922452837421,-2.01505103762033,
12.7392336688088));
#15153=CARTESIAN_POINT('Ctrl Pts',(-7.06713151112307,-2.01605794220979,
12.7297294278169));
#15154=CARTESIAN_POINT('Ctrl Pts',(-6.79082285650474,-2.03367762401655,
12.55));
#15155=CARTESIAN_POINT('Ctrl Pts',(-6.80478177832857,-2.03393292061162,
12.5994880848376));
#15156=CARTESIAN_POINT('Ctrl Pts',(-6.87413332025778,-2.0352021654767,12.7046739537477));
#15157=CARTESIAN_POINT('Ctrl Pts',(-6.99930280555186,-2.03741564250797,
12.7393518289415));
#15158=CARTESIAN_POINT('Ctrl Pts',(-7.06711172192082,-2.03858560970452,
12.7295918367347));
#15159=CARTESIAN_POINT('',(-6.79082285650475,-2.03367762401655,12.55));
#15160=CARTESIAN_POINT('',(-6.89757860873181,-1.93796857176928,12.5499999997699));
#15161=CARTESIAN_POINT('Ctrl Pts',(-6.89757860896547,-1.93796857176928,
12.55));
#15162=CARTESIAN_POINT('Ctrl Pts',(-6.88223711660065,-1.93796857176928,
12.55));
#15163=CARTESIAN_POINT('Ctrl Pts',(-6.86714559983018,-1.94077535749565,
12.55));
#15164=CARTESIAN_POINT('Ctrl Pts',(-6.84025771183401,-1.95199666231316,
12.55));
#15165=CARTESIAN_POINT('Ctrl Pts',(-6.82866172013354,-1.95972264855739,
12.55));
#15166=CARTESIAN_POINT('Ctrl Pts',(-6.81051285372003,-1.9781652083862,12.55));
#15167=CARTESIAN_POINT('Ctrl Pts',(-6.80369071868187,-1.98818164481295,
12.5500000000432));
#15168=CARTESIAN_POINT('Ctrl Pts',(-6.7940839958104,-2.010111208889,12.5500000000432));
#15169=CARTESIAN_POINT('Ctrl Pts',(-6.79135353054632,-2.02178645301929,
12.55));
#15170=CARTESIAN_POINT('Ctrl Pts',(-6.79082285650475,-2.03367762401655,
12.55));
#15171=CARTESIAN_POINT('',(-7.05287586353364,-1.93796857176928,12.630612244898));
#15172=CARTESIAN_POINT('Ctrl Pts',(-6.89761469237953,-1.93796857176928,
12.5499816476836));
#15173=CARTESIAN_POINT('Ctrl Pts',(-6.90721605107737,-1.93796857176928,
12.5688264425413));
#15174=CARTESIAN_POINT('Ctrl Pts',(-6.94715152696987,-1.93796857176928,
12.6184717538756));
#15175=CARTESIAN_POINT('Ctrl Pts',(-7.01216008713213,-1.93796857176928,
12.636468240222));
#15176=CARTESIAN_POINT('Ctrl Pts',(-7.05287586353364,-1.93796857176928,
12.630612244898));
#15177=CARTESIAN_POINT('Origin',(-7.05287586353364,-2.03796857176928,12.630612244898));
#15178=CARTESIAN_POINT('Ctrl Pts',(-7.06711172192082,-2.03858560970452,
12.7295918367347));
#15179=CARTESIAN_POINT('Ctrl Pts',(-6.99930280555186,-2.03741564250797,
12.7393518289415));
#15180=CARTESIAN_POINT('Ctrl Pts',(-6.87413332025778,-2.0352021654767,12.7046739537477));
#15181=CARTESIAN_POINT('Ctrl Pts',(-6.80478177832857,-2.03393292061162,
12.5994880848376));
#15182=CARTESIAN_POINT('Ctrl Pts',(-6.79082285650474,-2.03367762401655,
12.55));
#15183=CARTESIAN_POINT('Ctrl Pts',(-7.05287586353363,-1.93796857176928,
12.630612244898));
#15184=CARTESIAN_POINT('Ctrl Pts',(-7.24618980302123,-1.93796857176928,
12.6028086359343));
#15185=CARTESIAN_POINT('Ctrl Pts',(-7.43518772127064,-1.93796857176928,
12.5450130797643));
#15186=CARTESIAN_POINT('Ctrl Pts',(-7.61098490799035,-1.93796857176928,
12.4599146895912));
#15187=CARTESIAN_POINT('Ctrl Pts',(-7.05715203546613,-1.93796857176928,
12.660343767999));
#15188=CARTESIAN_POINT('Ctrl Pts',(-7.25354187311835,-1.93796524282174,
12.6321802761461));
#15189=CARTESIAN_POINT('Ctrl Pts',(-7.44553132641211,-1.93797113909802,
12.573542806658));
#15190=CARTESIAN_POINT('Ctrl Pts',(-7.62416412429985,-1.93796857176928,
12.4871404590291));
#15191=CARTESIAN_POINT('Ctrl Pts',(-7.06455563219592,-1.96328210887058,
12.7118197635103));
#15192=CARTESIAN_POINT('Ctrl Pts',(-7.26622591541274,-1.96342594230154,
12.6830279497729));
#15193=CARTESIAN_POINT('Ctrl Pts',(-7.46347918282075,-1.9635501736324,12.622911324446));
#15194=CARTESIAN_POINT('Ctrl Pts',(-7.6469751453497,-1.96365991023525,12.5342637162213));
#15195=CARTESIAN_POINT('Ctrl Pts',(-7.06713151112307,-2.01605794220979,
12.7297294278169));
#15196=CARTESIAN_POINT('Ctrl Pts',(-7.27063782678871,-2.01641900112327,
12.7005540384777));
#15197=CARTESIAN_POINT('Ctrl Pts',(-7.46960624155584,-2.01673376334501,
12.6397941626281));
#15198=CARTESIAN_POINT('Ctrl Pts',(-7.65471933581243,-2.01700767788385,
12.5502617497211));
#15199=CARTESIAN_POINT('Ctrl Pts',(-7.06711172192082,-2.03858560970452,
12.7295918367347));
#15200=CARTESIAN_POINT('Ctrl Pts',(-7.27058189518327,-2.03900514010414,
12.7003248799308));
#15201=CARTESIAN_POINT('Ctrl Pts',(-7.46951203052797,-2.03937290893955,
12.6394874523835));
#15202=CARTESIAN_POINT('Ctrl Pts',(-7.65454916043873,-2.03969022572004,
12.5499101995697));
#15203=CARTESIAN_POINT('',(-7.39071624145579,-1.93796857176928,12.5499999999998));
#15204=CARTESIAN_POINT('Ctrl Pts',(-7.65436363791895,-2.03968990756195,
12.5499999999185));
#15205=CARTESIAN_POINT('Ctrl Pts',(-7.65459261679306,-2.0338959996113,12.5500000008952));
#15206=CARTESIAN_POINT('Ctrl Pts',(-7.65365322044908,-2.02822664038261,
12.5499845474688));
#15207=CARTESIAN_POINT('Ctrl Pts',(-7.65171125937432,-2.0227526520459,12.5499726548618));
#15208=CARTESIAN_POINT('Ctrl Pts',(-7.64975186572253,-2.01722952486466,
12.5499606554974));
#15209=CARTESIAN_POINT('Ctrl Pts',(-7.64684127105558,-2.01209530911813,
12.5499519570679));
#15210=CARTESIAN_POINT('Ctrl Pts',(-7.64334306988946,-2.00738831546394,
12.5499509441962));
#15211=CARTESIAN_POINT('Ctrl Pts',(-7.64268960334826,-2.0065090456002,12.549950754991));
#15212=CARTESIAN_POINT('Ctrl Pts',(-7.64201559591822,-2.00564455890048,
12.5499507657327));
#15213=CARTESIAN_POINT('Ctrl Pts',(-7.64132336643291,-2.00479494238386,
12.5499509176511));
#15214=CARTESIAN_POINT('Ctrl Pts',(-7.63693790086494,-1.9994123863693,12.5499518800963));
#15215=CARTESIAN_POINT('Ctrl Pts',(-7.63176031726824,-1.99454936378586,
12.5499585441023));
#15216=CARTESIAN_POINT('Ctrl Pts',(-7.62620778644564,-1.99020638421134,
12.549969029986));
#15217=CARTESIAN_POINT('Ctrl Pts',(-7.62293489690631,-1.98764645381687,
12.5499752107962));
#15218=CARTESIAN_POINT('Ctrl Pts',(-7.61953136473124,-1.98526618539471,
12.5499822480896));
#15219=CARTESIAN_POINT('Ctrl Pts',(-7.6160795313302,-1.98305878300871,12.5499865596147));
#15220=CARTESIAN_POINT('Ctrl Pts',(-7.61247315757874,-1.9807525540866,12.5499910641689));
#15221=CARTESIAN_POINT('Ctrl Pts',(-7.60861129868004,-1.97850615869935,
12.5499935684518));
#15222=CARTESIAN_POINT('Ctrl Pts',(-7.60448866946388,-1.97632876736129,
12.5499924982222));
#15223=CARTESIAN_POINT('Ctrl Pts',(-7.59378796687958,-1.9706771271345,12.5499897203327));
#15224=CARTESIAN_POINT('Ctrl Pts',(-7.58133008068533,-1.96548812974084,
12.5499656111473));
#15225=CARTESIAN_POINT('Ctrl Pts',(-7.56706455253248,-1.96085258198151,
12.5499471207503));
#15226=CARTESIAN_POINT('Ctrl Pts',(-7.56262163837277,-1.95940886811706,
12.5499413620258));
#15227=CARTESIAN_POINT('Ctrl Pts',(-7.55800342487508,-1.95801908177533,
12.5499358575469));
#15228=CARTESIAN_POINT('Ctrl Pts',(-7.55320851396597,-1.95668667673964,
12.5499306851383));
#15229=CARTESIAN_POINT('Ctrl Pts',(-7.54074943587378,-1.95322456061177,
12.5499172451717));
#15230=CARTESIAN_POINT('Ctrl Pts',(-7.52663278353959,-1.95002182544616,
12.5499117318773));
#15231=CARTESIAN_POINT('Ctrl Pts',(-7.51064184637327,-1.94726506825606,
12.5499146019145));
#15232=CARTESIAN_POINT('Ctrl Pts',(-7.49464851963148,-1.94450789911517,
12.5499174723805));
#15233=CARTESIAN_POINT('Ctrl Pts',(-7.4767802807794,-1.94219641049673,12.5499285873126));
#15234=CARTESIAN_POINT('Ctrl Pts',(-7.45684901355497,-1.94056169482095,
12.5499397525294));
#15235=CARTESIAN_POINT('Ctrl Pts',(-7.43691774633053,-1.93892697914518,
12.5499509177461));
#15236=CARTESIAN_POINT('Ctrl Pts',(-7.41492377244204,-1.93796860355949,
12.5499618351255));
#15237=CARTESIAN_POINT('Ctrl Pts',(-7.39070592219704,-1.93796857176928,
12.5499589653907));
#15238=CARTESIAN_POINT('Ctrl Pts',(-7.05287586353363,-1.93796857176928,
12.630612244898));
#15239=CARTESIAN_POINT('Ctrl Pts',(-7.16762498276162,-1.93796857176928,
12.6141083153397));
#15240=CARTESIAN_POINT('Ctrl Pts',(-7.28085335854865,-1.93796857176928,
12.5870367693406));
#15241=CARTESIAN_POINT('Ctrl Pts',(-7.39070275074444,-1.93796857176928,
12.5499600358331));
#15242=CARTESIAN_POINT('Origin',(-6.78551114071499,-1.93796857176928,12.75));
#15243=CARTESIAN_POINT('',(-8.86660683940325,-1.93796857176928,12.55));
#15244=CARTESIAN_POINT('Ctrl Pts',(-7.6109201933587,-1.63796857176928,12.4599460145837));
#15245=CARTESIAN_POINT('Ctrl Pts',(-7.43514135672349,-1.63796857176928,
12.5450273197157));
#15246=CARTESIAN_POINT('Ctrl Pts',(-7.24616608226667,-1.63796857176928,
12.6028120476002));
#15247=CARTESIAN_POINT('Ctrl Pts',(-7.05287586353364,-1.63796857176928,
12.630612244898));
#15248=CARTESIAN_POINT('Ctrl Pts',(-7.62409837069897,-1.63796857176928,
12.4871722622094));
#15249=CARTESIAN_POINT('Ctrl Pts',(-7.44548422280624,-1.63796600466138,
12.5735572543461));
#15250=CARTESIAN_POINT('Ctrl Pts',(-7.25351777493304,-1.63797190030833,
12.6321837319717));
#15251=CARTESIAN_POINT('Ctrl Pts',(-7.05715203546613,-1.63796857176928,
12.660343767999));
#15252=CARTESIAN_POINT('Ctrl Pts',(-7.64690784083198,-1.61227773595526,
12.5342968581241));
#15253=CARTESIAN_POINT('Ctrl Pts',(-7.46343104216603,-1.61238746324237,
12.6229266463139));
#15254=CARTESIAN_POINT('Ctrl Pts',(-7.26620124736543,-1.61251167276135,
12.6830320255723));
#15255=CARTESIAN_POINT('Ctrl Pts',(-7.06455571027556,-1.6126554885431,12.7118203063853));
#15256=CARTESIAN_POINT('Ctrl Pts',(-7.65465119480309,-1.5589295662357,12.5502947057192));
#15257=CARTESIAN_POINT('Ctrl Pts',(-7.46955742782587,-1.55920345768576,
12.6398091333274));
#15258=CARTESIAN_POINT('Ctrl Pts',(-7.2706128553698,-1.55951818671933,12.7005576184691));
#15259=CARTESIAN_POINT('Ctrl Pts',(-7.06713151112307,-1.55987920132877,
12.7297294278169));
#15260=CARTESIAN_POINT('Ctrl Pts',(-7.65448104439026,-1.53624703463067,
12.549943173246));
#15261=CARTESIAN_POINT('Ctrl Pts',(-7.46946322943317,-1.53656432476553,
12.639502441806));
#15262=CARTESIAN_POINT('Ctrl Pts',(-7.27055692819925,-1.53693205491325,
12.7003284711581));
#15263=CARTESIAN_POINT('Ctrl Pts',(-7.06711172192082,-1.53735153383403,
12.7295918367347));
#15264=CARTESIAN_POINT('',(-7.3907162503362,-1.63796857176928,12.5499999985006));
#15265=CARTESIAN_POINT('Ctrl Pts',(-7.39070592985567,-1.63796857176928,
12.5499589897507));
#15266=CARTESIAN_POINT('Ctrl Pts',(-7.41523579977098,-1.63796853948389,
12.5499618973645));
#15267=CARTESIAN_POINT('Ctrl Pts',(-7.4376760182333,-1.63698494467219,12.5499492458924));
#15268=CARTESIAN_POINT('Ctrl Pts',(-7.45814562046105,-1.6352683369209,12.5499373502637));
#15269=CARTESIAN_POINT('Ctrl Pts',(-7.4789121453475,-1.63352682884512,12.5499252820824));
#15270=CARTESIAN_POINT('Ctrl Pts',(-7.49765008660698,-1.63103050372091,
12.5499144250921));
#15271=CARTESIAN_POINT('Ctrl Pts',(-7.51450477428185,-1.62799131232199,
12.549913699433));
#15272=CARTESIAN_POINT('Ctrl Pts',(-7.53191582347909,-1.62485179932791,
12.5499129498205));
#15273=CARTESIAN_POINT('Ctrl Pts',(-7.54731708936219,-1.62113271299928,
12.5499233253285));
#15274=CARTESIAN_POINT('Ctrl Pts',(-7.56089526755666,-1.61702000608901,
12.5499401418973));
#15275=CARTESIAN_POINT('Ctrl Pts',(-7.56904191148103,-1.61455246160083,
12.5499502315128));
#15276=CARTESIAN_POINT('Ctrl Pts',(-7.57653281497009,-1.61194233282405,
12.5499623278424));
#15277=CARTESIAN_POINT('Ctrl Pts',(-7.5834127275687,-1.60922260695444,12.549972531628));
#15278=CARTESIAN_POINT('Ctrl Pts',(-7.59106447623753,-1.60619776346928,
12.5499838801445));
#15279=CARTESIAN_POINT('Ctrl Pts',(-7.59809008424355,-1.60298681758027,
12.5499922384567));
#15280=CARTESIAN_POINT('Ctrl Pts',(-7.60448956898655,-1.5996086020119,12.5499924056631));
#15281=CARTESIAN_POINT('Ctrl Pts',(-7.61522100537188,-1.59394359819928,
12.5499926860551));
#15282=CARTESIAN_POINT('Ctrl Pts',(-7.62419158150248,-1.58780967135063,
12.5499727797602));
#15283=CARTESIAN_POINT('Ctrl Pts',(-7.63144475559711,-1.58136782583522,
12.5499617132166));
#15284=CARTESIAN_POINT('Ctrl Pts',(-7.63243700334612,-1.58048656934961,
12.5499601992928));
#15285=CARTESIAN_POINT('Ctrl Pts',(-7.63339711483673,-1.57959951426917,
12.5499587799663));
#15286=CARTESIAN_POINT('Ctrl Pts',(-7.63432520485586,-1.57870704126068,
12.5499574621144));
#15287=CARTESIAN_POINT('Ctrl Pts',(-7.63870336744976,-1.5744968979973,12.5499512452926));
#15288=CARTESIAN_POINT('Ctrl Pts',(-7.64272104392313,-1.56982744128902,
12.5499474734932));
#15289=CARTESIAN_POINT('Ctrl Pts',(-7.64600008793898,-1.56470873241121,
12.5499528326337));
#15290=CARTESIAN_POINT('Ctrl Pts',(-7.64739372268101,-1.56253321708055,
12.5499551103354));
#15291=CARTESIAN_POINT('Ctrl Pts',(-7.64865374521433,-1.5602770517747,12.5499587858499));
#15292=CARTESIAN_POINT('Ctrl Pts',(-7.64975030392738,-1.55794352907227,
12.5499630562979));
#15293=CARTESIAN_POINT('Ctrl Pts',(-7.65137536674803,-1.55448532757363,
12.549969384957));
#15294=CARTESIAN_POINT('Ctrl Pts',(-7.65262871302606,-1.55088034445468,
12.5499780563146));
#15295=CARTESIAN_POINT('Ctrl Pts',(-7.65342246185409,-1.54714570977106,
12.5499858927506));
#15296=CARTESIAN_POINT('Ctrl Pts',(-7.6541860194459,-1.54355312662061,12.5499934311178));
#15297=CARTESIAN_POINT('Ctrl Pts',(-7.65450854455208,-1.53991383124788,
12.5500000003586));
#15298=CARTESIAN_POINT('Ctrl Pts',(-7.65436363793431,-1.53624723597653,
12.5499999999674));
#15299=CARTESIAN_POINT('',(-7.05287586353364,-1.63796857176928,12.630612244898));
#15300=CARTESIAN_POINT('Ctrl Pts',(-7.39070276733738,-1.63796857176928,
12.5499600571774));
#15301=CARTESIAN_POINT('Ctrl Pts',(-7.28085337097015,-1.63796857176928,
12.5870367878542));
#15302=CARTESIAN_POINT('Ctrl Pts',(-7.16762498587257,-1.63796857176928,
12.6141083148922));
#15303=CARTESIAN_POINT('Ctrl Pts',(-7.05287586353364,-1.63796857176928,
12.630612244898));
#15304=CARTESIAN_POINT('Origin',(-7.05287586353364,-1.53796857176928,12.630612244898));
#15305=CARTESIAN_POINT('Ctrl Pts',(-7.05287586353364,-1.63796857176928,
12.630612244898));
#15306=CARTESIAN_POINT('Ctrl Pts',(-7.02233903123247,-1.63796857176928,
12.635004241391));
#15307=CARTESIAN_POINT('Ctrl Pts',(-6.94775243568381,-1.63796857176928,
12.6226370184842));
#15308=CARTESIAN_POINT('Ctrl Pts',(-6.89814926756518,-1.63796857176928,
12.5624476107272));
#15309=CARTESIAN_POINT('Ctrl Pts',(-6.88697301549321,-1.63796857176928,
12.5228571428571));
#15310=CARTESIAN_POINT('Ctrl Pts',(-7.05715203546613,-1.63796857176928,
12.660343767999));
#15311=CARTESIAN_POINT('Ctrl Pts',(-7.02046010322964,-1.63796160905676,
12.6654484501598));
#15312=CARTESIAN_POINT('Ctrl Pts',(-6.9311727845857,-1.63795780541428,12.6501741891177));
#15313=CARTESIAN_POINT('Ctrl Pts',(-6.87225629856707,-1.63797104785173,
12.5780889840208));
#15314=CARTESIAN_POINT('Ctrl Pts',(-6.85896525813669,-1.63796857176928,
12.5307636358346));
#15315=CARTESIAN_POINT('Ctrl Pts',(-7.06455577930735,-1.61265588982329,
12.711820786352));
#15316=CARTESIAN_POINT('Ctrl Pts',(-7.01729741904604,-1.61295672689517,
12.7181709002911));
#15317=CARTESIAN_POINT('Ctrl Pts',(-6.90259301229887,-1.61369228273203,
12.6978476535711));
#15318=CARTESIAN_POINT('Ctrl Pts',(-6.82734873369856,-1.61418379738873,
12.6051059514026));
#15319=CARTESIAN_POINT('Ctrl Pts',(-6.81041080278182,-1.61429619529912,
12.5444703905525));
#15320=CARTESIAN_POINT('Ctrl Pts',(-7.06713151112307,-1.55987920132877,
12.7297294278169));
#15321=CARTESIAN_POINT('Ctrl Pts',(-7.01620127406137,-1.56063437977086,
12.7368576085608));
#15322=CARTESIAN_POINT('Ctrl Pts',(-6.89216882344986,-1.56250101730714,
12.7157179013699));
#15323=CARTESIAN_POINT('Ctrl Pts',(-6.81020153022674,-1.56377700359791,
12.6155212268203));
#15324=CARTESIAN_POINT('Ctrl Pts',(-6.79172420518091,-1.56406618301295,
12.5497455523879));
#15325=CARTESIAN_POINT('Ctrl Pts',(-7.06711172192082,-1.53735153383403,
12.7295918367347));
#15326=CARTESIAN_POINT('Ctrl Pts',(-7.01625503464404,-1.53822900923145,
12.7369118308898));
#15327=CARTESIAN_POINT('Ctrl Pts',(-6.89203942135846,-1.54041037885692,
12.7162997927118));
#15328=CARTESIAN_POINT('Ctrl Pts',(-6.80943475226985,-1.54191912406191,
12.6159841131167));
#15329=CARTESIAN_POINT('Ctrl Pts',(-6.79082285650475,-1.542259519522,12.55));
#15330=CARTESIAN_POINT('',(-6.89757860882816,-1.63796857176928,12.5499999998648));
#15331=CARTESIAN_POINT('Ctrl Pts',(-6.79082285650475,-1.542259519522,12.55));
#15332=CARTESIAN_POINT('Ctrl Pts',(-6.7911577199192,-1.54976302979394,12.55));
#15333=CARTESIAN_POINT('Ctrl Pts',(-6.79239174274866,-1.55718237035435,
12.5499888591129));
#15334=CARTESIAN_POINT('Ctrl Pts',(-6.79444988872095,-1.56437793083446,
12.5499865613514));
#15335=CARTESIAN_POINT('Ctrl Pts',(-6.79583526513802,-1.56922139671637,
12.5499850146854));
#15336=CARTESIAN_POINT('Ctrl Pts',(-6.79759486821214,-1.57396372832477,
12.5499866288512));
#15337=CARTESIAN_POINT('Ctrl Pts',(-6.79971423659256,-1.57856093400676,
12.549987413439));
#15338=CARTESIAN_POINT('Ctrl Pts',(-6.80282915194191,-1.58531761994924,
12.5499885665771));
#15339=CARTESIAN_POINT('Ctrl Pts',(-6.80667937275877,-1.59167398490174,
12.5499885945504));
#15340=CARTESIAN_POINT('Ctrl Pts',(-6.81120012160777,-1.5975096282346,12.5499918677707));
#15341=CARTESIAN_POINT('Ctrl Pts',(-6.81244950404426,-1.59912240313743,
12.5499927723783));
#15342=CARTESIAN_POINT('Ctrl Pts',(-6.81375028131509,-1.60069537933076,
12.5499936784749));
#15343=CARTESIAN_POINT('Ctrl Pts',(-6.81510146978915,-1.60222589575642,
12.5499941024239));
#15344=CARTESIAN_POINT('Ctrl Pts',(-6.81728225773084,-1.60469611499654,
12.5499947866681));
#15345=CARTESIAN_POINT('Ctrl Pts',(-6.81959431250346,-1.60705578508988,
12.5499942869352));
#15346=CARTESIAN_POINT('Ctrl Pts',(-6.82202656549997,-1.60930140752606,
12.5499916531612));
#15347=CARTESIAN_POINT('Ctrl Pts',(-6.82736100177952,-1.61422652420221,
12.5499858767475));
#15348=CARTESIAN_POINT('Ctrl Pts',(-6.83320139119639,-1.61854038007292,
12.5499700367392));
#15349=CARTESIAN_POINT('Ctrl Pts',(-6.83942609481044,-1.62223478762985,
12.5499646081651));
#15350=CARTESIAN_POINT('Ctrl Pts',(-6.84464371425483,-1.62533148329598,
12.5499600578707));
#15351=CARTESIAN_POINT('Ctrl Pts',(-6.85013240973134,-1.62799287517555,
12.5499619520037));
#15352=CARTESIAN_POINT('Ctrl Pts',(-6.85583378230614,-1.63020426817279,
12.5499596088547));
#15353=CARTESIAN_POINT('Ctrl Pts',(-6.86250516447747,-1.63279189906729,
12.5499568670513));
#15354=CARTESIAN_POINT('Ctrl Pts',(-6.86937445411703,-1.63472852785485,
12.5499449534173));
#15355=CARTESIAN_POINT('Ctrl Pts',(-6.87636778777207,-1.6360226187907,12.54994309187));
#15356=CARTESIAN_POINT('Ctrl Pts',(-6.88336112142711,-1.63731670972655,
12.5499412303227));
#15357=CARTESIAN_POINT('Ctrl Pts',(-6.89047953828121,-1.63796863275871,
12.5499488339518));
#15358=CARTESIAN_POINT('Ctrl Pts',(-6.89766432961411,-1.63796857176928,
12.5499370923893));
#15359=CARTESIAN_POINT('Ctrl Pts',(-7.05287586353364,-1.63796857176928,
12.630612244898));
#15360=CARTESIAN_POINT('Ctrl Pts',(-7.02233903123247,-1.63796857176928,
12.635004241391));
#15361=CARTESIAN_POINT('Ctrl Pts',(-6.95783834843091,-1.63796857176928,
12.6243093663135));
#15362=CARTESIAN_POINT('Ctrl Pts',(-6.91202120163264,-1.63796857176928,
12.5778512832092));
#15363=CARTESIAN_POINT('Ctrl Pts',(-6.89767220562642,-1.63796857176928,
12.5499524079469));
#15364=CARTESIAN_POINT('Origin',(-8.86660683940325,-1.63796857176928,12.75));
#15365=CARTESIAN_POINT('',(-6.76660683940325,-1.63796857176928,12.55));
#15366=CARTESIAN_POINT('Ctrl Pts',(-1.13505448086912,-7.5557899544338,12.630612244898));
#15367=CARTESIAN_POINT('Ctrl Pts',(-1.13505448086912,-7.74910389392139,
12.6028086359343));
#15368=CARTESIAN_POINT('Ctrl Pts',(-1.13505448086912,-7.93810181217081,
12.5450130797643));
#15369=CARTESIAN_POINT('Ctrl Pts',(-1.13505448086912,-8.11389899889051,
12.4599146895912));
#15370=CARTESIAN_POINT('Ctrl Pts',(-1.13505448086912,-7.56006612636629,
12.660343767999));
#15371=CARTESIAN_POINT('Ctrl Pts',(-1.13505780981666,-7.75645596401851,
12.6321802761461));
#15372=CARTESIAN_POINT('Ctrl Pts',(-1.13505191354037,-7.94844541731227,
12.573542806658));
#15373=CARTESIAN_POINT('Ctrl Pts',(-1.13505448086912,-8.12707821520001,
12.4871404590291));
#15374=CARTESIAN_POINT('Ctrl Pts',(-1.10974139760878,-7.56746980116985,
12.7118203063444));
#15375=CARTESIAN_POINT('Ctrl Pts',(-1.10959756417782,-7.76914008438667,
12.683028492607));
#15376=CARTESIAN_POINT('Ctrl Pts',(-1.10947334149928,-7.96639352034417,
12.622911833923));
#15377=CARTESIAN_POINT('Ctrl Pts',(-1.10936360489643,-8.14988948287311,
12.5342642256983));
#15378=CARTESIAN_POINT('Ctrl Pts',(-1.05696511042861,-7.57004560202323,
12.7297294278169));
#15379=CARTESIAN_POINT('Ctrl Pts',(-1.05660405151512,-7.77355191768888,
12.7005540384777));
#15380=CARTESIAN_POINT('Ctrl Pts',(-1.05628928929338,-7.972520332456,12.6397941626281));
#15381=CARTESIAN_POINT('Ctrl Pts',(-1.05601537475455,-8.15763342671259,
12.5502617497211));
#15382=CARTESIAN_POINT('Ctrl Pts',(-1.03443744293388,-7.57002581282098,
12.7295918367347));
#15383=CARTESIAN_POINT('Ctrl Pts',(-1.03401791253425,-7.77349598608344,
12.7003248799308));
#15384=CARTESIAN_POINT('Ctrl Pts',(-1.03365014369884,-7.97242612142814,
12.6394874523835));
#15385=CARTESIAN_POINT('Ctrl Pts',(-1.03333282691836,-8.15746325133888,
12.5499101995697));
#15386=CARTESIAN_POINT('Ctrl Pts',(-1.03333314507645,-8.15727772881911,
12.5499999999185));
#15387=CARTESIAN_POINT('Ctrl Pts',(-1.0391270530271,-8.15750670769321,12.5500000008952));
#15388=CARTESIAN_POINT('Ctrl Pts',(-1.04479642503961,-8.15656731816672,
12.5499845615511));
#15389=CARTESIAN_POINT('Ctrl Pts',(-1.05027043190526,-8.15462536697134,
12.5499726893557));
#15390=CARTESIAN_POINT('Ctrl Pts',(-1.0557935593901,-8.15266598981221,12.549960710626));
#15391=CARTESIAN_POINT('Ctrl Pts',(-1.06092778311427,-8.14975542066242,
12.5499520383694));
#15392=CARTESIAN_POINT('Ctrl Pts',(-1.06563478685452,-8.14625724727443,
12.5499510507391));
#15393=CARTESIAN_POINT('Ctrl Pts',(-1.06651407720428,-8.14560377209752,
12.5499508662452));
#15394=CARTESIAN_POINT('Ctrl Pts',(-1.06737858384599,-8.14492975524718,
12.5499508816856));
#15395=CARTESIAN_POINT('Ctrl Pts',(-1.06822821972984,-8.14423751566728,
12.5499510382591));
#15396=CARTESIAN_POINT('Ctrl Pts',(-1.07361078299012,-8.13985208021091,
12.5499520301745));
#15397=CARTESIAN_POINT('Ctrl Pts',(-1.0784738149061,-8.13467453150172,12.5499587217272));
#15398=CARTESIAN_POINT('Ctrl Pts',(-1.08281680191613,-8.12912203372437,
12.549969229005));
#15399=CARTESIAN_POINT('Ctrl Pts',(-1.08537676170227,-8.12584913168948,
12.5499754224863));
#15400=CARTESIAN_POINT('Ctrl Pts',(-1.08775705540576,-8.12244558387849,
12.5499824704275));
#15401=CARTESIAN_POINT('Ctrl Pts',(-1.08996447883833,-8.11899373310284,
12.5499867902562));
#15402=CARTESIAN_POINT('Ctrl Pts',(-1.09227071557427,-8.11538736336502,
12.5499913034582));
#15403=CARTESIAN_POINT('Ctrl Pts',(-1.09451711694674,-8.11152550746924,
12.5499938143836));
#15404=CARTESIAN_POINT('Ctrl Pts',(-1.0966945117384,-8.10740287987293,12.5499927480165));
#15405=CARTESIAN_POINT('Ctrl Pts',(-1.10234618213534,-8.09670214134225,
12.5499899801421));
#15406=CARTESIAN_POINT('Ctrl Pts',(-1.10753518913637,-8.08424419663745,
12.5499658620509));
#15407=CARTESIAN_POINT('Ctrl Pts',(-1.11217073184758,-8.06997859086816,
12.5499473516857));
#15408=CARTESIAN_POINT('Ctrl Pts',(-1.11361442132958,-8.06553572273243,
12.5499415868332));
#15409=CARTESIAN_POINT('Ctrl Pts',(-1.11500418357058,-8.06091755895094,
12.5499360751439));
#15410=CARTESIAN_POINT('Ctrl Pts',(-1.11633656513594,-8.05612270163802,
12.5499308946824));
#15411=CARTESIAN_POINT('Ctrl Pts',(-1.11979869916432,-8.043663478923,12.5499174334844));
#15412=CARTESIAN_POINT('Ctrl Pts',(-1.12300144074761,-8.02954664325543,
12.5499118925161));
#15413=CARTESIAN_POINT('Ctrl Pts',(-1.12575819101372,-8.01355547993923,
12.5499147331203));
#15414=CARTESIAN_POINT('Ctrl Pts',(-1.12851530882303,-7.99756218460426,
12.5499175741032));
#15415=CARTESIAN_POINT('Ctrl Pts',(-1.13082674697018,-7.97969399485759,
12.5499286574295));
#15416=CARTESIAN_POINT('Ctrl Pts',(-1.13246142383497,-7.95976280157508,
12.5499397972341));
#15417=CARTESIAN_POINT('Ctrl Pts',(-1.13409610069976,-7.93983160829258,
12.5499509370386));
#15418=CARTESIAN_POINT('Ctrl Pts',(-1.13505444907908,-7.9178377333371,12.5499618351101));
#15419=CARTESIAN_POINT('Ctrl Pts',(-1.13505448086912,-7.8936200130972,12.5499589653907));
#15420=CARTESIAN_POINT('Ctrl Pts',(-1.43505448086912,-8.11383428425886,
12.4599460145837));
#15421=CARTESIAN_POINT('Ctrl Pts',(-1.43505448086912,-7.93805544762364,
12.5450273197157));
#15422=CARTESIAN_POINT('Ctrl Pts',(-1.43505448086912,-7.74908017316683,
12.6028120476002));
#15423=CARTESIAN_POINT('Ctrl Pts',(-1.43505448086912,-7.55578995443379,
12.630612244898));
#15424=CARTESIAN_POINT('Ctrl Pts',(-1.43505448086912,-8.12701246159913,
12.4871722622094));
#15425=CARTESIAN_POINT('Ctrl Pts',(-1.43505704797701,-7.94839831370639,
12.5735572543461));
#15426=CARTESIAN_POINT('Ctrl Pts',(-1.43505115233006,-7.7564318658332,12.6321837319717));
#15427=CARTESIAN_POINT('Ctrl Pts',(-1.43505448086912,-7.56006612636628,
12.660343767999));
#15428=CARTESIAN_POINT('Ctrl Pts',(-1.460745779176,-8.14982168512869,12.5342963486389));
#15429=CARTESIAN_POINT('Ctrl Pts',(-1.46063605188889,-7.96634488646273,
12.6229261368287));
#15430=CARTESIAN_POINT('Ctrl Pts',(-1.4605118337185,-7.76911526019173,12.6830314827377));
#15431=CARTESIAN_POINT('Ctrl Pts',(-1.46036801793675,-7.56746972310187,
12.7118197635506));
#15432=CARTESIAN_POINT('Ctrl Pts',(-1.5140934864027,-8.15756528570325,12.5502947057192));
#15433=CARTESIAN_POINT('Ctrl Pts',(-1.51381959495263,-7.97247151872603,
12.6398091333274));
#15434=CARTESIAN_POINT('Ctrl Pts',(-1.51350486591907,-7.77352694626995,
12.7005576184691));
#15435=CARTESIAN_POINT('Ctrl Pts',(-1.51314385130963,-7.57004560202322,
12.7297294278169));
#15436=CARTESIAN_POINT('Ctrl Pts',(-1.53677601800772,-8.15739513529042,
12.549943173246));
#15437=CARTESIAN_POINT('Ctrl Pts',(-1.53645872787286,-7.97237732033332,
12.639502441806));
#15438=CARTESIAN_POINT('Ctrl Pts',(-1.53609099772514,-7.77347101909939,
12.7003284711581));
#15439=CARTESIAN_POINT('Ctrl Pts',(-1.53567151880436,-7.57002581282097,
12.7295918367347));
#15440=CARTESIAN_POINT('',(-1.43505448086912,-7.89363034123635,12.5499999985006));
#15441=CARTESIAN_POINT('Ctrl Pts',(-1.43505448086912,-7.89362002075582,
12.5499589897507));
#15442=CARTESIAN_POINT('Ctrl Pts',(-1.43505451315389,-7.91814942859776,
12.5499618973097));
#15443=CARTESIAN_POINT('Ctrl Pts',(-1.43603808853157,-7.94058925638498,
12.5499492266098));
#15444=CARTESIAN_POINT('Ctrl Pts',(-1.43775465988554,-7.96105853577353,
12.5499373047561));
#15445=CARTESIAN_POINT('Ctrl Pts',(-1.43949613746201,-7.98182480976452,
12.5499252099248));
#15446=CARTESIAN_POINT('Ctrl Pts',(-1.44199242016708,-8.00056255515447,
12.5499143189757));
#15447=CARTESIAN_POINT('Ctrl Pts',(-1.44503155726372,-8.01741709914483,
12.5499135612074));
#15448=CARTESIAN_POINT('Ctrl Pts',(-1.44817102725392,-8.03482807251453,
12.5499127784224));
#15449=CARTESIAN_POINT('Ctrl Pts',(-1.45189006270609,-8.05022930155947,
12.5499231227629));
#15450=CARTESIAN_POINT('Ctrl Pts',(-1.45600270908573,-8.06380747856454,
12.549939917659));
#15451=CARTESIAN_POINT('Ctrl Pts',(-1.45847042372041,-8.07195480342902,
12.5499499951146));
#15452=CARTESIAN_POINT('Ctrl Pts',(-1.46108074298336,-8.07944629085824,
12.5499620830231));
#15453=CARTESIAN_POINT('Ctrl Pts',(-1.46380067138773,-8.08632670060015,
12.549972282343));
#15454=CARTESIAN_POINT('Ctrl Pts',(-1.46682552023951,-8.0939784459454,12.5499836250686));
#15455=CARTESIAN_POINT('Ctrl Pts',(-1.47003646687767,-8.10100405312713,
12.5499919826666));
#15456=CARTESIAN_POINT('Ctrl Pts',(-1.4734146770878,-8.10740354038347,12.5499921558656));
#15457=CARTESIAN_POINT('Ctrl Pts',(-1.47907971723989,-8.11813506684424,
12.5499924463092));
#15458=CARTESIAN_POINT('Ctrl Pts',(-1.48521367084294,-8.12710571421725,
12.5499725685291));
#15459=CARTESIAN_POINT('Ctrl Pts',(-1.49165554174604,-8.13435893529857,
12.5499615362899));
#15460=CARTESIAN_POINT('Ctrl Pts',(-1.49253674311368,-8.13535112350488,
12.5499600271594));
#15461=CARTESIAN_POINT('Ctrl Pts',(-1.49342374227899,-8.13631117927258,
12.5499586127215));
#15462=CARTESIAN_POINT('Ctrl Pts',(-1.49431615867142,-8.13723921735245,
12.5499572998196));
#15463=CARTESIAN_POINT('Ctrl Pts',(-1.49852629586225,-8.14161740635445,
12.549951105965));
#15464=CARTESIAN_POINT('Ctrl Pts',(-1.50319574632539,-8.14563510858487,
12.5499473609202));
#15465=CARTESIAN_POINT('Ctrl Pts',(-1.50831445252035,-8.14891417158135,
12.5499527463291));
#15466=CARTESIAN_POINT('Ctrl Pts',(-1.51048994110783,-8.15030779798903,
12.5499550351683));
#15467=CARTESIAN_POINT('Ctrl Pts',(-1.5127460784448,-8.15156781408393,12.5499587216502));
#15468=CARTESIAN_POINT('Ctrl Pts',(-1.5150795725245,-8.15266436872518,12.5499630023644));
#15469=CARTESIAN_POINT('Ctrl Pts',(-1.51853776016532,-8.15428943893248,
12.5499693462899));
#15470=CARTESIAN_POINT('Ctrl Pts',(-1.52214273087137,-8.15554279182916,
12.5499780313217));
#15471=CARTESIAN_POINT('Ctrl Pts',(-1.52587735662359,-8.15633654541938,
12.5499858775966));
#15472=CARTESIAN_POINT('Ctrl Pts',(-1.52946993118237,-8.15710010759224,
12.5499934254285));
#15473=CARTESIAN_POINT('Ctrl Pts',(-1.53310922139052,-8.15742263545224,
12.5500000003586));
#15474=CARTESIAN_POINT('Ctrl Pts',(-1.53677581666186,-8.15727772883446,
12.5499999999674));
#15475=CARTESIAN_POINT('',(-1.43505448086912,-7.55578995443379,12.630612244898));
#15476=CARTESIAN_POINT('Ctrl Pts',(-1.43505448086912,-7.89361685823753,
12.5499600571774));
#15477=CARTESIAN_POINT('Ctrl Pts',(-1.43505448086912,-7.7837674618703,12.5870367878542));
#15478=CARTESIAN_POINT('Ctrl Pts',(-1.43505448086912,-7.67053907677273,
12.6141083148922));
#15479=CARTESIAN_POINT('Ctrl Pts',(-1.43505448086912,-7.55578995443379,
12.630612244898));
#15480=CARTESIAN_POINT('Origin',(-1.53505448086912,-7.55578995443379,12.630612244898));
#15481=CARTESIAN_POINT('Ctrl Pts',(-1.43505448086912,-7.55578995443379,
12.630612244898));
#15482=CARTESIAN_POINT('Ctrl Pts',(-1.43505448086912,-7.52525312213264,
12.635004241391));
#15483=CARTESIAN_POINT('Ctrl Pts',(-1.43505448086912,-7.45066652749462,
12.6226370167879));
#15484=CARTESIAN_POINT('Ctrl Pts',(-1.43505448086912,-7.40106335846534,
12.5624476107272));
#15485=CARTESIAN_POINT('Ctrl Pts',(-1.43505448086912,-7.38988710639337,
12.5228571428571));
#15486=CARTESIAN_POINT('Ctrl Pts',(-1.43505448086912,-7.56006612636628,
12.660343767999));
#15487=CARTESIAN_POINT('Ctrl Pts',(-1.43506144358164,-7.52337419412982,
12.6654484501598));
#15488=CARTESIAN_POINT('Ctrl Pts',(-1.43506524739844,-7.43408687589563,
12.6501741875462));
#15489=CARTESIAN_POINT('Ctrl Pts',(-1.43505200478667,-7.37517038946722,
12.5780889840208));
#15490=CARTESIAN_POINT('Ctrl Pts',(-1.43505448086912,-7.36187934903685,
12.5307636358346));
#15491=CARTESIAN_POINT('Ctrl Pts',(-1.4603676225807,-7.56746979111453,12.7118202364316));
#15492=CARTESIAN_POINT('Ctrl Pts',(-1.46006678550882,-7.52021143085325,
12.7181703503706));
#15493=CARTESIAN_POINT('Ctrl Pts',(-1.4593312161213,-7.4055072158435,12.6978472475717));
#15494=CARTESIAN_POINT('Ctrl Pts',(-1.45883967643693,-7.33026328767124,
12.6051058206788));
#15495=CARTESIAN_POINT('Ctrl Pts',(-1.45872727852655,-7.3133253567545,12.5444702598287));
#15496=CARTESIAN_POINT('Ctrl Pts',(-1.51314385130963,-7.57004560202322,
12.7297294278169));
#15497=CARTESIAN_POINT('Ctrl Pts',(-1.51238867286753,-7.51911536496155,
12.7368576085608));
#15498=CARTESIAN_POINT('Ctrl Pts',(-1.51052203530356,-7.39508291546614,
12.7157178988837));
#15499=CARTESIAN_POINT('Ctrl Pts',(-1.50924604904049,-7.3131156211269,12.6155212268203));
#15500=CARTESIAN_POINT('Ctrl Pts',(-1.50895686962544,-7.29463829608106,
12.5497455523879));
#15501=CARTESIAN_POINT('Ctrl Pts',(-1.53567151880436,-7.57002581282097,
12.7295918367347));
#15502=CARTESIAN_POINT('Ctrl Pts',(-1.53479404340695,-7.51916912554422,
12.7369118308898));
#15503=CARTESIAN_POINT('Ctrl Pts',(-1.53261267380245,-7.39495351377558,
12.7162997898846));
#15504=CARTESIAN_POINT('Ctrl Pts',(-1.53110392857648,-7.31234884317,12.6159841131167));
#15505=CARTESIAN_POINT('Ctrl Pts',(-1.53076353311639,-7.2937369474049,12.55));
#15506=CARTESIAN_POINT('',(-1.53076353311639,-7.29373694740491,12.55));
#15507=CARTESIAN_POINT('Ctrl Pts',(-1.53076353311639,-7.2937369474049,12.55));
#15508=CARTESIAN_POINT('Ctrl Pts',(-1.53110392857648,-7.31234884317,12.6159841131167));
#15509=CARTESIAN_POINT('Ctrl Pts',(-1.53261267380245,-7.39495351377558,
12.7162997898846));
#15510=CARTESIAN_POINT('Ctrl Pts',(-1.53479404340695,-7.51916912554422,
12.7369118308898));
#15511=CARTESIAN_POINT('Ctrl Pts',(-1.53567151880436,-7.57002581282097,
12.7295918367347));
#15512=CARTESIAN_POINT('',(-1.43505448086912,-7.40049269972832,12.5499999998648));
#15513=CARTESIAN_POINT('Ctrl Pts',(-1.43505448086912,-7.55578995443379,
12.630612244898));
#15514=CARTESIAN_POINT('Ctrl Pts',(-1.43505448086912,-7.52525312213264,
12.635004241391));
#15515=CARTESIAN_POINT('Ctrl Pts',(-1.43505448086912,-7.46075244014884,
12.6243093648516));
#15516=CARTESIAN_POINT('Ctrl Pts',(-1.43505448086912,-7.41493529278876,
12.577851282856));
#15517=CARTESIAN_POINT('Ctrl Pts',(-1.43505448086912,-7.40058629663926,
12.5499524078894));
#15518=CARTESIAN_POINT('Ctrl Pts',(-1.53076353311639,-7.29373694740491,
12.55));
#15519=CARTESIAN_POINT('Ctrl Pts',(-1.52326005063698,-7.29407180957905,
12.55));
#15520=CARTESIAN_POINT('Ctrl Pts',(-1.51584075850056,-7.29530584789979,
12.5499888525745));
#15521=CARTESIAN_POINT('Ctrl Pts',(-1.50864525181218,-7.29736401177974,
12.5499865458409));
#15522=CARTESIAN_POINT('Ctrl Pts',(-1.50380177754686,-7.29874941300553,
12.5499849931211));
#15523=CARTESIAN_POINT('Ctrl Pts',(-1.49905944188863,-7.30050904889718,
12.5499866002007));
#15524=CARTESIAN_POINT('Ctrl Pts',(-1.49446223319421,-7.30262845342259,
12.5499873778636));
#15525=CARTESIAN_POINT('Ctrl Pts',(-1.48770559835064,-7.30574339629683,
12.5499885208147));
#15526=CARTESIAN_POINT('Ctrl Pts',(-1.48134928062352,-7.30959363875646,
12.5499885390939));
#15527=CARTESIAN_POINT('Ctrl Pts',(-1.4755136674629,-7.31411439039414,12.5499918068796));
#15528=CARTESIAN_POINT('Ctrl Pts',(-1.47390088067342,-7.31536378926948,
12.5499927099967));
#15529=CARTESIAN_POINT('Ctrl Pts',(-1.47232789229246,-7.31666458283054,
12.5499936149302));
#15530=CARTESIAN_POINT('Ctrl Pts',(-1.47079736320369,-7.31801578713913,
12.5499940381092));
#15531=CARTESIAN_POINT('Ctrl Pts',(-1.46832714779618,-7.32019657921049,
12.549994721104));
#15532=CARTESIAN_POINT('Ctrl Pts',(-1.46596747812655,-7.32250863434884,
12.5499942211683));
#15533=CARTESIAN_POINT('Ctrl Pts',(-1.46372185342939,-7.3249408847469,12.5499915880157));
#15534=CARTESIAN_POINT('Ctrl Pts',(-1.45879670471761,-7.33027534465458,
12.5499858129331));
#15535=CARTESIAN_POINT('Ctrl Pts',(-1.45448281077342,-7.33611574915888,
12.5499699780945));
#15536=CARTESIAN_POINT('Ctrl Pts',(-1.4507883670093,-7.34234046601334,12.5499645564344));
#15537=CARTESIAN_POINT('Ctrl Pts',(-1.44769167832947,-7.34755803364978,
12.5499600119902));
#15538=CARTESIAN_POINT('Ctrl Pts',(-1.44503028422825,-7.35304666948022,
12.5499619130027));
#15539=CARTESIAN_POINT('Ctrl Pts',(-1.44281888356039,-7.35874798027743,
12.5499595767405));
#15540=CARTESIAN_POINT('Ctrl Pts',(-1.44023122671818,-7.36541933391692,
12.5499568429778));
#15541=CARTESIAN_POINT('Ctrl Pts',(-1.43829457299307,-7.3722885963885,12.5499449372453));
#15542=CARTESIAN_POINT('Ctrl Pts',(-1.43700046378273,-7.37928191041337,
12.549943081672));
#15543=CARTESIAN_POINT('Ctrl Pts',(-1.4357063545724,-7.38627522443824,12.5499412260988));
#15544=CARTESIAN_POINT('Ctrl Pts',(-1.43505441988273,-7.39339362923067,
12.5499488338458));
#15545=CARTESIAN_POINT('Ctrl Pts',(-1.43505448086912,-7.40057842058684,
12.5499370922541));
#15546=CARTESIAN_POINT('Origin',(-1.43505448086912,-9.39090191884958,12.75));
#15547=CARTESIAN_POINT('',(-1.43505448086912,-7.29047013622546,12.55));
#15548=CARTESIAN_POINT('Ctrl Pts',(5.04081123162047,-1.93796857176928,12.4599460145837));
#15549=CARTESIAN_POINT('Ctrl Pts',(4.86503239498525,-1.93796857176928,12.5450273197157));
#15550=CARTESIAN_POINT('Ctrl Pts',(4.67605712052844,-1.93796857176928,12.6028120476002));
#15551=CARTESIAN_POINT('Ctrl Pts',(4.4827669017954,-1.93796857176928,12.630612244898));
#15552=CARTESIAN_POINT('Ctrl Pts',(5.05398940896074,-1.93796857176928,12.4871722622094));
#15553=CARTESIAN_POINT('Ctrl Pts',(4.875375261068,-1.93797113887717,12.5735572543461));
#15554=CARTESIAN_POINT('Ctrl Pts',(4.6834088131948,-1.93796524323022,12.6321837319717));
#15555=CARTESIAN_POINT('Ctrl Pts',(4.48704307372789,-1.93796857176928,12.660343767999));
#15556=CARTESIAN_POINT('Ctrl Pts',(5.07680007788135,-1.96365715931494,12.5342993348314));
#15557=CARTESIAN_POINT('Ctrl Pts',(4.89332327921539,-1.96354743202783,12.6229291230212));
#15558=CARTESIAN_POINT('Ctrl Pts',(4.69609266515944,-1.96342326456507,12.6830346643979));
#15559=CARTESIAN_POINT('Ctrl Pts',(4.49444712806958,-1.96327944878331,12.7118229452109));
#15560=CARTESIAN_POINT('Ctrl Pts',(5.08454223306486,-2.01700757730285,12.5502947057192));
#15561=CARTESIAN_POINT('Ctrl Pts',(4.89944846608764,-2.01673368585279,12.6398091333274));
#15562=CARTESIAN_POINT('Ctrl Pts',(4.70050389363155,-2.01641895681923,12.7005576184691));
#15563=CARTESIAN_POINT('Ctrl Pts',(4.49702254938483,-2.01605794220979,12.7297294278169));
#15564=CARTESIAN_POINT('Ctrl Pts',(5.08437208265203,-2.03969010890788,12.549943173246));
#15565=CARTESIAN_POINT('Ctrl Pts',(4.89935426769493,-2.03937281877302,12.639502441806));
#15566=CARTESIAN_POINT('Ctrl Pts',(4.700447966461,-2.0390050886253,12.7003284711581));
#15567=CARTESIAN_POINT('Ctrl Pts',(4.49700276018258,-2.03858560970452,12.7295918367347));
#15568=CARTESIAN_POINT('',(4.82060728859796,-1.93796857176928,12.5499999985006));
#15569=CARTESIAN_POINT('Ctrl Pts',(4.82059696811743,-1.93796857176928,12.5499589897507));
#15570=CARTESIAN_POINT('Ctrl Pts',(4.84512908442653,-1.93796860405761,12.5499618976307));
#15571=CARTESIAN_POINT('Ctrl Pts',(4.86757120216051,-1.93895229334636,12.5499493396496));
#15572=CARTESIAN_POINT('Ctrl Pts',(4.88804237385556,-1.94066907804647,12.5499375715273));
#15573=CARTESIAN_POINT('Ctrl Pts',(4.90881011832067,-1.94241073438567,12.5499256329162));
#15574=CARTESIAN_POINT('Ctrl Pts',(4.92754901166267,-1.94490726571579,12.5499149410262));
#15575=CARTESIAN_POINT('Ctrl Pts',(4.94440439773194,-1.94794672109175,12.5499143714667));
#15576=CARTESIAN_POINT('Ctrl Pts',(4.96181581533984,-1.95108644311496,12.5499137831184));
#15577=CARTESIAN_POINT('Ctrl Pts',(4.97721726012642,-1.9548057767389,12.5499243101351));
#15578=CARTESIAN_POINT('Ctrl Pts',(4.99079544395262,-1.95891877787832,12.5499412320422));
#15579=CARTESIAN_POINT('Ctrl Pts',(4.99893877793009,-1.9613854952506,12.5499513807295));
#15580=CARTESIAN_POINT('Ctrl Pts',(5.00642684289378,-1.96399469806037,12.5499635179682));
#15581=CARTESIAN_POINT('Ctrl Pts',(5.01330433881325,-1.96671343939386,12.5499737434508));
#15582=CARTESIAN_POINT('Ctrl Pts',(5.02095610363835,-1.96973825679074,12.5499851201188));
#15583=CARTESIAN_POINT('Ctrl Pts',(5.02798171565144,-1.97294919903794,12.5499934819026));
#15584=CARTESIAN_POINT('Ctrl Pts',(5.03438118817691,-1.97632744065394,12.5499936199776));
#15585=CARTESIAN_POINT('Ctrl Pts',(5.04511218673594,-1.98199226783605,12.5499938515096));
#15586=CARTESIAN_POINT('Ctrl Pts',(5.05408241657772,-1.98812606464673,12.5499738066088));
#15587=CARTESIAN_POINT('Ctrl Pts',(5.06133536227744,-1.99456778677112,12.5499625733149));
#15588=CARTESIAN_POINT('Ctrl Pts',(5.06232789944338,-1.99544931117318,12.5499610360827));
#15589=CARTESIAN_POINT('Ctrl Pts',(5.06328828178087,-1.99633663804585,12.5499595929843));
#15590=CARTESIAN_POINT('Ctrl Pts',(5.06421662425275,-1.99722938625435,12.5499582510612));
#15591=CARTESIAN_POINT('Ctrl Pts',(5.06859465830654,-2.00143955887557,12.549951922594));
#15592=CARTESIAN_POINT('Ctrl Pts',(5.07261220943212,-2.00610904574492,12.5499480207384));
#15593=CARTESIAN_POINT('Ctrl Pts',(5.07589116111159,-2.01122776743425,12.5499532521844));
#15594=CARTESIAN_POINT('Ctrl Pts',(5.07728483651609,-2.01340341295095,12.5499554757419));
#15595=CARTESIAN_POINT('Ctrl Pts',(5.07854489047408,-2.01565971441614,12.5499590979393));
#15596=CARTESIAN_POINT('Ctrl Pts',(5.07964146907784,-2.01799337647,12.5499633184793));
#15597=CARTESIAN_POINT('Ctrl Pts',(5.08126649599049,-2.02145164533423,12.549969572925));
#15598=CARTESIAN_POINT('Ctrl Pts',(5.08251981009397,-2.02505668879476,12.54997817781));
#15599=CARTESIAN_POINT('Ctrl Pts',(5.08331353577208,-2.02879136689564,12.5499859664171));
#15600=CARTESIAN_POINT('Ctrl Pts',(5.08407707109449,-2.03238399181194,12.5499934587747));
#15601=CARTESIAN_POINT('Ctrl Pts',(5.08439958281384,-2.03602331229068,12.5500000003586));
#15602=CARTESIAN_POINT('Ctrl Pts',(5.08425467619607,-2.03968990756202,12.5499999999674));
#15603=CARTESIAN_POINT('',(4.4827669017954,-1.93796857176928,12.630612244898));
#15604=CARTESIAN_POINT('Ctrl Pts',(4.82059380559914,-1.93796857176928,12.5499600571773));
#15605=CARTESIAN_POINT('Ctrl Pts',(4.71074440923192,-1.93796857176928,12.5870367878542));
#15606=CARTESIAN_POINT('Ctrl Pts',(4.59751602413434,-1.93796857176928,12.6141083148922));
#15607=CARTESIAN_POINT('Ctrl Pts',(4.4827669017954,-1.93796857176928,12.630612244898));
#15608=CARTESIAN_POINT('Origin',(4.4827669017954,-2.03796857176928,12.630612244898));
#15609=CARTESIAN_POINT('Ctrl Pts',(4.4827669017954,-1.93796857176928,12.630612244898));
#15610=CARTESIAN_POINT('Ctrl Pts',(4.45223006949424,-1.93796857176928,12.635004241391));
#15611=CARTESIAN_POINT('Ctrl Pts',(4.37764346924848,-1.93796857176928,12.6226370272335));
#15612=CARTESIAN_POINT('Ctrl Pts',(4.32804030582694,-1.93796857176928,12.5624476107272));
#15613=CARTESIAN_POINT('Ctrl Pts',(4.31686405375497,-1.93796857176928,12.5228571428571));
#15614=CARTESIAN_POINT('Ctrl Pts',(4.48704307372789,-1.93796857176928,12.660343767999));
#15615=CARTESIAN_POINT('Ctrl Pts',(4.45035114149141,-1.93797553448179,12.6654484501598));
#15616=CARTESIAN_POINT('Ctrl Pts',(4.36106382073383,-1.93797933722515,12.6501741972236));
#15617=CARTESIAN_POINT('Ctrl Pts',(4.30214733682883,-1.93796609568683,12.5780889840208));
#15618=CARTESIAN_POINT('Ctrl Pts',(4.28885629639846,-1.93796857176928,12.5307636358346));
#15619=CARTESIAN_POINT('Ctrl Pts',(4.49444720800438,-1.96327898412421,12.7118235009845));
#15620=CARTESIAN_POINT('Ctrl Pts',(4.44718884774307,-1.96297814705233,12.7181736149235));
#15621=CARTESIAN_POINT('Ctrl Pts',(4.33248349399627,-1.96224265812159,12.6978496584018));
#15622=CARTESIAN_POINT('Ctrl Pts',(4.25723748604493,-1.96175126699716,12.6051065967086));
#15623=CARTESIAN_POINT('Ctrl Pts',(4.24029955512819,-1.96163886908678,12.5444710358585));
#15624=CARTESIAN_POINT('Ctrl Pts',(4.49702254938483,-2.01605794220978,12.7297294278169));
#15625=CARTESIAN_POINT('Ctrl Pts',(4.44609231232314,-2.01530276376769,12.7368576085608));
#15626=CARTESIAN_POINT('Ctrl Pts',(4.32205985595462,-2.01343612637422,12.7157179141936));
#15627=CARTESIAN_POINT('Ctrl Pts',(4.24009256848851,-2.01216013994064,12.6155212268203));
#15628=CARTESIAN_POINT('Ctrl Pts',(4.22161524344267,-2.0118709605256,12.5497455523879));
#15629=CARTESIAN_POINT('Ctrl Pts',(4.49700276018258,-2.03858560970451,12.7295918367347));
#15630=CARTESIAN_POINT('Ctrl Pts',(4.44614607290581,-2.0377081343071,12.7369118308898));
#15631=CARTESIAN_POINT('Ctrl Pts',(4.3219304517958,-2.03552676457347,12.716299807294));
#15632=CARTESIAN_POINT('Ctrl Pts',(4.23932579053161,-2.03401801947664,12.6159841131167));
#15633=CARTESIAN_POINT('Ctrl Pts',(4.22071389476651,-2.03367762401655,12.55));
#15634=CARTESIAN_POINT('',(4.32746964708993,-1.93796857176928,12.5499999998648));
#15635=CARTESIAN_POINT('',(4.22071389476652,-2.03367762401655,12.55));
#15636=CARTESIAN_POINT('Ctrl Pts',(4.22071389476651,-2.03367762401655,12.55));
#15637=CARTESIAN_POINT('Ctrl Pts',(4.22104876430379,-2.0261739765464,12.55));
#15638=CARTESIAN_POINT('Ctrl Pts',(4.22228271065802,-2.01875439693788,12.5499888913902));
#15639=CARTESIAN_POINT('Ctrl Pts',(4.22434076822764,-2.01155857091265,12.549986637921));
#15640=CARTESIAN_POINT('Ctrl Pts',(4.22572602217987,-2.00671514641948,12.5499851211379));
#15641=CARTESIAN_POINT('Ctrl Pts',(4.22748546325625,-2.00197283480918,12.5499867702834));
#15642=CARTESIAN_POINT('Ctrl Pts',(4.22960465321289,-1.99737564400403,12.5499875890537));
#15643=CARTESIAN_POINT('Ctrl Pts',(4.23271943268417,-1.99061870581609,12.5499887924801));
#15644=CARTESIAN_POINT('Ctrl Pts',(4.23656954665938,-1.98426210773958,12.5499888683085));
#15645=CARTESIAN_POINT('Ctrl Pts',(4.2410902817414,-1.97842631546688,12.5499921683559));
#15646=CARTESIAN_POINT('Ctrl Pts',(4.24233958303221,-1.97681359924111,12.5499930803212));
#15647=CARTESIAN_POINT('Ctrl Pts',(4.24364027989063,-1.97524068321025,12.5499939921588));
#15648=CARTESIAN_POINT('Ctrl Pts',(4.2449913902012,-1.97371022929375,12.5499944199087));
#15649=CARTESIAN_POINT('Ctrl Pts',(4.24717215775703,-1.97123999113431,12.5499951103208));
#15650=CARTESIAN_POINT('Ctrl Pts',(4.2494842107241,-1.96888031894933,12.5499946115895));
#15651=CARTESIAN_POINT('Ctrl Pts',(4.25191647654745,-1.96663470767428,12.5499919747482));
#15652=CARTESIAN_POINT('Ctrl Pts',(4.25725079619601,-1.96170974913044,12.5499861917643));
#15653=CARTESIAN_POINT('Ctrl Pts',(4.26309111113978,-1.95739608119579,12.5499703262391));
#15654=CARTESIAN_POINT('Ctrl Pts',(4.26931574939906,-1.95370185236416,12.5499648635371));
#15655=CARTESIAN_POINT('Ctrl Pts',(4.2745336245811,-1.95060512221947,12.5499602843639));
#15656=CARTESIAN_POINT('Ctrl Pts',(4.28002261448915,-1.94794374131652,12.5499621445368));
#15657=CARTESIAN_POINT('Ctrl Pts',(4.28572429201664,-1.94573238619298,12.5499597673919));
#15658=CARTESIAN_POINT('Ctrl Pts',(4.29239581503212,-1.94314488338684,12.5499569858987));
#15659=CARTESIAN_POINT('Ctrl Pts',(4.29926523878322,-1.94120837770109,12.5499450332618));
#15660=CARTESIAN_POINT('Ctrl Pts',(4.30625866933929,-1.93991437697555,12.5499431422277));
#15661=CARTESIAN_POINT('Ctrl Pts',(4.31325209989537,-1.93862037625002,12.5499412511935));
#15662=CARTESIAN_POINT('Ctrl Pts',(4.32037057628869,-1.93796851076412,12.5499488344983));
#15663=CARTESIAN_POINT('Ctrl Pts',(4.32755536750158,-1.93796857176928,12.5499370930865));
#15664=CARTESIAN_POINT('Ctrl Pts',(4.22071389476651,-2.03367762401655,12.55));
#15665=CARTESIAN_POINT('Ctrl Pts',(4.23932579053161,-2.03401801947664,12.6159841131167));
#15666=CARTESIAN_POINT('Ctrl Pts',(4.3219304517958,-2.03552676457347,12.716299807294));
#15667=CARTESIAN_POINT('Ctrl Pts',(4.44614607290581,-2.0377081343071,12.7369118308898));
#15668=CARTESIAN_POINT('Ctrl Pts',(4.49700276018258,-2.03858560970451,12.7295918367347));
#15669=CARTESIAN_POINT('Ctrl Pts',(4.4827669017954,-1.93796857176928,12.630612244898));
#15670=CARTESIAN_POINT('Ctrl Pts',(4.45223006949424,-1.93796857176928,12.635004241391));
#15671=CARTESIAN_POINT('Ctrl Pts',(4.38772938247468,-1.93796857176928,12.6243093738539));
#15672=CARTESIAN_POINT('Ctrl Pts',(4.34191223857414,-1.93796857176928,12.5778512850306));
#15673=CARTESIAN_POINT('Ctrl Pts',(4.327563243307,-1.93796857176928,12.5499524082433));
#15674=CARTESIAN_POINT('Origin',(6.29649787766501,-1.93796857176928,12.75));
#15675=CARTESIAN_POINT('',(6.29649787766501,-1.93796857176928,12.55));
#15676=CARTESIAN_POINT('Ctrl Pts',(4.31686405375497,-1.63796857176928,12.5228571428571));
#15677=CARTESIAN_POINT('Ctrl Pts',(4.32524624280895,-1.63796857176928,12.5525499937597));
#15678=CARTESIAN_POINT('Ctrl Pts',(4.36689115384655,-1.63796857176928,12.6156615264829));
#15679=CARTESIAN_POINT('Ctrl Pts',(4.44205112539383,-1.63796857176928,12.6364682402221));
#15680=CARTESIAN_POINT('Ctrl Pts',(4.4827669017954,-1.63796857176928,12.630612244898));
#15681=CARTESIAN_POINT('Ctrl Pts',(4.28885629639845,-1.63796857176928,12.5307636358345));
#15682=CARTESIAN_POINT('Ctrl Pts',(4.29882457672123,-1.63797042883111,12.5662576469742));
#15683=CARTESIAN_POINT('Ctrl Pts',(4.34829735723398,-1.6379666023726,12.6417886114463));
#15684=CARTESIAN_POINT('Ctrl Pts',(4.43812049741256,-1.63795928815258,12.6671500108801));
#15685=CARTESIAN_POINT('Ctrl Pts',(4.48704307372789,-1.63796857176928,12.660343767999));
#15686=CARTESIAN_POINT('Ctrl Pts',(4.24029900965844,-1.61429877058338,12.5444711898427));
#15687=CARTESIAN_POINT('Ctrl Pts',(4.253002457846,-1.61421447215059,12.5899478604803));
#15688=CARTESIAN_POINT('Ctrl Pts',(4.31612074914536,-1.61379945761764,12.6869497273988));
#15689=CARTESIAN_POINT('Ctrl Pts',(4.43143615415572,-1.61305981708458,12.7202909673409));
#15690=CARTESIAN_POINT('Ctrl Pts',(4.49444730117083,-1.61265870098874,12.7118241487555));
#15691=CARTESIAN_POINT('Ctrl Pts',(4.22161524344267,-1.56406618301295,12.5497455523879));
#15692=CARTESIAN_POINT('Ctrl Pts',(4.23547323722704,-1.56384929845167,12.5990773082122));
#15693=CARTESIAN_POINT('Ctrl Pts',(4.30428615825212,-1.56277448720177,12.7040563923234));
#15694=CARTESIAN_POINT('Ctrl Pts',(4.42911556663588,-1.56088610591822,12.7392336688088));
#15695=CARTESIAN_POINT('Ctrl Pts',(4.49702254938483,-1.55987920132877,12.7297294278169));
#15696=CARTESIAN_POINT('Ctrl Pts',(4.22071389476651,-1.542259519522,12.55));
#15697=CARTESIAN_POINT('Ctrl Pts',(4.23467281659033,-1.54200422292693,12.5994880848375));
#15698=CARTESIAN_POINT('Ctrl Pts',(4.30402434368853,-1.54073497830303,12.7046739727095));
#15699=CARTESIAN_POINT('Ctrl Pts',(4.42919384381352,-1.53852150103058,12.7393518289415));
#15700=CARTESIAN_POINT('Ctrl Pts',(4.49700276018258,-1.53735153383404,12.7295918367347));
#15701=CARTESIAN_POINT('',(4.32746964699358,-1.63796857176928,12.5499999997699));
#15702=CARTESIAN_POINT('Ctrl Pts',(4.32746964722723,-1.63796857176928,12.55));
#15703=CARTESIAN_POINT('Ctrl Pts',(4.31212815486241,-1.63796857176928,12.55));
#15704=CARTESIAN_POINT('Ctrl Pts',(4.29703663809194,-1.6351617860429,12.55));
#15705=CARTESIAN_POINT('Ctrl Pts',(4.27014875009577,-1.62394048122539,12.55));
#15706=CARTESIAN_POINT('Ctrl Pts',(4.2585527583953,-1.61621449498116,12.55));
#15707=CARTESIAN_POINT('Ctrl Pts',(4.24040389198178,-1.59777193515233,12.55));
#15708=CARTESIAN_POINT('Ctrl Pts',(4.23358175694364,-1.58775549872559,12.5500000000432));
#15709=CARTESIAN_POINT('Ctrl Pts',(4.22397503407217,-1.56582593464958,12.5500000000432));
#15710=CARTESIAN_POINT('Ctrl Pts',(4.22124456880808,-1.55415069051927,12.55));
#15711=CARTESIAN_POINT('Ctrl Pts',(4.22071389476652,-1.542259519522,12.55));
#15712=CARTESIAN_POINT('',(4.4827669017954,-1.63796857176928,12.630612244898));
#15713=CARTESIAN_POINT('Ctrl Pts',(4.32750572944138,-1.63796857176928,12.5499816482943));
#15714=CARTESIAN_POINT('Ctrl Pts',(4.33710708699076,-1.63796857176928,12.5688264448665));
#15715=CARTESIAN_POINT('Ctrl Pts',(4.37704255731166,-1.63796857176928,12.6184717636557));
#15716=CARTESIAN_POINT('Ctrl Pts',(4.44205112539383,-1.63796857176928,12.6364682402221));
#15717=CARTESIAN_POINT('Ctrl Pts',(4.4827669017954,-1.63796857176928,12.630612244898));
#15718=CARTESIAN_POINT('Origin',(4.4827669017954,-1.53796857176928,12.630612244898));
#15719=CARTESIAN_POINT('Ctrl Pts',(4.48276690179541,-1.63796857176928,12.630612244898));
#15720=CARTESIAN_POINT('Ctrl Pts',(4.676080841283,-1.63796857176928,12.6028086359343));
#15721=CARTESIAN_POINT('Ctrl Pts',(4.8650787595324,-1.63796857176928,12.5450130797643));
#15722=CARTESIAN_POINT('Ctrl Pts',(5.04087594625211,-1.63796857176928,12.4599146895912));
#15723=CARTESIAN_POINT('Ctrl Pts',(4.4870430737279,-1.63796857176928,12.660343767999));
#15724=CARTESIAN_POINT('Ctrl Pts',(4.68343291138012,-1.63797190071682,12.6321802761461));
#15725=CARTESIAN_POINT('Ctrl Pts',(4.87542236467387,-1.63796600444053,12.573542806658));
#15726=CARTESIAN_POINT('Ctrl Pts',(5.05405516256161,-1.63796857176928,12.4871404590291));
#15727=CARTESIAN_POINT('Ctrl Pts',(4.49444721983639,-1.61265822819356,12.7118235832505));
#15728=CARTESIAN_POINT('Ctrl Pts',(4.69611750305322,-1.6125143947626,12.6830317695131));
#15729=CARTESIAN_POINT('Ctrl Pts',(4.89337195648709,-1.61239022431521,12.6229149094638));
#15730=CARTESIAN_POINT('Ctrl Pts',(5.07686791901604,-1.61228048771236,12.5342673012391));
#15731=CARTESIAN_POINT('Ctrl Pts',(4.49702254938484,-1.55987920132877,12.7297294278169));
#15732=CARTESIAN_POINT('Ctrl Pts',(4.70052886505049,-1.55951814241528,12.7005540384777));
#15733=CARTESIAN_POINT('Ctrl Pts',(4.8994972798176,-1.55920338019354,12.6397941626281));
#15734=CARTESIAN_POINT('Ctrl Pts',(5.08461037407419,-1.5589294656547,12.5502617497211));
#15735=CARTESIAN_POINT('Ctrl Pts',(4.49700276018259,-1.53735153383403,12.7295918367347));
#15736=CARTESIAN_POINT('Ctrl Pts',(4.70047293344505,-1.53693200343441,12.7003248799308));
#15737=CARTESIAN_POINT('Ctrl Pts',(4.89940306878973,-1.536564234599,12.6394874523835));
#15738=CARTESIAN_POINT('Ctrl Pts',(5.08444019870049,-1.53624691781851,12.5499101995697));
#15739=CARTESIAN_POINT('',(4.82060727971756,-1.63796857176928,12.5499999999998));
#15740=CARTESIAN_POINT('Ctrl Pts',(5.08425467618071,-1.5362472359766,12.5499999999185));
#15741=CARTESIAN_POINT('Ctrl Pts',(5.08448365505482,-1.54204114392724,12.5500000008952));
#15742=CARTESIAN_POINT('Ctrl Pts',(5.08354430668324,-1.54771059311144,12.5499846465617));
#15743=CARTESIAN_POINT('Ctrl Pts',(5.08160241512628,-1.55318471183001,12.5499728975839));
#15744=CARTESIAN_POINT('Ctrl Pts',(5.07964313763417,-1.55870784084097,12.5499610434164));
#15745=CARTESIAN_POINT('Ctrl Pts',(5.0767327227327,-1.56384211245846,12.5499525291528));
#15746=CARTESIAN_POINT('Ctrl Pts',(5.07323471728718,-1.56854917686895,12.5499516938923));
#15747=CARTESIAN_POINT('Ctrl Pts',(5.07258118980136,-1.56942859115738,12.5499515378417));
#15748=CARTESIAN_POINT('Ctrl Pts',(5.0719071158926,-1.57029321844461,12.5499515816502));
#15749=CARTESIAN_POINT('Ctrl Pts',(5.07121481517286,-1.57114297149545,12.5499517663287));
#15750=CARTESIAN_POINT('Ctrl Pts',(5.06682956174968,-1.57652557817025,12.549952936141));
#15751=CARTESIAN_POINT('Ctrl Pts',(5.06165222399845,-1.58138866616094,12.5499597939792));
#15752=CARTESIAN_POINT('Ctrl Pts',(5.05609992607975,-1.585731697857,12.5499704304036));
#15753=CARTESIAN_POINT('Ctrl Pts',(5.05282694831101,-1.58829183537092,12.5499767003807));
#15754=CARTESIAN_POINT('Ctrl Pts',(5.04942330577307,-1.59067228195132,12.549983812604));
#15755=CARTESIAN_POINT('Ctrl Pts',(5.04597134976418,-1.59287983266044,12.5499881825615));
#15756=CARTESIAN_POINT('Ctrl Pts',(5.04236500425537,-1.59518611656579,12.5499927479664));
#15757=CARTESIAN_POINT('Ctrl Pts',(5.03850316648725,-1.59743255406897,12.549995298991));
#15758=CARTESIAN_POINT('Ctrl Pts',(5.03438054866933,-1.59960996970894,12.5499942559404));
#15759=CARTESIAN_POINT('Ctrl Pts',(5.02367959314126,-1.60526182223529,12.5499915485253));
#15760=CARTESIAN_POINT('Ctrl Pts',(5.01122129522159,-1.61045088722962,12.5499673766686));
#15761=CARTESIAN_POINT('Ctrl Pts',(4.99695522089796,-1.61508639946113,12.5499487457548));
#15762=CARTESIAN_POINT('Ctrl Pts',(4.99251263059969,-1.61652994175595,12.5499429439123));
#15763=CARTESIAN_POINT('Ctrl Pts',(4.98789476694416,-1.6179195585113,12.5499373886992));
#15764=CARTESIAN_POINT('Ctrl Pts',(4.98310023317887,-1.61925179839707,12.5499321596291));
#15765=CARTESIAN_POINT('Ctrl Pts',(4.97064013765519,-1.62271404041052,12.549918570255));
#15766=CARTESIAN_POINT('Ctrl Pts',(4.95652219554831,-1.62591682066375,12.549912862213));
#15767=CARTESIAN_POINT('Ctrl Pts',(4.9405296673891,-1.62867352907803,12.549915525125));
#15768=CARTESIAN_POINT('Ctrl Pts',(4.9245365615771,-1.63143033706507,12.5499181881333));
#15769=CARTESIAN_POINT('Ctrl Pts',(4.90666866816271,-1.63374147058269,12.5499290806746));
#15770=CARTESIAN_POINT('Ctrl Pts',(4.88673792110217,-1.63537591319629,12.5499400670834));
#15771=CARTESIAN_POINT('Ctrl Pts',(4.86680717404162,-1.63701035580989,12.5499510534923));
#15772=CARTESIAN_POINT('Ctrl Pts',(4.84481389613063,-1.63796853998027,12.5499618350171));
#15773=CARTESIAN_POINT('Ctrl Pts',(4.82059696045882,-1.63796857176928,12.5499589653907));
#15774=CARTESIAN_POINT('Ctrl Pts',(4.48276690179541,-1.63796857176928,12.630612244898));
#15775=CARTESIAN_POINT('Ctrl Pts',(4.59751602102339,-1.63796857176928,12.6141083153397));
#15776=CARTESIAN_POINT('Ctrl Pts',(4.71074439681042,-1.63796857176928,12.5870367693406));
#15777=CARTESIAN_POINT('Ctrl Pts',(4.82059378900621,-1.63796857176928,12.5499600358331));
#15778=CARTESIAN_POINT('Origin',(4.21540217897675,-1.63796857176928,12.75));
#15779=CARTESIAN_POINT('',(4.19649787766501,-1.63796857176928,12.55));
#15780=CARTESIAN_POINT('Origin',(-1.28505448086912,4.76474888399897,12.55));
#15781=CARTESIAN_POINT('Origin',(5.25595002832088,-1.78796857176928,12.55));
#15782=CARTESIAN_POINT('',(4.22415220834719,-1.93796857176928,12.55));
#15783=CARTESIAN_POINT('Ctrl Pts',(4.22438246171402,-1.93791690565395,12.5499534455784));
#15784=CARTESIAN_POINT('Ctrl Pts',(4.2257056620519,-1.88792902040254,12.5499534455784));
#15785=CARTESIAN_POINT('Ctrl Pts',(4.22636718152881,-1.83793949687736,12.5499534455784));
#15786=CARTESIAN_POINT('Ctrl Pts',(4.22636718152881,-1.78796857176928,12.5499534455784));
#15787=CARTESIAN_POINT('Ctrl Pts',(4.22438246171402,-1.93791690565396,12.5499534455784));
#15788=CARTESIAN_POINT('Ctrl Pts',(4.22353854352612,-1.96979846155309,12.5499534455784));
#15789=CARTESIAN_POINT('Ctrl Pts',(4.22242547305998,-2.00167935105072,12.5499534455784));
#15790=CARTESIAN_POINT('Ctrl Pts',(4.22104320844732,-2.03355432409337,12.5499534455784));
#15791=CARTESIAN_POINT('Origin',(-7.82605899005912,-1.78796857176928,12.55));
#15792=CARTESIAN_POINT('',(-6.79426117008542,-1.93796857176928,12.55));
#15793=CARTESIAN_POINT('Ctrl Pts',(-6.79647432707094,-1.79244290321344,
12.5499534455784));
#15794=CARTESIAN_POINT('Ctrl Pts',(-6.79643498327848,-1.84090604486727,
12.5499534455784));
#15795=CARTESIAN_POINT('Ctrl Pts',(-6.79573391330527,-1.88937830728831,
12.5499534455784));
#15796=CARTESIAN_POINT('Ctrl Pts',(-6.79437580454443,-1.9378428916116,12.5499534455784));
#15797=CARTESIAN_POINT('Ctrl Pts',(-6.79084959608995,-2.03334915180202,
12.5499534455784));
#15798=CARTESIAN_POINT('Ctrl Pts',(-6.79230770670177,-2.00152022155149,
12.5499534455784));
#15799=CARTESIAN_POINT('Ctrl Pts',(-6.79348355258651,-1.96968321360845,
12.5499534455784));
#15800=CARTESIAN_POINT('Ctrl Pts',(-6.79437580454442,-1.9378428916116,12.5499534455784));
#15801=CARTESIAN_POINT('Origin',(-1.28505448086912,-8.34068602753752,12.55));
#15802=CARTESIAN_POINT('',(-1.13505448086912,-7.29717526098558,12.55));
#15803=CARTESIAN_POINT('Ctrl Pts',(-1.03417780936318,-7.29492633084347,
12.5499534455784));
#15804=CARTESIAN_POINT('Ctrl Pts',(-1.06601690884161,-7.29614168055494,
12.5499534455784));
#15805=CARTESIAN_POINT('Ctrl Pts',(-1.09787144634305,-7.29707849773191,
12.5499534455784));
#15806=CARTESIAN_POINT('Ctrl Pts',(-1.12973666021892,-7.29773792717791,
12.5499534455784));
#15807=CARTESIAN_POINT('',(-1.43505448086912,-7.29717526098558,12.55));
#15808=CARTESIAN_POINT('Ctrl Pts',(-1.43015207779329,-7.29577782015206,
12.5499534455784));
#15809=CARTESIAN_POINT('Ctrl Pts',(-1.33000663974369,-7.29914387245295,
12.5499534455784));
#15810=CARTESIAN_POINT('Ctrl Pts',(-1.22981899069793,-7.299809064563,12.5499534455784));
#15811=CARTESIAN_POINT('Ctrl Pts',(-1.12973666021892,-7.29773792717791,
12.5499534455784));
#15812=CARTESIAN_POINT('Ctrl Pts',(-1.43015207779329,-7.29577782015206,
12.5499534455784));
#15813=CARTESIAN_POINT('Ctrl Pts',(-1.4622102380702,-7.29470029284514,12.5499534455784));
#15814=CARTESIAN_POINT('Ctrl Pts',(-1.49426407280593,-7.2933459968507,12.5499534455784));
#15815=CARTESIAN_POINT('Ctrl Pts',(-1.52630874249113,-7.29171609569166,
12.5499534455784));
#15816=CARTESIAN_POINT('Ctrl Pts',(4.21744708358707,-1.78796857176928,12.5));
#15817=CARTESIAN_POINT('Ctrl Pts',(4.21744708358707,-2.60619685282664,12.5));
#15818=CARTESIAN_POINT('Ctrl Pts',(3.68461468380468,-5.07573377635949,12.5));
#15819=CARTESIAN_POINT('Ctrl Pts',(0.121301805986573,-7.92985470459225,
12.5));
#15820=CARTESIAN_POINT('Ctrl Pts',(-4.30773730460378,-6.91673954575183,
12.5));
#15821=CARTESIAN_POINT('Ctrl Pts',(-6.40595703601091,-4.25812597328351,
12.5));
#15822=CARTESIAN_POINT('Ctrl Pts',(-6.78688837706468,-2.61262668443624,
12.5));
#15823=CARTESIAN_POINT('Ctrl Pts',(-6.78755423206866,-1.79243566162004,
12.5));
#15824=CARTESIAN_POINT('Ctrl Pts',(4.22233483887481,-1.78796857176928,12.5682537881132));
#15825=CARTESIAN_POINT('Ctrl Pts',(4.22233483887481,-2.60683185855932,12.5682537881132));
#15826=CARTESIAN_POINT('Ctrl Pts',(3.68890469632372,-5.07857121747596,12.5682537881132));
#15827=CARTESIAN_POINT('Ctrl Pts',(0.122552304711775,-7.93515199676166,
12.5682537881132));
#15828=CARTESIAN_POINT('Ctrl Pts',(-4.3104195750153,-6.92108914599731,12.5682537881132));
#15829=CARTESIAN_POINT('Ctrl Pts',(-6.41041363394503,-4.26029665723328,
12.5682537881132));
#15830=CARTESIAN_POINT('Ctrl Pts',(-6.79177561398896,-2.61326718142291,
12.5682537881132));
#15831=CARTESIAN_POINT('Ctrl Pts',(-6.79244198574572,-1.79243962964109,
12.5682537881132));
#15832=CARTESIAN_POINT('Ctrl Pts',(4.29140706595032,-1.78796857176928,12.6998626713464));
#15833=CARTESIAN_POINT('Ctrl Pts',(4.29140706595032,-2.61723787319965,12.6998626713464));
#15834=CARTESIAN_POINT('Ctrl Pts',(3.7514711824299,-5.11996409895176,12.6998626713464));
#15835=CARTESIAN_POINT('Ctrl Pts',(0.140204267940939,-8.01248309941044,
12.6998626713464));
#15836=CARTESIAN_POINT('Ctrl Pts',(-4.3483669301693,-6.98577291705862,12.6998626713464));
#15837=CARTESIAN_POINT('Ctrl Pts',(-6.47483115213365,-4.29133877516973,
12.6998626713464));
#15838=CARTESIAN_POINT('Ctrl Pts',(-6.86083935013198,-2.62375423253372,
12.6998626713464));
#15839=CARTESIAN_POINT('Ctrl Pts',(-6.86151419005965,-1.79249570447196,
12.6998626713464));
#15840=CARTESIAN_POINT('Ctrl Pts',(4.43470125100327,-1.78796857176928,12.7393423778937));
#15841=CARTESIAN_POINT('Ctrl Pts',(4.43470125100327,-2.63849362078786,12.7393423778937));
#15842=CARTESIAN_POINT('Ctrl Pts',(3.88081869981862,-5.20553565544926,12.7393423778937));
#15843=CARTESIAN_POINT('Ctrl Pts',(0.176828815798026,-8.17233773288243,
12.7393423778937));
#15844=CARTESIAN_POINT('Ctrl Pts',(-4.42708101396092,-7.11921717763176,
12.7393423778937));
#15845=CARTESIAN_POINT('Ctrl Pts',(-6.60813539256751,-4.35565235429399,
12.7393423778937));
#15846=CARTESIAN_POINT('Ctrl Pts',(-7.00411619053538,-2.64517729814165,
12.7393423778937));
#15847=CARTESIAN_POINT('Ctrl Pts',(-7.00480832789241,-1.79261203483411,
12.7393423778937));
#15848=CARTESIAN_POINT('Ctrl Pts',(4.50243157427623,-1.78796857176928,12.7295918367347));
#15849=CARTESIAN_POINT('Ctrl Pts',(4.50243157427623,-2.6485743727988,12.7295918367347));
#15850=CARTESIAN_POINT('Ctrl Pts',(3.94200282248995,-5.24601307230519,12.7295918367347));
#15851=CARTESIAN_POINT('Ctrl Pts',(0.194139537233385,-8.24795407647429,
12.7295918367347));
#15852=CARTESIAN_POINT('Ctrl Pts',(-4.46428750544357,-7.18236785439659,
12.7295918367347));
#15853=CARTESIAN_POINT('Ctrl Pts',(-6.67117782503764,-4.38605988493196,
12.7295918367347));
#15854=CARTESIAN_POINT('Ctrl Pts',(-7.07183828800916,-2.6553372169964,12.7295918367347));
#15855=CARTESIAN_POINT('Ctrl Pts',(-7.07253862884599,-1.79266702026867,
12.7295918367347));
#15856=CARTESIAN_POINT('Origin',(-1.28505448086912,-1.78796857176928,12.5));
#15857=CARTESIAN_POINT('Origin',(-4.6835366483355,-10.6912709363409,0.85));
#15858=CARTESIAN_POINT('',(8.02403349814544,-10.8412709363409,0.85));
#15859=CARTESIAN_POINT('Origin',(7.87403349814544,-10.6912709363409,0.85));
#15860=CARTESIAN_POINT('',(-4.6835366483355,-10.8412709363409,0.85));
#15861=CARTESIAN_POINT('Origin',(1.88612523233063,7.95877906365911,1.04994999217689));
#15862=CARTESIAN_POINT('',(3.96993039750311,8.30872906365911,1.39989998435378));
#15863=CARTESIAN_POINT('',(3.96993039750311,7.9462693258851,1.03744025468254));
#15864=CARTESIAN_POINT('',(4.46993039750311,8.30872906365911,1.39989998435378));
#15865=CARTESIAN_POINT('',(1.88612523233063,8.30872906365911,1.39989998435378));
#15866=CARTESIAN_POINT('',(4.46993039750311,7.77127905946756,0.86244999217689));
#15867=CARTESIAN_POINT('Origin',(4.46993039750311,7.55872906365911,0.699999984353781));
#15868=CARTESIAN_POINT('',(4.46993039750311,7.55872906365911,1.39996105002396));
#15869=CARTESIAN_POINT('',(4.46993039750311,7.55872906365911,1.39996105002396));
#15870=CARTESIAN_POINT('',(4.46993039750311,7.55872906365911,0.85));
#15871=CARTESIAN_POINT('',(4.46993039750311,7.55872906365911,1.04998052501198));
#15872=CARTESIAN_POINT('Origin',(4.46993039750311,7.40872906365911,0.85));
#15873=CARTESIAN_POINT('Origin',(3.53612523233063,7.95877906365911,1.04994999217689));
#15874=CARTESIAN_POINT('',(7.76993039750311,8.30872906365911,1.39989998435378));
#15875=CARTESIAN_POINT('',(7.76993039750311,8.2462693258851,1.33744024797606));
#15876=CARTESIAN_POINT('',(7.26993039750311,8.30872906365911,1.39989998435378));
#15877=CARTESIAN_POINT('',(7.26993039750311,7.80877906337911,0.899949995250135));
#15878=CARTESIAN_POINT('',(3.53612523233063,8.30872906365911,1.39989998435378));
#15879=CARTESIAN_POINT('Origin',(7.76993039750311,7.55872906365911,2.59996105002396));
#15880=CARTESIAN_POINT('',(7.76993039750311,9.15872906365911,1.39996105002396));
#15881=CARTESIAN_POINT('',(7.76993039750311,7.55872906365911,1.39996105002396));
#15882=CARTESIAN_POINT('',(7.76993039750311,9.15872906365911,2.59996105002396));
#15883=CARTESIAN_POINT('',(7.76993039750311,9.15872906365911,2.29996105002396));
#15884=CARTESIAN_POINT('',(7.76993039750311,8.5587290636591,2.59996105002396));
#15885=CARTESIAN_POINT('',(7.76993039750311,7.55872906365911,2.59996105002396));
#15886=CARTESIAN_POINT('',(7.76993039750311,7.55872906365911,3.59996105002396));
#15887=CARTESIAN_POINT('',(7.76993039750311,8.05872906365911,3.09996105002396));
#15888=CARTESIAN_POINT('',(7.76993039750311,7.55872906365911,0.85));
#15889=CARTESIAN_POINT('',(7.76993039750311,7.55872906365911,1.04998052501198));
#15890=CARTESIAN_POINT('Origin',(7.76993039750311,7.40872906365911,0.85));
#15891=CARTESIAN_POINT('Origin',(8.02403349814544,7.55872906365911,0.7));
#15892=CARTESIAN_POINT('',(7.26993039750311,7.55872906365911,1.39996105002396));
#15893=CARTESIAN_POINT('',(7.89698194782427,7.55872906365911,1.39996105002396));
#15894=CARTESIAN_POINT('',(7.26993039750311,7.55872906365911,0.85));
#15895=CARTESIAN_POINT('',(7.26993039750311,7.55872906365911,0.69999999217689));
#15896=CARTESIAN_POINT('',(3.78817678265179,7.55872906365911,0.85));
#15897=CARTESIAN_POINT('Origin',(7.76993039750311,7.55872906365911,1.39996105002396));
#15898=CARTESIAN_POINT('',(3.96993039750311,9.15872906365911,1.39996105002396));
#15899=CARTESIAN_POINT('',(3.96993039750311,7.55872906365911,1.39996105002396));
#15900=CARTESIAN_POINT('Origin',(5.86993039750311,9.15872906365911,1.39996105002396));
#15901=CARTESIAN_POINT('',(7.26993039750311,7.55872906365911,1.39996105002396));
#15902=CARTESIAN_POINT('',(7.31993039750311,9.1087290636591,1.39996105002396));
#15903=CARTESIAN_POINT('Origin',(5.86993039750311,9.1087290636591,1.39996105002396));
#15904=CARTESIAN_POINT('Origin',(8.02403349814544,7.55872906365911,0.7));
#15905=CARTESIAN_POINT('',(3.96993039750311,7.55872906365911,3.59996105002396));
#15906=CARTESIAN_POINT('',(3.96993039750311,7.55872906365911,0.85));
#15907=CARTESIAN_POINT('',(3.96993039750311,7.55872906365911,1.04998052501198));
#15908=CARTESIAN_POINT('',(3.78817678265179,7.55872906365911,0.85));
#15909=CARTESIAN_POINT('',(-4.56939336382915,7.55872906365911,5.1));
#15910=CARTESIAN_POINT('',(3.78817678265179,7.55872906365911,5.1));
#15911=CARTESIAN_POINT('',(-4.56939336382915,7.55872906365911,4.1));
#15912=CARTESIAN_POINT('',(-4.56939336382915,7.55872906365911,2.975));
#15913=CARTESIAN_POINT('',(2.23060663617085,7.55872906365911,4.1));
#15914=CARTESIAN_POINT('',(3.42732006715815,7.55872906365911,4.1));
#15915=CARTESIAN_POINT('',(2.23060663617085,7.55872906365911,5.1));
#15916=CARTESIAN_POINT('',(2.23060663617085,7.55872906365911,2.975));
#15917=CARTESIAN_POINT('',(7.87403349814544,7.55872906365911,5.1));
#15918=CARTESIAN_POINT('',(3.78817678265179,7.55872906365911,5.1));
#15919=CARTESIAN_POINT('',(7.87403349814544,7.55872906365911,0.85));
#15920=CARTESIAN_POINT('',(7.87403349814544,7.55872906365911,0.7));
#15921=CARTESIAN_POINT('',(3.78817678265179,7.55872906365911,0.85));
#15922=CARTESIAN_POINT('',(7.26993039750311,7.55872906365911,3.59996105002396));
#15923=CARTESIAN_POINT('',(7.64698194782427,7.55872906365911,3.59996105002396));
#15924=CARTESIAN_POINT('',(7.26993039750311,7.55872906365911,2.59996105002396));
#15925=CARTESIAN_POINT('',(7.26993039750311,7.55872906365911,1.64998052501198));
#15926=CARTESIAN_POINT('',(4.46993039750311,7.55872906365911,2.59996105002396));
#15927=CARTESIAN_POINT('',(5.99698194782427,7.55872906365911,2.59996105002396));
#15928=CARTESIAN_POINT('',(4.46993039750311,7.55872906365911,3.59996105002396));
#15929=CARTESIAN_POINT('',(4.46993039750311,7.55872906365911,2.14998052501198));
#15930=CARTESIAN_POINT('',(5.99698194782427,7.55872906365911,3.59996105002396));
#15931=CARTESIAN_POINT('Origin',(3.78817678265179,7.40872906365911,0.85));
#15932=CARTESIAN_POINT('Origin',(3.96993039750311,7.40872906365911,0.85));
#15933=CARTESIAN_POINT('Origin',(-8.76939336382915,7.40872906365911,0.85));
#15934=CARTESIAN_POINT('Origin',(3.78817678265179,7.40872906365911,0.85));
#15935=CARTESIAN_POINT('Origin',(7.26993039750311,7.40872906365911,0.85));
#15936=CARTESIAN_POINT('Origin',(7.26993039750311,7.55872906365911,0.85));
#15937=CARTESIAN_POINT('Origin',(4.09493039750311,8.0587290636591,3.09996105002396));
#15938=CARTESIAN_POINT('',(4.46993039750311,8.5587290636591,2.59996105002396));
#15939=CARTESIAN_POINT('',(4.46993039750311,7.80872906365911,3.34996105002396));
#15940=CARTESIAN_POINT('',(3.96993039750311,8.5587290636591,2.59996105002396));
#15941=CARTESIAN_POINT('',(4.09493039750311,8.5587290636591,2.59996105002396));
#15942=CARTESIAN_POINT('',(3.96993039750311,8.3587290636591,2.79996105002396));
#15943=CARTESIAN_POINT('Origin',(4.46993039750311,7.55872906365911,3.59996105002396));
#15944=CARTESIAN_POINT('',(4.46993039750311,7.55872906365911,2.59996105002396));
#15945=CARTESIAN_POINT('Origin',(7.39493039750311,8.0587290636591,3.09996105002396));
#15946=CARTESIAN_POINT('',(7.26993039750311,8.5587290636591,2.59996105002396));
#15947=CARTESIAN_POINT('',(5.74493039750311,8.5587290636591,2.59996105002396));
#15948=CARTESIAN_POINT('',(7.26993039750311,8.05872906365911,3.09996105002396));
#15949=CARTESIAN_POINT('Origin',(7.26993039750311,7.55872906365911,2.59996105002396));
#15950=CARTESIAN_POINT('',(7.26993039750311,7.55872906365911,2.59996105002396));
#15951=CARTESIAN_POINT('Origin',(3.96993039750311,7.55872906365911,2.59996105002396));
#15952=CARTESIAN_POINT('',(3.96993039750311,9.15872906365911,2.59996105002396));
#15953=CARTESIAN_POINT('Origin',(5.86993039750311,9.15872906365911,2.59996105002396));
#15954=CARTESIAN_POINT('',(3.96993039750311,7.55872906365911,2.59996105002396));
#15955=CARTESIAN_POINT('',(6.66993039750311,9.1087290636591,2.59996105002396));
#15956=CARTESIAN_POINT('Origin',(5.86993039750311,9.1087290636591,2.59996105002396));
#15957=CARTESIAN_POINT('Origin',(5.86993039750311,9.1087290636591,2.59996105002396));
#15958=CARTESIAN_POINT('',(6.66993039750311,9.1087290636591,1.64996105002396));
#15959=CARTESIAN_POINT('Origin',(5.86993039750311,9.1087290636591,1.64996105002396));
#15960=CARTESIAN_POINT('',(6.66993039750311,9.1087290636591,2.59996105002396));
#15961=CARTESIAN_POINT('Origin',(5.86993039750311,9.1087290636591,1.64996105002396));
#15962=CARTESIAN_POINT('',(7.31993039750311,9.1087290636591,1.64996105002396));
#15963=CARTESIAN_POINT('Origin',(5.86993039750311,9.1087290636591,1.64996105002396));
#15964=CARTESIAN_POINT('Origin',(5.86993039750311,9.1087290636591,2.59996105002396));
#15965=CARTESIAN_POINT('',(7.31993039750311,9.1087290636591,2.59996105002396));
#15966=CARTESIAN_POINT('Origin',(5.86993039750311,9.15872906365911,1.69996105002396));
#15967=CARTESIAN_POINT('',(3.96993039750311,9.15872906365911,1.69996105002396));
#15968=CARTESIAN_POINT('Origin',(3.96993039750311,7.55872906365911,1.39996105002396));
#15969=CARTESIAN_POINT('Ctrl Pts',(-6.78755423206866,-1.79243566162005,
12.5));
#15970=CARTESIAN_POINT('Ctrl Pts',(-4.95260024421928,-1.79158926683859,
13.0333333333333));
#15971=CARTESIAN_POINT('Ctrl Pts',(-3.118039958428,-1.79042155447274,13.3));
#15972=CARTESIAN_POINT('Ctrl Pts',(-1.28387337469482,-1.78893252452248,
13.3));
#15973=CARTESIAN_POINT('Ctrl Pts',(-6.78833388632744,-0.832068284134039,
12.5));
#15974=CARTESIAN_POINT('Ctrl Pts',(-4.95241863431661,-1.15134970158307,
13.0333333333333));
#15975=CARTESIAN_POINT('Ctrl Pts',(-3.11900122258946,-1.47029374224225,
13.3));
#15976=CARTESIAN_POINT('Ctrl Pts',(-1.28387337469482,-1.78893252452248,
13.3));
#15977=CARTESIAN_POINT('Ctrl Pts',(-6.27539760911146,1.08761548361877,12.5));
#15978=CARTESIAN_POINT('Ctrl Pts',(-4.6117454725157,0.128656474963462,13.0333333333333));
#15979=CARTESIAN_POINT('Ctrl Pts',(-2.94673810717439,-0.830616151035974,
13.3));
#15980=CARTESIAN_POINT('Ctrl Pts',(-1.28387337469482,-1.78893252452248,
13.3));
#15981=CARTESIAN_POINT('Ctrl Pts',(-4.16994215218135,3.19899640646281,12.5));
#15982=CARTESIAN_POINT('Ctrl Pts',(-3.20787671409535,1.53670509723291,13.0333333333333));
#15983=CARTESIAN_POINT('Ctrl Pts',(-2.24515140866463,-0.127283850461376,
13.3));
#15984=CARTESIAN_POINT('Ctrl Pts',(-1.28387337469482,-1.78893252452248,
13.3));
#15985=CARTESIAN_POINT('Ctrl Pts',(-1.28970613723256,3.97212504125653,12.5));
#15986=CARTESIAN_POINT('Ctrl Pts',(-1.28742595089129,2.05107668505114,13.0333333333333));
#15987=CARTESIAN_POINT('Ctrl Pts',(-1.2853661569199,0.131473196514107,13.3));
#15988=CARTESIAN_POINT('Ctrl Pts',(-1.28387337469482,-1.78893252452248,
13.3));
#15989=CARTESIAN_POINT('Ctrl Pts',(1.59065632705739,3.20266296903707,12.5));
#15990=CARTESIAN_POINT('Ctrl Pts',(0.633026375005217,1.53889007693839,13.0333333333333));
#15991=CARTESIAN_POINT('Ctrl Pts',(-0.325456018526458,-0.125802267592599,
13.3));
#15992=CARTESIAN_POINT('Ctrl Pts',(-1.28387337469482,-1.78893252452248,
13.3));
#15993=CARTESIAN_POINT('Ctrl Pts',(3.70193954218714,1.09688725928116,12.5));
#15994=CARTESIAN_POINT('Ctrl Pts',(2.04112762431596,0.135107438872486,13.0333333333333));
#15995=CARTESIAN_POINT('Ctrl Pts',(0.377725947292551,-0.827795339282605,
13.3));
#15996=CARTESIAN_POINT('Ctrl Pts',(-1.28387337469482,-1.78893252452248,
13.3));
#15997=CARTESIAN_POINT('Ctrl Pts',(4.47526373559123,-1.78323149307684,12.5));
#15998=CARTESIAN_POINT('Ctrl Pts',(2.55563757668479,-1.7854334230966,13.0333333333333));
#15999=CARTESIAN_POINT('Ctrl Pts',(0.63654018832781,-1.78737322967152,13.3));
#16000=CARTESIAN_POINT('Ctrl Pts',(-1.28387337469482,-1.78893252452248,
13.3));
#16001=CARTESIAN_POINT('Ctrl Pts',(3.70665713279384,-4.66463471894775,12.5));
#16002=CARTESIAN_POINT('Ctrl Pts',(2.04428440636645,-3.70683873068974,13.0333333333333));
#16003=CARTESIAN_POINT('Ctrl Pts',(0.379286755848756,-2.74737114794929,
13.3));
#16004=CARTESIAN_POINT('Ctrl Pts',(-1.28387337469482,-1.78893252452248,
13.3));
#16005=CARTESIAN_POINT('Ctrl Pts',(1.59896849961668,-6.7736740730985,12.5));
#16006=CARTESIAN_POINT('Ctrl Pts',(0.638644450314984,-5.11274549227478,
13.0333333333333));
#16007=CARTESIAN_POINT('Ctrl Pts',(-0.322761921276932,-3.450503740515,13.3));
#16008=CARTESIAN_POINT('Ctrl Pts',(-1.28387337469482,-1.78893252452248,
13.3));
#16009=CARTESIAN_POINT('Ctrl Pts',(-1.28027924603775,-7.54791918329476,
12.5));
#16010=CARTESIAN_POINT('Ctrl Pts',(-1.28112942532573,-5.62815522489129,
13.0333333333333));
#16011=CARTESIAN_POINT('Ctrl Pts',(-1.28223579129065,-3.70933911809475,
13.3));
#16012=CARTESIAN_POINT('Ctrl Pts',(-1.28387337469482,-1.78893252452248,
13.3));
#16013=CARTESIAN_POINT('Ctrl Pts',(-4.16067772228747,-6.77838744374367,
12.5));
#16014=CARTESIAN_POINT('Ctrl Pts',(-3.20128420257421,-5.11582048640178,
13.0333333333333));
#16015=CARTESIAN_POINT('Ctrl Pts',(-2.24247949029188,-3.45214211703317,
13.3));
#16016=CARTESIAN_POINT('Ctrl Pts',(-1.28387337469482,-1.78893252452248,
13.3));
#16017=CARTESIAN_POINT('Ctrl Pts',(-6.27175161098802,-4.67276679899488,
12.5));
#16018=CARTESIAN_POINT('Ctrl Pts',(-4.60970792842998,-3.71245905148664,
13.0333333333333));
#16019=CARTESIAN_POINT('Ctrl Pts',(-2.94512965313667,-2.74988290719952,
13.3));
#16020=CARTESIAN_POINT('Ctrl Pts',(-1.28387337469482,-1.78893252452248,
13.3));
#16021=CARTESIAN_POINT('Ctrl Pts',(-6.78677457780987,-2.75280303910606,
12.5));
#16022=CARTESIAN_POINT('Ctrl Pts',(-4.95135341818774,-2.43178979055426,
13.0333333333333));
#16023=CARTESIAN_POINT('Ctrl Pts',(-3.11850713020075,-2.11058840824307,
13.3));
#16024=CARTESIAN_POINT('Ctrl Pts',(-1.28387337469482,-1.78893252452248,
13.3));
#16025=CARTESIAN_POINT('Ctrl Pts',(-6.78755423206866,-1.79243566162005,
12.5));
#16026=CARTESIAN_POINT('Ctrl Pts',(-4.95260024421928,-1.79158926683859,
13.0333333333333));
#16027=CARTESIAN_POINT('Ctrl Pts',(-3.118039958428,-1.79042155447274,13.3));
#16028=CARTESIAN_POINT('Ctrl Pts',(-1.28387337469482,-1.78893252452248,
13.3));
#16029=CARTESIAN_POINT('',(-1.28387337469482,-1.78893252452248,13.3));
#16030=CARTESIAN_POINT('Ctrl Pts',(-6.78755423206866,-1.79243566162005,
12.5));
#16031=CARTESIAN_POINT('Ctrl Pts',(-4.95260024421928,-1.79158926683859,
13.0333333333333));
#16032=CARTESIAN_POINT('Ctrl Pts',(-3.118039958428,-1.79042155447274,13.3));
#16033=CARTESIAN_POINT('Ctrl Pts',(-1.28387337469482,-1.78893252452248,
13.3));
#16034=CARTESIAN_POINT('Origin',(-1.28505448086912,-1.78796857176928,10.85));
#16035=CARTESIAN_POINT('Origin',(-7.78505448086912,-1.78796857176928,10.85));
#16036=CARTESIAN_POINT('Origin',(-1.28505448086912,-1.78796857176928,9.75));
#16037=CARTESIAN_POINT('',(-5.98505448086912,-1.78796857176928,9.75));
#16038=CARTESIAN_POINT('',(-5.98505448086912,-1.78796857176928,9.75));
#16039=CARTESIAN_POINT('Origin',(-1.28505448086912,-1.78796857176928,9.75));
#16040=CARTESIAN_POINT('Origin',(-1.28505448086912,-1.78796857176928,9.75));
#16041=CARTESIAN_POINT('',(-3.53505448086912,-1.78796857176928,9.75));
#16042=CARTESIAN_POINT('Origin',(-1.28505448086912,-1.78796857176928,9.75));
#16043=CARTESIAN_POINT('Ctrl Pts',(0.782616703570356,-1.79745640299278,
8.80696246785608));
#16044=CARTESIAN_POINT('Ctrl Pts',(0.779686380534904,-2.41595908532637,
8.80591629158414));
#16045=CARTESIAN_POINT('Ctrl Pts',(0.180293364161355,-3.64102568120626,
8.80258394722328));
#16046=CARTESIAN_POINT('Ctrl Pts',(-1.82068933358273,-4.09456575047085,
8.79756808036241));
#16047=CARTESIAN_POINT('Ctrl Pts',(-3.42535487470493,-2.80524272153167,
8.79632840880167));
#16048=CARTESIAN_POINT('Ctrl Pts',(-3.40869923875879,-0.753088294471669,
8.79982222137141));
#16049=CARTESIAN_POINT('Ctrl Pts',(-1.80167093700515,0.526366410938606,
8.80538805742897));
#16050=CARTESIAN_POINT('Ctrl Pts',(0.198870987652357,0.0524002892902408,
8.80883401802271));
#16051=CARTESIAN_POINT('Ctrl Pts',(0.785547026605809,-1.17895372065919,
8.80800864412802));
#16052=CARTESIAN_POINT('Ctrl Pts',(0.782616703570356,-1.79745640299278,
8.80696246785608));
#16053=CARTESIAN_POINT('Ctrl Pts',(0.7428053016492,-1.79729819281957,8.82493922007873));
#16054=CARTESIAN_POINT('Ctrl Pts',(0.73994934692236,-2.40386358253371,8.82390554917039));
#16055=CARTESIAN_POINT('Ctrl Pts',(0.152108983475891,-3.60539526978135,
8.82061166247691));
#16056=CARTESIAN_POINT('Ctrl Pts',(-1.81039289737606,-4.0503141641346,8.81565474879237));
#16057=CARTESIAN_POINT('Ctrl Pts',(-3.38430989231212,-2.78574410388943,
8.81442942386768));
#16058=CARTESIAN_POINT('Ctrl Pts',(-3.36791744333485,-0.772961081618625,
8.81788233046308));
#16059=CARTESIAN_POINT('Ctrl Pts',(-1.79169495887152,0.481751790544146,
8.82338285396171));
#16060=CARTESIAN_POINT('Ctrl Pts',(0.170233623899951,0.0168885601361025,
8.8267881696315));
#16061=CARTESIAN_POINT('Ctrl Pts',(0.745661256376039,-1.19073280310542,
8.82597289098708));
#16062=CARTESIAN_POINT('Ctrl Pts',(0.7428053016492,-1.79729819281957,8.82493922007873));
#16063=CARTESIAN_POINT('Ctrl Pts',(0.684026118502947,-1.79711280649552,
8.87997779935997));
#16064=CARTESIAN_POINT('Ctrl Pts',(0.681273232519187,-2.38618320186356,
8.87893809377439));
#16065=CARTESIAN_POINT('Ctrl Pts',(0.110569084498962,-3.55302203257036,
8.87562670419244));
#16066=CARTESIAN_POINT('Ctrl Pts',(-1.79538203079805,-3.98528076185626,
8.8706410233836));
#16067=CARTESIAN_POINT('Ctrl Pts',(-3.32404214909671,-2.75711232047318,
8.86940870562375));
#16068=CARTESIAN_POINT('Ctrl Pts',(-3.30798965679577,-0.802271537056929,
8.8728817453131));
#16069=CARTESIAN_POINT('Ctrl Pts',(-1.77717465087278,0.416176175838448,
8.87841349527536));
#16070=CARTESIAN_POINT('Ctrl Pts',(0.128054032190128,-0.0353947716898408,
8.88183778982706));
#16071=CARTESIAN_POINT('Ctrl Pts',(0.686779004486707,-1.20804241112746,
8.88101750494556));
#16072=CARTESIAN_POINT('Ctrl Pts',(0.684026118502947,-1.79711280649552,
8.87997779935997));
#16073=CARTESIAN_POINT('Ctrl Pts',(0.664923896740966,-1.79715170434572,
8.95647934818042));
#16074=CARTESIAN_POINT('Ctrl Pts',(0.662176641314894,-2.38052689370296,
8.9554057725481));
#16075=CARTESIAN_POINT('Ctrl Pts',(0.0968613454801533,-3.53607717977886,
8.95198631527793));
#16076=CARTESIAN_POINT('Ctrl Pts',(-1.79057905809736,-3.96398697456319,
8.94683885044974));
#16077=CARTESIAN_POINT('Ctrl Pts',(-3.30428601461988,-2.74778787030567,
8.94556662836469));
#16078=CARTESIAN_POINT('Ctrl Pts',(-3.28850551085555,-0.812004926476583,
8.94915218141619));
#16079=CARTESIAN_POINT('Ctrl Pts',(-1.77259873338176,0.394734006064166,
8.95486385095792));
#16080=CARTESIAN_POINT('Ctrl Pts',(0.114293798601558,-0.0523713599978083,
8.95839992783393));
#16081=CARTESIAN_POINT('Ctrl Pts',(0.667671152167038,-1.21377651498845,
8.95755292381274));
#16082=CARTESIAN_POINT('Ctrl Pts',(0.664923896740966,-1.79715170434572,
8.95647934818042));
#16083=CARTESIAN_POINT('Ctrl Pts',(0.664923634202593,-1.79720711826622,
8.98924096657032));
#16084=CARTESIAN_POINT('Ctrl Pts',(0.662159589962641,-2.38061336932319,
8.9881529432475));
#16085=CARTESIAN_POINT('Ctrl Pts',(0.0967786424251715,-3.53616455836713,
8.98468730511222));
#16086=CARTESIAN_POINT('Ctrl Pts',(-1.79065992084227,-3.96396886556181,
8.97947080357691));
#16087=CARTESIAN_POINT('Ctrl Pts',(-3.30427002195661,-2.74780742245081,
8.97818154515373));
#16088=CARTESIAN_POINT('Ctrl Pts',(-3.28855949651532,-0.812100827996078,
8.98181511022626));
#16089=CARTESIAN_POINT('Ctrl Pts',(-1.7727207076984,0.394752261572318,8.98760357972612));
#16090=CARTESIAN_POINT('Ctrl Pts',(0.114302093792494,-0.0523190382894898,
8.99118737874362));
#16091=CARTESIAN_POINT('Ctrl Pts',(0.667687678442546,-1.21380086720922,
8.99032898989314));
#16092=CARTESIAN_POINT('Ctrl Pts',(0.664923634202593,-1.79720711826622,
8.98924096657032));
#16093=CARTESIAN_POINT('',(0.782616703570356,-1.79745640299278,8.80696246785608));
#16094=CARTESIAN_POINT('',(0.664923634202593,-1.79720711826622,8.98924096657032));
#16095=CARTESIAN_POINT('Origin',(0.864921389594564,-1.79815466149667,8.98924096657032));
#16096=CARTESIAN_POINT('',(-3.23334384147713,-1.78942604173413,8.9801284464372));
#16097=CARTESIAN_POINT('Ctrl Pts',(0.664923634202593,-1.79720711826622,
8.98924096657032));
#16098=CARTESIAN_POINT('Ctrl Pts',(0.662159589962641,-2.38061336932319,
8.9881529432475));
#16099=CARTESIAN_POINT('Ctrl Pts',(0.0967786424251715,-3.53616455836713,
8.98468730511222));
#16100=CARTESIAN_POINT('Ctrl Pts',(-1.79065992084227,-3.96396886556181,
8.97947080357691));
#16101=CARTESIAN_POINT('Ctrl Pts',(-3.04933387201054,-2.95264453062769,
8.97839869392834));
#16102=CARTESIAN_POINT('Ctrl Pts',(-3.23401199678805,-2.07877690036222,
8.97958940382101));
#16103=CARTESIAN_POINT('Ctrl Pts',(-3.23334384147713,-1.78942604173413,
8.98012844643721));
#16104=CARTESIAN_POINT('Ctrl Pts',(-3.23334384147713,-1.78942604173413,
8.98012844643721));
#16105=CARTESIAN_POINT('Ctrl Pts',(-3.23266140330845,-1.49388985899527,
8.98067901192673));
#16106=CARTESIAN_POINT('Ctrl Pts',(-3.03859142629282,-0.61308577437225,
8.98276965272847));
#16107=CARTESIAN_POINT('Ctrl Pts',(-1.7727207076984,0.394752261572318,8.98760357972612));
#16108=CARTESIAN_POINT('Ctrl Pts',(0.114302093792494,-0.0523190382894898,
8.99118737874362));
#16109=CARTESIAN_POINT('Ctrl Pts',(0.667687678442546,-1.21380086720922,
8.99032898989314));
#16110=CARTESIAN_POINT('Ctrl Pts',(0.664923634202593,-1.79720711826622,
8.98924096657032));
#16111=CARTESIAN_POINT('',(-3.3501305020672,-1.78152573815927,8.79821343732251));
#16112=CARTESIAN_POINT('Ctrl Pts',(0.782616703570356,-1.79745640299278,
8.80696246785608));
#16113=CARTESIAN_POINT('Ctrl Pts',(0.785547026605809,-1.17895372065919,
8.80800864412802));
#16114=CARTESIAN_POINT('Ctrl Pts',(0.198870987652357,0.0524002892902408,
8.80883401802271));
#16115=CARTESIAN_POINT('Ctrl Pts',(-1.80167093700515,0.526366410938606,
8.80538805742897));
#16116=CARTESIAN_POINT('Ctrl Pts',(-3.14148164838989,-0.54033983012116,
8.8007477117925));
#16117=CARTESIAN_POINT('Ctrl Pts',(-3.34830510991849,-1.47077123693175,
8.79874085409901));
#16118=CARTESIAN_POINT('Ctrl Pts',(-3.3501305020672,-1.78152573815927,8.79821343732251));
#16119=CARTESIAN_POINT('Ctrl Pts',(-3.3501305020672,-1.78152573815927,8.79821343732251));
#16120=CARTESIAN_POINT('Ctrl Pts',(-3.35194745654208,-2.09084381098776,
8.79768845847187));
#16121=CARTESIAN_POINT('Ctrl Pts',(-3.15729107016959,-3.0206276896483,8.79653549935508));
#16122=CARTESIAN_POINT('Ctrl Pts',(-1.82068933358273,-4.09456575047085,
8.79756808036241));
#16123=CARTESIAN_POINT('Ctrl Pts',(0.180293364161355,-3.64102568120626,
8.80258394722328));
#16124=CARTESIAN_POINT('Ctrl Pts',(0.779686380534904,-2.41595908532637,
8.80591629158414));
#16125=CARTESIAN_POINT('Ctrl Pts',(0.782616703570356,-1.79745640299278,
8.80696246785608));
#16126=CARTESIAN_POINT('Origin',(-1.28505448086912,-1.78796857176928,9.75));
#16127=CARTESIAN_POINT('',(-3.23505448086912,-1.78796857176928,9.16715728752538));
#16128=CARTESIAN_POINT('',(-3.23505448086912,-1.78796857176928,9.75));
#16129=CARTESIAN_POINT('',(0.664945519130882,-1.78796857176928,9.16715728752538));
#16130=CARTESIAN_POINT('Origin',(-1.28505448086912,-1.78796857176928,9.16715728752538));
#16131=CARTESIAN_POINT('Origin',(-1.28505448086912,-1.78796857176928,9.16715728752538));
#16132=CARTESIAN_POINT('Origin',(-1.27500044703483,-1.77999994039536,4.25));
#16133=CARTESIAN_POINT('',(-5.6883325215563,-1.77999994039536,6.6));
#16134=CARTESIAN_POINT('Origin',(-1.27500044703483,-1.77999994039536,4.25));
#16135=CARTESIAN_POINT('Origin',(-1.27500044703483,-1.77999994039536,6.6));
#16136=CARTESIAN_POINT('Origin',(-1.28505448086912,-1.78796857176928,9.16715728752538));
#16137=CARTESIAN_POINT('',(-3.29363312463181,-1.78796857176928,9.30857864376269));
#16138=CARTESIAN_POINT('',(0.723524162893573,-1.78796857176928,9.30857864376269));
#16139=CARTESIAN_POINT('Origin',(-1.28505448086912,-1.78796857176928,9.30857864376269));
#16140=CARTESIAN_POINT('Origin',(0.864945519130882,-1.78796857176928,9.16715728752538));
#16141=CARTESIAN_POINT('Origin',(-1.28505448086912,-1.78796857176928,9.30857864376269));
#16142=CARTESIAN_POINT('Origin',(-1.28505448086912,-1.78796857176928,9.4));
#16143=CARTESIAN_POINT('',(-3.53505448086912,-1.78796857176928,9.55));
#16144=CARTESIAN_POINT('',(-3.38505448086912,-1.78796857176928,9.4));
#16145=CARTESIAN_POINT('Origin',(-1.28505448086912,-1.78796857176928,9.55));
#16146=CARTESIAN_POINT('Origin',(-1.28505448086912,-1.78796857176928,9.75));
#16147=CARTESIAN_POINT('',(-3.53505448086912,-1.78796857176928,9.75));
#16148=CARTESIAN_POINT('Origin',(-24.2073519602395,-2.12397030213741,6.6));
#16149=CARTESIAN_POINT('',(-5.33900925772082,-1.74999976158142,6.6));
#16150=CARTESIAN_POINT('Origin',(-1.24999959766865,-1.74999976158142,6.6));
#16151=CARTESIAN_POINT('Origin',(-1.24999959766865,-1.74999976158142,3.9));
#16152=CARTESIAN_POINT('Origin',(-1.24999959766865,-1.74999976158142,3.9));
#16153=CARTESIAN_POINT('Origin',(-4.6835366483355,1.23801411738394,0.85));
#16154=CARTESIAN_POINT('Origin',(-8.76939336382915,1.23801411738394,0.85));
#16155=CARTESIAN_POINT('Origin',(-8.46939336382915,1.23801411738394,0.85));
#16156=CARTESIAN_POINT('Origin',(-8.46939336382915,-0.27662840947848,0.85));
#16157=CARTESIAN_POINT('Origin',(7.87403349814544,-6.2412709363409,0.85));
#16158=CARTESIAN_POINT('',(8.02403349814544,-7.80182647680613,0.85));
#16159=CARTESIAN_POINT('Origin',(7.87403349814544,-7.80182647680613,0.85));
#16160=CARTESIAN_POINT('',(8.02403349814544,-6.2412709363409,0.85));
#16161=CARTESIAN_POINT('Origin',(3.78817678265179,-7.80182647680613,0.85));
#16162=CARTESIAN_POINT('',(7.72403349814544,-7.65182647680613,0.85));
#16163=CARTESIAN_POINT('',(7.87403349814544,-7.65182647680613,0.85));
#16164=CARTESIAN_POINT('',(3.78817678265179,-7.65182647680613,0.85));
#16165=CARTESIAN_POINT('Origin',(7.87403349814544,-7.80182647680613,0.85));
#16166=CARTESIAN_POINT('Origin',(7.57403349814544,-7.80182647680613,0.85));
#16167=CARTESIAN_POINT('Origin',(7.57403349814544,-4.64654870657351,0.85));
#16168=CARTESIAN_POINT('',(7.72403349814544,-4.16334411108685,0.85));
#16169=CARTESIAN_POINT('',(7.72403349814544,-4.64654870657351,0.85));
#16170=CARTESIAN_POINT('Origin',(7.57403349814544,-4.01334411108685,0.85));
#16171=CARTESIAN_POINT('Origin',(3.63817678265179,-4.01334411108685,0.85));
#16172=CARTESIAN_POINT('',(7.87403349814544,-4.16334411108685,0.85));
#16173=CARTESIAN_POINT('Origin',(7.87403349814544,-4.01334411108685,0.85));
#16174=CARTESIAN_POINT('',(3.63817678265179,-4.16334411108685,0.85));
#16175=CARTESIAN_POINT('Origin',(7.87403349814544,-7.80182647680613,0.85));
#16176=CARTESIAN_POINT('Origin',(7.87403349814544,-7.80182647680613,0.85));
#16177=CARTESIAN_POINT('Origin',(7.87403349814544,-2.90230752371388,0.85));
#16178=CARTESIAN_POINT('',(8.02403349814544,-4.01334411108685,0.85));
#16179=CARTESIAN_POINT('Origin',(7.87403349814544,-4.01334411108685,0.85));
#16180=CARTESIAN_POINT('',(8.02403349814544,7.40872906365911,0.85));
#16181=CARTESIAN_POINT('Origin',(7.87403349814544,7.40872906365911,0.85));
#16182=CARTESIAN_POINT('',(8.02403349814544,-2.90230752371388,0.85));
#16183=CARTESIAN_POINT('Origin',(7.87403349814544,-4.01334411108685,0.85));
#16184=CARTESIAN_POINT('Origin',(7.87403349814544,-4.01334411108685,0.85));
#16185=CARTESIAN_POINT('Origin',(3.78817678265179,7.40872906365911,0.85));
#16186=CARTESIAN_POINT('Origin',(7.87403349814544,7.40872906365911,0.85));
#16187=CARTESIAN_POINT('Origin',(7.87403349814544,7.40872906365911,0.85));
#16188=CARTESIAN_POINT('Origin',(7.87403349814544,7.40872906365911,0.85));
#16189=CARTESIAN_POINT('Origin',(-8.76939336382915,2.9587290636591,0.85));
#16190=CARTESIAN_POINT('Origin',(-8.76939336382915,7.40872906365911,0.85));
#16191=CARTESIAN_POINT('Origin',(-8.76939336382915,1.23801411738394,0.85));
#16192=CARTESIAN_POINT('Origin',(-8.76939336382915,7.40872906365911,0.85));
#16193=CARTESIAN_POINT('Origin',(-8.76939336382915,1.23801411738394,0.85));
#16194=CARTESIAN_POINT('Origin',(8.02403349814544,-10.8412709363409,0.7));
#16195=CARTESIAN_POINT('',(8.02403349814544,-7.80182647680613,5.1));
#16196=CARTESIAN_POINT('',(8.02403349814544,-7.80182647680613,0.7));
#16197=CARTESIAN_POINT('',(8.02403349814544,-7.9805530224755,5.1));
#16198=CARTESIAN_POINT('',(8.02403349814544,-6.2412709363409,5.1));
#16199=CARTESIAN_POINT('',(8.02403349814544,-7.9805530224755,3.8));
#16200=CARTESIAN_POINT('',(8.02403349814544,-7.9805530224755,2.975));
#16201=CARTESIAN_POINT('',(8.02403349814544,-10.8412709363409,3.8));
#16202=CARTESIAN_POINT('',(8.02403349814544,-10.1635914578745,3.8));
#16203=CARTESIAN_POINT('',(8.02403349814544,-10.8412709363409,0.7));
#16204=CARTESIAN_POINT('Origin',(7.87403349814544,-7.80182647680613,0.7));
#16205=CARTESIAN_POINT('',(7.87403349814544,-7.65182647680613,5.1));
#16206=CARTESIAN_POINT('',(7.87403349814544,-7.65182647680613,0.7));
#16207=CARTESIAN_POINT('Origin',(7.87403349814544,-7.80182647680613,5.1));
#16208=CARTESIAN_POINT('Origin',(8.02403349814544,-7.65182647680613,0.7));
#16209=CARTESIAN_POINT('',(7.72403349814544,-7.65182647680613,5.1));
#16210=CARTESIAN_POINT('',(7.72403349814544,-7.65182647680613,0.7));
#16211=CARTESIAN_POINT('',(3.78817678265179,-7.65182647680613,5.1));
#16212=CARTESIAN_POINT('Origin',(7.72403349814544,-7.65182647680613,0.7));
#16213=CARTESIAN_POINT('',(7.72403349814544,-4.16334411108685,5.1));
#16214=CARTESIAN_POINT('',(7.72403349814544,-4.16334411108685,0.7));
#16215=CARTESIAN_POINT('',(7.72403349814544,-4.64654870657351,5.1));
#16216=CARTESIAN_POINT('Origin',(7.72403349814544,-4.16334411108685,0.7));
#16217=CARTESIAN_POINT('',(7.87403349814544,-4.16334411108685,5.1));
#16218=CARTESIAN_POINT('',(7.87403349814544,-4.16334411108685,0.7));
#16219=CARTESIAN_POINT('',(3.63817678265179,-4.16334411108685,5.1));
#16220=CARTESIAN_POINT('Origin',(7.87403349814544,-4.01334411108685,0.7));
#16221=CARTESIAN_POINT('',(8.02403349814544,-4.01334411108685,5.1));
#16222=CARTESIAN_POINT('',(8.02403349814544,-4.01334411108685,0.7));
#16223=CARTESIAN_POINT('Origin',(7.87403349814544,-4.01334411108685,5.1));
#16224=CARTESIAN_POINT('Origin',(8.02403349814544,-4.16334411108685,0.7));
#16225=CARTESIAN_POINT('',(8.02403349814544,7.40872906365911,5.1));
#16226=CARTESIAN_POINT('',(8.02403349814544,7.40872906365911,0.7));
#16227=CARTESIAN_POINT('',(8.02403349814544,-2.90230752371388,5.1));
#16228=CARTESIAN_POINT('Origin',(7.87403349814544,7.40872906365911,0.7));
#16229=CARTESIAN_POINT('Origin',(7.87403349814544,7.40872906365911,5.1));
#16230=CARTESIAN_POINT('Origin',(2.17403349814544,-10.6912709363409,5.1));
#16231=CARTESIAN_POINT('',(2.17403349814544,-10.8412709363409,5.1));
#16232=CARTESIAN_POINT('Origin',(2.17403349814544,-10.6912709363409,5.1));
#16233=CARTESIAN_POINT('Origin',(2.17403349814544,-10.6912709363409,5.1));
#16234=CARTESIAN_POINT('Origin',(2.17403349814544,-10.6912709363409,2.975));
#16235=CARTESIAN_POINT('',(2.17403349814544,-10.8412709363409,3.8));
#16236=CARTESIAN_POINT('',(2.17403349814544,-10.8412709363409,2.975));
#16237=CARTESIAN_POINT('Origin',(2.17403349814544,-10.6912709363409,3.8));
#16238=CARTESIAN_POINT('Origin',(7.87403349814544,-7.9805530224755,5.1));
#16239=CARTESIAN_POINT('',(7.87403349814544,-8.1305530224755,5.1));
#16240=CARTESIAN_POINT('Origin',(7.87403349814544,-7.9805530224755,5.1));
#16241=CARTESIAN_POINT('Origin',(7.87403349814544,-7.9805530224755,5.1));
#16242=CARTESIAN_POINT('Origin',(7.87403349814544,-7.9805530224755,5.1));
#16243=CARTESIAN_POINT('Origin',(-8.46939336382915,-0.27662840947848,5.1));
#16244=CARTESIAN_POINT('Origin',(-8.46939336382915,1.23801411738394,5.1));
#16245=CARTESIAN_POINT('Origin',(7.87403349814544,-7.80182647680613,5.1));
#16246=CARTESIAN_POINT('Origin',(7.87403349814544,-7.80182647680613,5.1));
#16247=CARTESIAN_POINT('Origin',(7.87403349814544,-7.80182647680613,5.1));
#16248=CARTESIAN_POINT('Origin',(-8.76939336382915,1.23801411738394,5.1));
#16249=CARTESIAN_POINT('Origin',(-8.76939336382915,1.23801411738394,5.1));
#16250=CARTESIAN_POINT('Origin',(-8.76939336382915,1.23801411738394,5.1));
#16251=CARTESIAN_POINT('Origin',(-4.6835366483355,1.23801411738394,5.1));
#16252=CARTESIAN_POINT('Origin',(-8.76939336382915,7.40872906365911,5.1));
#16253=CARTESIAN_POINT('Origin',(-8.76939336382915,7.40872906365911,5.1));
#16254=CARTESIAN_POINT('Origin',(-8.76939336382915,7.40872906365911,5.1));
#16255=CARTESIAN_POINT('Origin',(-8.76939336382915,2.9587290636591,5.1));
#16256=CARTESIAN_POINT('Origin',(-4.56939336382915,7.40872906365911,5.1));
#16257=CARTESIAN_POINT('',(-4.41939336382915,7.40872906365911,5.1));
#16258=CARTESIAN_POINT('Origin',(-4.56939336382915,7.40872906365911,5.1));
#16259=CARTESIAN_POINT('Origin',(-4.56939336382915,7.40872906365911,5.1));
#16260=CARTESIAN_POINT('Origin',(-4.56939336382915,7.40872906365911,5.1));
#16261=CARTESIAN_POINT('Origin',(3.78817678265179,7.40872906365911,5.1));
#16262=CARTESIAN_POINT('Origin',(7.87403349814544,-4.01334411108685,5.1));
#16263=CARTESIAN_POINT('Origin',(7.87403349814544,-4.01334411108685,5.1));
#16264=CARTESIAN_POINT('Origin',(7.87403349814544,-4.01334411108685,5.1));
#16265=CARTESIAN_POINT('Origin',(2.23060663617085,7.40872906365911,5.1));
#16266=CARTESIAN_POINT('Origin',(2.23060663617085,7.40872906365911,5.1));
#16267=CARTESIAN_POINT('',(2.08060663617085,7.40872906365911,5.1));
#16268=CARTESIAN_POINT('Origin',(2.23060663617085,7.40872906365911,5.1));
#16269=CARTESIAN_POINT('Origin',(2.23060663617085,7.40872906365911,5.1));
#16270=CARTESIAN_POINT('Origin',(2.23060663617085,7.40872906365911,2.975));
#16271=CARTESIAN_POINT('',(2.08060663617085,7.40872906365911,4.25));
#16272=CARTESIAN_POINT('',(2.08060663617085,7.40872906365911,2.975));
#16273=CARTESIAN_POINT('Origin',(2.23060663617085,7.40872906365911,4.1));
#16274=CARTESIAN_POINT('Origin',(2.23060663617085,2.9587290636591,5.1));
#16275=CARTESIAN_POINT('',(2.08060663617085,6.5587290636591,5.1));
#16276=CARTESIAN_POINT('Origin',(2.23060663617085,6.5587290636591,5.1));
#16277=CARTESIAN_POINT('',(2.08060663617085,2.9587290636591,5.1));
#16278=CARTESIAN_POINT('Origin',(1.08060663617085,6.5587290636591,5.1));
#16279=CARTESIAN_POINT('',(1.08060663617085,5.5587290636591,5.1));
#16280=CARTESIAN_POINT('Origin',(1.08060663617085,5.4087290636591,5.1));
#16281=CARTESIAN_POINT('Origin',(1.08060663617085,6.5587290636591,5.1));
#16282=CARTESIAN_POINT('Origin',(0.816463351664499,5.4087290636591,5.1));
#16283=CARTESIAN_POINT('',(-3.41939336382915,5.5587290636591,5.1));
#16284=CARTESIAN_POINT('Origin',(-3.41939336382915,5.4087290636591,5.1));
#16285=CARTESIAN_POINT('',(0.816463351664499,5.5587290636591,5.1));
#16286=CARTESIAN_POINT('Origin',(-3.41939336382915,6.5587290636591,5.1));
#16287=CARTESIAN_POINT('',(-4.41939336382915,6.5587290636591,5.1));
#16288=CARTESIAN_POINT('Origin',(-4.56939336382915,6.5587290636591,5.1));
#16289=CARTESIAN_POINT('Origin',(-3.41939336382915,6.5587290636591,5.1));
#16290=CARTESIAN_POINT('Origin',(-4.56939336382915,1.9587290636591,5.1));
#16291=CARTESIAN_POINT('',(-4.41939336382915,1.9587290636591,5.1));
#16292=CARTESIAN_POINT('Origin',(7.87403349814544,7.40872906365911,5.1));
#16293=CARTESIAN_POINT('Origin',(7.87403349814544,7.40872906365911,5.1));
#16294=CARTESIAN_POINT('Origin',(7.87403349814544,7.40872906365911,5.1));
#16295=CARTESIAN_POINT('Origin',(3.78817678265179,7.40872906365911,5.1));
#16296=CARTESIAN_POINT('Origin',(7.87403349814544,-2.90230752371388,5.1));
#16297=CARTESIAN_POINT('Origin',(3.63817678265179,-4.01334411108685,5.1));
#16298=CARTESIAN_POINT('Origin',(7.57403349814544,-4.01334411108685,5.1));
#16299=CARTESIAN_POINT('Origin',(-4.56939336382915,7.40872906365911,2.975));
#16300=CARTESIAN_POINT('',(-4.41939336382915,7.40872906365911,4.25));
#16301=CARTESIAN_POINT('',(-4.41939336382915,7.40872906365911,2.975));
#16302=CARTESIAN_POINT('Origin',(-4.56939336382915,7.40872906365911,4.1));
#16303=CARTESIAN_POINT('Origin',(3.42732006715815,7.40872906365911,4.1));
#16304=CARTESIAN_POINT('',(3.42732006715815,7.40872906365911,4.25));
#16305=CARTESIAN_POINT('Origin',(7.57403349814544,-4.64654870657351,5.1));
#16306=CARTESIAN_POINT('Origin',(7.57403349814544,-7.80182647680613,5.1));
#16307=CARTESIAN_POINT('Origin',(3.78817678265179,-7.80182647680613,5.1));
#16308=CARTESIAN_POINT('Origin',(7.87403349814544,-6.2412709363409,5.1));
#16309=CARTESIAN_POINT('Origin',(3.32403349814544,-9.1305530224755,5.1));
#16310=CARTESIAN_POINT('',(3.32403349814544,-8.1305530224755,5.1));
#16311=CARTESIAN_POINT('Origin',(3.32403349814544,-7.9805530224755,5.1));
#16312=CARTESIAN_POINT('Origin',(3.32403349814544,-9.1305530224755,5.1));
#16313=CARTESIAN_POINT('Origin',(0.938176782651792,-7.9805530224755,5.1));
#16314=CARTESIAN_POINT('',(0.938176782651792,-8.1305530224755,5.1));
#16315=CARTESIAN_POINT('Origin',(7.87403349814544,-7.9805530224755,2.975));
#16316=CARTESIAN_POINT('',(7.87403349814544,-8.1305530224755,3.95));
#16317=CARTESIAN_POINT('',(7.87403349814544,-8.1305530224755,2.975));
#16318=CARTESIAN_POINT('Origin',(7.87403349814544,-7.9805530224755,3.8));
#16319=CARTESIAN_POINT('Origin',(-4.6835366483355,-10.6912709363409,5.1));
#16320=CARTESIAN_POINT('',(-4.6835366483355,-10.8412709363409,5.1));
#16321=CARTESIAN_POINT('Origin',(7.87403349814544,-10.1635914578745,3.8));
#16322=CARTESIAN_POINT('',(7.87403349814544,-10.6912709363409,3.95));
#16323=CARTESIAN_POINT('',(7.87403349814544,-10.1635914578745,3.95));
#16324=CARTESIAN_POINT('Origin',(7.87403349814544,-10.6912709363409,3.8));
#16325=CARTESIAN_POINT('Origin',(-4.6835366483355,-7.98027093634089,5.1));
#16326=CARTESIAN_POINT('',(-5.67596650185456,-8.13027093634089,5.1));
#16327=CARTESIAN_POINT('',(-4.6835366483355,-8.13027093634089,5.1));
#16328=CARTESIAN_POINT('Origin',(-5.67596650185456,-7.98027093634089,5.1));
#16329=CARTESIAN_POINT('Origin',(-5.67596650185456,-9.13027093634089,5.1));
#16330=CARTESIAN_POINT('',(-4.67596650185456,-9.13027093634089,5.1));
#16331=CARTESIAN_POINT('Origin',(-4.52596650185456,-9.13027093634089,5.1));
#16332=CARTESIAN_POINT('Origin',(-5.67596650185456,-9.13027093634089,5.1));
#16333=CARTESIAN_POINT('Origin',(-4.52596650185456,-4.8857709363409,5.1));
#16334=CARTESIAN_POINT('',(-4.67596650185456,-4.8857709363409,5.1));
#16335=CARTESIAN_POINT('Origin',(-1.87267993284185,-10.6912709363409,3.8));
#16336=CARTESIAN_POINT('',(-1.87267993284185,-10.8412709363409,3.8));
#16337=CARTESIAN_POINT('',(-1.87267993284185,-10.6912709363409,3.95));
#16338=CARTESIAN_POINT('Origin',(3.32403349814544,-9.1305530224755,5.25));
#16339=CARTESIAN_POINT('',(3.32403349814544,-8.1305530224755,3.95));
#16340=CARTESIAN_POINT('Origin',(3.32403349814544,-9.1305530224755,3.95));
#16341=CARTESIAN_POINT('',(3.32403349814544,-8.1305530224755,5.25));
#16342=CARTESIAN_POINT('Origin',(2.08060663617085,5.5587290636591,5.25));
#16343=CARTESIAN_POINT('',(1.08060663617085,5.5587290636591,4.25));
#16344=CARTESIAN_POINT('',(1.08060663617085,5.5587290636591,5.25));
#16345=CARTESIAN_POINT('',(-3.41939336382915,5.5587290636591,4.25));
#16346=CARTESIAN_POINT('',(-4.41939336382915,5.5587290636591,4.25));
#16347=CARTESIAN_POINT('',(-3.41939336382915,5.5587290636591,5.25));
#16348=CARTESIAN_POINT('Origin',(1.08060663617085,6.5587290636591,5.25));
#16349=CARTESIAN_POINT('',(2.08060663617085,6.5587290636591,4.25));
#16350=CARTESIAN_POINT('',(2.08060663617085,6.5587290636591,5.25));
#16351=CARTESIAN_POINT('Origin',(1.08060663617085,6.5587290636591,4.25));
#16352=CARTESIAN_POINT('Origin',(2.08060663617085,7.5587290636591,5.25));
#16353=CARTESIAN_POINT('',(2.08060663617085,5.5587290636591,4.25));
#16354=CARTESIAN_POINT('Origin',(-4.67596650185456,-8.13027093634089,5.25));
#16355=CARTESIAN_POINT('',(-4.67596650185456,-9.13027093634089,3.95));
#16356=CARTESIAN_POINT('',(-4.67596650185456,-10.8412709363409,3.95));
#16357=CARTESIAN_POINT('',(-4.67596650185456,-9.13027093634089,5.25));
#16358=CARTESIAN_POINT('Origin',(-5.67596650185456,-9.13027093634089,5.25));
#16359=CARTESIAN_POINT('',(-5.67596650185456,-8.13027093634089,3.95));
#16360=CARTESIAN_POINT('',(-5.67596650185456,-8.13027093634089,5.25));
#16361=CARTESIAN_POINT('Origin',(-5.67596650185456,-9.13027093634089,3.95));
#16362=CARTESIAN_POINT('Origin',(-3.41939336382915,6.5587290636591,5.25));
#16363=CARTESIAN_POINT('',(-4.41939336382915,6.5587290636591,4.25));
#16364=CARTESIAN_POINT('Origin',(-3.41939336382915,6.5587290636591,4.25));
#16365=CARTESIAN_POINT('',(-4.41939336382915,6.5587290636591,5.25));
#16366=CARTESIAN_POINT('Origin',(-6.79767993284185,-9.48577093634089,3.95));
#16367=CARTESIAN_POINT('',(-4.67596650185456,-8.13027093634089,3.95));
#16368=CARTESIAN_POINT('Origin',(-8.91939336382914,-8.13027093634089,5.25));
#16369=CARTESIAN_POINT('Origin',(-4.41939336382915,5.5587290636591,5.25));
#16370=CARTESIAN_POINT('',(-4.41939336382915,7.5587290636591,4.25));
#16371=CARTESIAN_POINT('Origin',(-1.16939336382915,6.5587290636591,4.25));
#16372=CARTESIAN_POINT('Origin',(2.32403349814544,-8.1305530224755,5.25));
#16373=CARTESIAN_POINT('',(8.02403349814544,-8.1305530224755,3.95));
#16374=CARTESIAN_POINT('Origin',(5.17403349814544,-9.4859119794082,3.95));
#16375=CARTESIAN_POINT('Origin',(6.21284841084201,-6.89165311321596,5.15));
#16376=CARTESIAN_POINT('',(7.11284841084201,-6.89165311321596,5.15));
#16377=CARTESIAN_POINT('Origin',(7.21284841084201,-6.89165311321596,5.15));
#16378=CARTESIAN_POINT('Origin',(6.21284841084201,-6.89165311321596,5.15));
#16379=CARTESIAN_POINT('Origin',(6.21284841084201,-6.89165311321596,5.25));
#16380=CARTESIAN_POINT('',(7.11284841084201,-6.89165311321596,5.));
#16381=CARTESIAN_POINT('',(7.11284841084201,-6.89165311321596,5.25));
#16382=CARTESIAN_POINT('Origin',(6.21284841084201,-6.89165311321596,5.));
#16383=CARTESIAN_POINT('Origin',(-7.52515458829728,6.12465917319726,5.15));
#16384=CARTESIAN_POINT('',(-6.62515458829728,6.12465917319726,5.15));
#16385=CARTESIAN_POINT('Origin',(-6.52515458829728,6.12465917319726,5.15));
#16386=CARTESIAN_POINT('Origin',(-7.52515458829728,6.12465917319726,5.15));
#16387=CARTESIAN_POINT('Origin',(-7.52515458829728,6.12465917319726,5.25));
#16388=CARTESIAN_POINT('',(-6.62515458829728,6.12465917319726,5.));
#16389=CARTESIAN_POINT('',(-6.62515458829728,6.12465917319726,5.25));
#16390=CARTESIAN_POINT('Origin',(-7.52515458829728,6.12465917319726,5.));
#16391=CARTESIAN_POINT('Origin',(6.21284841084201,-6.89165311321596,5.));
#16392=CARTESIAN_POINT('Origin',(-7.52515458829728,6.12465917319726,5.));
#16393=CARTESIAN_POINT('Origin',(-8.91939336382914,-10.8412709363409,0.7));
#16394=CARTESIAN_POINT('Origin',(11.16416958407,2.59929363644958,0.4));
#16395=CARTESIAN_POINT('',(11.16416958407,3.76179363644958,0.7));
#16396=CARTESIAN_POINT('',(11.46416958407,3.76179363644958,0.4));
#16397=CARTESIAN_POINT('Origin',(11.16416958407,3.76179363644958,0.4));
#16398=CARTESIAN_POINT('',(11.46416958407,2.21179363644958,0.4));
#16399=CARTESIAN_POINT('',(11.46416958407,2.59929363644958,0.4));
#16400=CARTESIAN_POINT('',(11.16416958407,2.21179363644958,0.7));
#16401=CARTESIAN_POINT('Origin',(11.16416958407,2.21179363644958,0.4));
#16402=CARTESIAN_POINT('',(11.16416958407,2.59929363644958,0.7));
#16403=CARTESIAN_POINT('Origin',(11.46416958407,2.21179363644958,0.7));
#16404=CARTESIAN_POINT('',(11.46416958407,3.76179363644958,0.372026329550982));
#16405=CARTESIAN_POINT('',(11.46416958407,3.76179363644958,0.7));
#16406=CARTESIAN_POINT('',(11.46416958407,3.28544095930385,0.0987969997634325));
#16407=CARTESIAN_POINT('',(11.46416958407,3.01124797991072,-0.0584763138682612));
#16408=CARTESIAN_POINT('',(11.46416958407,3.28544095930385,-2.3));
#16409=CARTESIAN_POINT('',(11.46416958407,3.28544095930385,-0.800601500118284));
#16410=CARTESIAN_POINT('',(11.46416958407,2.68544095930385,-2.3));
#16411=CARTESIAN_POINT('',(11.46416958407,3.76179363644958,-2.3));
#16412=CARTESIAN_POINT('',(11.46416958407,2.68544095930385,0.0987969997634325));
#16413=CARTESIAN_POINT('',(11.46416958407,2.68544095930385,0.399398499881716));
#16414=CARTESIAN_POINT('',(11.46416958407,2.21179363644958,0.372257409114291));
#16415=CARTESIAN_POINT('',(11.46416958407,2.13695248028895,0.415466970770096));
#16416=CARTESIAN_POINT('',(11.46416958407,2.21179363644958,0.7));
#16417=CARTESIAN_POINT('Origin',(11.26416958407,2.59929363644958,0.5));
#16418=CARTESIAN_POINT('',(11.76416958407,3.76179363644958,0.5));
#16419=CARTESIAN_POINT('',(11.26416958407,3.76179363644958,1.));
#16420=CARTESIAN_POINT('Origin',(11.26416958407,3.76179363644958,0.5));
#16421=CARTESIAN_POINT('',(11.26416958407,2.21179363644958,1.));
#16422=CARTESIAN_POINT('',(11.26416958407,2.59929363644958,1.));
#16423=CARTESIAN_POINT('',(11.76416958407,2.21179363644958,0.5));
#16424=CARTESIAN_POINT('Origin',(11.26416958407,2.21179363644958,0.5));
#16425=CARTESIAN_POINT('',(11.76416958407,2.59929363644958,0.5));
#16426=CARTESIAN_POINT('Origin',(11.76416958407,3.76179363644958,0.7));
#16427=CARTESIAN_POINT('',(11.76416958407,3.76179363644958,0.372026329550983));
#16428=CARTESIAN_POINT('',(11.76416958407,3.76179363644958,0.7));
#16429=CARTESIAN_POINT('',(11.76416958407,3.76179363644958,0.372026329550983));
#16430=CARTESIAN_POINT('',(9.2400773368724,3.76179363644958,0.7));
#16431=CARTESIAN_POINT('',(11.76416958407,3.76179363644958,0.7));
#16432=CARTESIAN_POINT('',(9.2400773368724,3.76179363644958,1.));
#16433=CARTESIAN_POINT('',(9.2400773368724,3.76179363644958,0.7));
#16434=CARTESIAN_POINT('',(11.76416958407,3.76179363644958,1.));
#16435=CARTESIAN_POINT('Origin',(11.76416958407,2.21179363644958,0.7));
#16436=CARTESIAN_POINT('',(11.76416958407,2.21179363644958,0.372257409114291));
#16437=CARTESIAN_POINT('',(11.76416958407,2.21179363644958,0.7));
#16438=CARTESIAN_POINT('',(11.76416958407,2.68544095930385,0.0987969997634325));
#16439=CARTESIAN_POINT('',(11.76416958407,2.13695248028895,0.415466970770096));
#16440=CARTESIAN_POINT('',(11.76416958407,2.68544095930385,-2.3));
#16441=CARTESIAN_POINT('',(11.76416958407,2.68544095930385,0.399398499881716));
#16442=CARTESIAN_POINT('',(11.76416958407,3.28544095930385,-2.3));
#16443=CARTESIAN_POINT('',(11.76416958407,3.76179363644958,-2.3));
#16444=CARTESIAN_POINT('',(11.76416958407,3.28544095930385,0.0987969997634325));
#16445=CARTESIAN_POINT('',(11.76416958407,3.28544095930385,-0.800601500118284));
#16446=CARTESIAN_POINT('',(11.76416958407,3.01124797991072,-0.0584763138682612));
#16447=CARTESIAN_POINT('Origin',(11.76416958407,2.68544095930385,0.0987969997634325));
#16448=CARTESIAN_POINT('',(11.68916958407,2.68544095930385,-2.3));
#16449=CARTESIAN_POINT('',(11.76416958407,2.68544095930385,0.0987969997634325));
#16450=CARTESIAN_POINT('Origin',(11.76416958407,2.20402802893289,0.376740884704474));
#16451=CARTESIAN_POINT('',(10.5021234604712,2.21179363644958,0.372257409114291));
#16452=CARTESIAN_POINT('Origin',(11.76416958407,3.28544095930385,0.0987969997634325));
#16453=CARTESIAN_POINT('',(11.76416958407,3.28544095930385,0.0987969997634325));
#16454=CARTESIAN_POINT('Origin',(11.76416958407,3.28544095930385,-2.30120300023657));
#16455=CARTESIAN_POINT('',(11.68916958407,3.28544095930385,-2.3));
#16456=CARTESIAN_POINT('Origin',(11.61416958407,2.98679363644958,-2.3));
#16457=CARTESIAN_POINT('Origin',(9.66416958407,2.98679363644958,0.7));
#16458=CARTESIAN_POINT('',(9.91416958407,2.98679363644958,1.));
#16459=CARTESIAN_POINT('Origin',(9.66416958407,2.98679363644958,1.));
#16460=CARTESIAN_POINT('',(9.91416958407,2.98679363644958,0.7));
#16461=CARTESIAN_POINT('',(9.91416958407,2.98679363644958,0.7));
#16462=CARTESIAN_POINT('Origin',(9.66416958407,2.98679363644958,0.7));
#16463=CARTESIAN_POINT('Origin',(8.76416958406999,3.28588588364718,0.7));
#16464=CARTESIAN_POINT('',(8.76416958406999,2.68770138925199,0.7));
#16465=CARTESIAN_POINT('',(8.76416958406999,3.28588588364718,0.7));
#16466=CARTESIAN_POINT('',(8.76416958406999,2.68770138925199,0.7));
#16467=CARTESIAN_POINT('',(8.76416958406999,2.68770138925199,1.));
#16468=CARTESIAN_POINT('',(8.76416958406999,2.68770138925199,0.7));
#16469=CARTESIAN_POINT('',(8.76416958406999,3.28588588364718,1.));
#16470=CARTESIAN_POINT('',(8.76416958406999,2.68770138925199,1.));
#16471=CARTESIAN_POINT('',(8.76416958406999,3.28588588364718,0.7));
#16472=CARTESIAN_POINT('Origin',(9.2400773368724,3.76179363644958,0.7));
#16473=CARTESIAN_POINT('',(8.76416958406999,3.28588588364718,0.7));
#16474=CARTESIAN_POINT('',(8.76416958406999,3.28588588364718,1.));
#16475=CARTESIAN_POINT('Origin',(9.2400773368724,2.21179363644958,0.7));
#16476=CARTESIAN_POINT('',(9.2400773368724,2.21179363644958,1.));
#16477=CARTESIAN_POINT('',(11.76416958407,2.21179363644958,1.));
#16478=CARTESIAN_POINT('',(9.2400773368724,2.21179363644958,0.7));
#16479=CARTESIAN_POINT('',(9.2400773368724,2.21179363644958,0.7));
#16480=CARTESIAN_POINT('',(11.76416958407,2.21179363644958,0.7));
#16481=CARTESIAN_POINT('Origin',(8.76416958406999,2.68770138925199,0.7));
#16482=CARTESIAN_POINT('',(8.76416958406999,2.68770138925199,0.7));
#16483=CARTESIAN_POINT('',(8.76416958406999,2.68770138925199,1.));
#16484=CARTESIAN_POINT('Origin',(10.26416958407,2.98679363644958,1.));
#16485=CARTESIAN_POINT('Origin',(10.26416958407,2.98679363644958,0.7));
#16486=CARTESIAN_POINT('Origin',(11.16416958407,4.59929363644958,0.4));
#16487=CARTESIAN_POINT('',(11.16416958407,5.76179363644958,0.7));
#16488=CARTESIAN_POINT('',(11.46416958407,5.76179363644958,0.4));
#16489=CARTESIAN_POINT('Origin',(11.16416958407,5.76179363644958,0.4));
#16490=CARTESIAN_POINT('',(11.46416958407,4.21179363644958,0.4));
#16491=CARTESIAN_POINT('',(11.46416958407,4.59929363644958,0.4));
#16492=CARTESIAN_POINT('',(11.16416958407,4.21179363644958,0.7));
#16493=CARTESIAN_POINT('Origin',(11.16416958407,4.21179363644958,0.4));
#16494=CARTESIAN_POINT('',(11.16416958407,4.59929363644958,0.7));
#16495=CARTESIAN_POINT('Origin',(11.46416958407,4.21179363644958,0.7));
#16496=CARTESIAN_POINT('',(11.46416958407,5.76179363644958,0.372026329550982));
#16497=CARTESIAN_POINT('',(11.46416958407,5.76179363644958,0.7));
#16498=CARTESIAN_POINT('',(11.46416958407,5.28544095930385,0.0987969997634325));
#16499=CARTESIAN_POINT('',(11.46416958407,5.01124797991072,-0.0584763138682612));
#16500=CARTESIAN_POINT('',(11.46416958407,5.28544095930385,-2.3));
#16501=CARTESIAN_POINT('',(11.46416958407,5.28544095930385,-0.800601500118284));
#16502=CARTESIAN_POINT('',(11.46416958407,4.68544095930385,-2.3));
#16503=CARTESIAN_POINT('',(11.46416958407,5.76179363644958,-2.3));
#16504=CARTESIAN_POINT('',(11.46416958407,4.68544095930385,0.0987969997634325));
#16505=CARTESIAN_POINT('',(11.46416958407,4.68544095930385,0.399398499881716));
#16506=CARTESIAN_POINT('',(11.46416958407,4.21179363644958,0.372257409114291));
#16507=CARTESIAN_POINT('',(11.46416958407,4.13695248028895,0.415466970770096));
#16508=CARTESIAN_POINT('',(11.46416958407,4.21179363644958,0.7));
#16509=CARTESIAN_POINT('Origin',(11.26416958407,4.59929363644958,0.5));
#16510=CARTESIAN_POINT('',(11.76416958407,5.76179363644958,0.5));
#16511=CARTESIAN_POINT('',(11.26416958407,5.76179363644958,1.));
#16512=CARTESIAN_POINT('Origin',(11.26416958407,5.76179363644958,0.5));
#16513=CARTESIAN_POINT('',(11.26416958407,4.21179363644958,1.));
#16514=CARTESIAN_POINT('',(11.26416958407,4.59929363644958,1.));
#16515=CARTESIAN_POINT('',(11.76416958407,4.21179363644958,0.5));
#16516=CARTESIAN_POINT('Origin',(11.26416958407,4.21179363644958,0.5));
#16517=CARTESIAN_POINT('',(11.76416958407,4.59929363644958,0.5));
#16518=CARTESIAN_POINT('Origin',(10.26416958407,4.98679363644958,1.));
#16519=CARTESIAN_POINT('',(9.2400773368724,5.76179363644958,1.));
#16520=CARTESIAN_POINT('',(11.76416958407,5.76179363644958,1.));
#16521=CARTESIAN_POINT('',(8.76416958406999,5.28588588364718,1.));
#16522=CARTESIAN_POINT('',(8.76416958406999,5.28588588364718,1.));
#16523=CARTESIAN_POINT('',(8.76416958406999,4.68770138925199,1.));
#16524=CARTESIAN_POINT('',(8.76416958406999,4.68770138925199,1.));
#16525=CARTESIAN_POINT('',(9.2400773368724,4.21179363644958,1.));
#16526=CARTESIAN_POINT('',(8.76416958406999,4.68770138925199,1.));
#16527=CARTESIAN_POINT('',(11.76416958407,4.21179363644958,1.));
#16528=CARTESIAN_POINT('',(9.91416958407,4.98679363644958,1.));
#16529=CARTESIAN_POINT('Origin',(9.66416958407,4.98679363644958,1.));
#16530=CARTESIAN_POINT('Origin',(11.76416958407,5.76179363644958,0.7));
#16531=CARTESIAN_POINT('',(11.76416958407,5.76179363644958,0.372026329550982));
#16532=CARTESIAN_POINT('',(11.76416958407,5.76179363644958,0.7));
#16533=CARTESIAN_POINT('',(11.76416958407,5.76179363644958,0.372026329550983));
#16534=CARTESIAN_POINT('',(9.2400773368724,5.76179363644958,0.7));
#16535=CARTESIAN_POINT('',(11.76416958407,5.76179363644958,0.7));
#16536=CARTESIAN_POINT('',(9.2400773368724,5.76179363644958,0.7));
#16537=CARTESIAN_POINT('Origin',(11.76416958407,5.28544095930385,0.0987969997634325));
#16538=CARTESIAN_POINT('',(11.76416958407,5.28544095930385,0.0987969997634325));
#16539=CARTESIAN_POINT('',(11.76416958407,5.01124797991072,-0.0584763138682612));
#16540=CARTESIAN_POINT('',(11.76416958407,5.28544095930385,0.0987969997634325));
#16541=CARTESIAN_POINT('Origin',(11.76416958407,5.28544095930385,-2.30120300023657));
#16542=CARTESIAN_POINT('',(11.76416958407,5.28544095930385,-2.3));
#16543=CARTESIAN_POINT('',(11.68916958407,5.28544095930385,-2.3));
#16544=CARTESIAN_POINT('',(11.76416958407,5.28544095930385,-0.800601500118284));
#16545=CARTESIAN_POINT('Origin',(11.76416958407,4.68544095930385,0.0987969997634325));
#16546=CARTESIAN_POINT('',(11.76416958407,4.68544095930385,-2.3));
#16547=CARTESIAN_POINT('',(11.68916958407,4.68544095930385,-2.3));
#16548=CARTESIAN_POINT('',(11.76416958407,4.68544095930385,0.0987969997634325));
#16549=CARTESIAN_POINT('',(11.76416958407,4.68544095930385,0.399398499881716));
#16550=CARTESIAN_POINT('',(11.76416958407,4.68544095930385,0.0987969997634325));
#16551=CARTESIAN_POINT('Origin',(11.76416958407,4.20402802893289,0.376740884704474));
#16552=CARTESIAN_POINT('',(11.76416958407,4.21179363644958,0.372257409114291));
#16553=CARTESIAN_POINT('',(10.5021234604712,4.21179363644958,0.37225740911429));
#16554=CARTESIAN_POINT('',(11.76416958407,4.13695248028895,0.415466970770096));
#16555=CARTESIAN_POINT('Origin',(11.61416958407,4.98679363644958,-2.3));
#16556=CARTESIAN_POINT('',(11.76416958407,5.76179363644958,-2.3));
#16557=CARTESIAN_POINT('Origin',(9.66416958407,4.98679363644958,0.7));
#16558=CARTESIAN_POINT('',(9.91416958407,4.98679363644958,0.7));
#16559=CARTESIAN_POINT('',(9.91416958407,4.98679363644958,0.7));
#16560=CARTESIAN_POINT('Origin',(9.66416958407,4.98679363644958,0.7));
#16561=CARTESIAN_POINT('Origin',(8.76416958406999,5.28588588364718,0.7));
#16562=CARTESIAN_POINT('',(8.76416958406999,4.68770138925199,0.7));
#16563=CARTESIAN_POINT('',(8.76416958406999,5.28588588364718,0.7));
#16564=CARTESIAN_POINT('',(8.76416958406999,4.68770138925199,0.7));
#16565=CARTESIAN_POINT('',(8.76416958406999,4.68770138925199,0.7));
#16566=CARTESIAN_POINT('',(8.76416958406999,5.28588588364718,0.7));
#16567=CARTESIAN_POINT('Origin',(9.2400773368724,5.76179363644958,0.7));
#16568=CARTESIAN_POINT('',(8.76416958406999,5.28588588364718,0.7));
#16569=CARTESIAN_POINT('Origin',(11.76416958407,4.21179363644958,0.7));
#16570=CARTESIAN_POINT('',(11.76416958407,4.21179363644958,0.7));
#16571=CARTESIAN_POINT('Origin',(9.2400773368724,4.21179363644958,0.7));
#16572=CARTESIAN_POINT('',(9.2400773368724,4.21179363644958,0.7));
#16573=CARTESIAN_POINT('',(9.2400773368724,4.21179363644958,0.7));
#16574=CARTESIAN_POINT('',(11.76416958407,4.21179363644958,0.7));
#16575=CARTESIAN_POINT('Origin',(8.76416958406999,4.68770138925199,0.7));
#16576=CARTESIAN_POINT('',(8.76416958406999,4.68770138925199,0.7));
#16577=CARTESIAN_POINT('Origin',(10.26416958407,4.98679363644958,0.7));
#16578=CARTESIAN_POINT('Origin',(11.16416958407,-1.40070636355042,0.4));
#16579=CARTESIAN_POINT('',(11.16416958407,-0.238206363550417,0.7));
#16580=CARTESIAN_POINT('',(11.46416958407,-0.238206363550417,0.4));
#16581=CARTESIAN_POINT('Origin',(11.16416958407,-0.238206363550417,0.4));
#16582=CARTESIAN_POINT('',(11.46416958407,-1.78820636355042,0.4));
#16583=CARTESIAN_POINT('',(11.46416958407,-1.40070636355042,0.4));
#16584=CARTESIAN_POINT('',(11.16416958407,-1.78820636355042,0.7));
#16585=CARTESIAN_POINT('Origin',(11.16416958407,-1.78820636355042,0.4));
#16586=CARTESIAN_POINT('',(11.16416958407,-1.40070636355042,0.7));
#16587=CARTESIAN_POINT('Origin',(11.46416958407,-1.78820636355042,0.7));
#16588=CARTESIAN_POINT('',(11.46416958407,-0.238206363550417,0.372026329550982));
#16589=CARTESIAN_POINT('',(11.46416958407,-0.238206363550417,0.7));
#16590=CARTESIAN_POINT('',(11.46416958407,-0.714559040696148,0.0987969997634325));
#16591=CARTESIAN_POINT('',(11.46416958407,-0.988752020089282,-0.0584763138682612));
#16592=CARTESIAN_POINT('',(11.46416958407,-0.714559040696148,-2.3));
#16593=CARTESIAN_POINT('',(11.46416958407,-0.714559040696148,-0.800601500118284));
#16594=CARTESIAN_POINT('',(11.46416958407,-1.31455904069615,-2.3));
#16595=CARTESIAN_POINT('',(11.46416958407,-0.238206363550417,-2.3));
#16596=CARTESIAN_POINT('',(11.46416958407,-1.31455904069615,0.0987969997634325));
#16597=CARTESIAN_POINT('',(11.46416958407,-1.31455904069615,0.399398499881716));
#16598=CARTESIAN_POINT('',(11.46416958407,-1.78820636355042,0.372257409114291));
#16599=CARTESIAN_POINT('',(11.46416958407,-1.86304751971105,0.415466970770096));
#16600=CARTESIAN_POINT('',(11.46416958407,-1.78820636355042,0.7));
#16601=CARTESIAN_POINT('Origin',(11.26416958407,-1.40070636355042,0.5));
#16602=CARTESIAN_POINT('',(11.76416958407,-0.238206363550417,0.5));
#16603=CARTESIAN_POINT('',(11.26416958407,-0.238206363550417,1.));
#16604=CARTESIAN_POINT('Origin',(11.26416958407,-0.238206363550417,0.5));
#16605=CARTESIAN_POINT('',(11.26416958407,-1.78820636355042,1.));
#16606=CARTESIAN_POINT('',(11.26416958407,-1.40070636355042,1.));
#16607=CARTESIAN_POINT('',(11.76416958407,-1.78820636355042,0.5));
#16608=CARTESIAN_POINT('Origin',(11.26416958407,-1.78820636355042,0.5));
#16609=CARTESIAN_POINT('',(11.76416958407,-1.40070636355042,0.5));
#16610=CARTESIAN_POINT('Origin',(11.76416958407,-0.238206363550417,0.7));
#16611=CARTESIAN_POINT('',(11.76416958407,-0.238206363550417,0.372026329550982));
#16612=CARTESIAN_POINT('',(11.76416958407,-0.238206363550417,0.7));
#16613=CARTESIAN_POINT('',(11.76416958407,-0.238206363550417,0.372026329550982));
#16614=CARTESIAN_POINT('',(9.2400773368724,-0.238206363550417,0.7));
#16615=CARTESIAN_POINT('',(11.76416958407,-0.238206363550417,0.7));
#16616=CARTESIAN_POINT('',(9.2400773368724,-0.238206363550417,1.));
#16617=CARTESIAN_POINT('',(9.2400773368724,-0.238206363550417,0.7));
#16618=CARTESIAN_POINT('',(11.76416958407,-0.238206363550417,1.));
#16619=CARTESIAN_POINT('Origin',(11.76416958407,-1.78820636355042,0.7));
#16620=CARTESIAN_POINT('',(11.76416958407,-1.78820636355042,0.372257409114291));
#16621=CARTESIAN_POINT('',(11.76416958407,-1.78820636355042,0.7));
#16622=CARTESIAN_POINT('',(11.76416958407,-1.31455904069615,0.0987969997634325));
#16623=CARTESIAN_POINT('',(11.76416958407,-1.86304751971105,0.415466970770096));
#16624=CARTESIAN_POINT('',(11.76416958407,-1.31455904069615,-2.3));
#16625=CARTESIAN_POINT('',(11.76416958407,-1.31455904069615,0.399398499881716));
#16626=CARTESIAN_POINT('',(11.76416958407,-0.714559040696148,-2.3));
#16627=CARTESIAN_POINT('',(11.76416958407,-0.238206363550417,-2.3));
#16628=CARTESIAN_POINT('',(11.76416958407,-0.714559040696148,0.0987969997634325));
#16629=CARTESIAN_POINT('',(11.76416958407,-0.714559040696148,-0.800601500118284));
#16630=CARTESIAN_POINT('',(11.76416958407,-0.988752020089282,-0.0584763138682612));
#16631=CARTESIAN_POINT('Origin',(11.76416958407,-1.31455904069615,0.0987969997634325));
#16632=CARTESIAN_POINT('',(11.68916958407,-1.31455904069615,-2.3));
#16633=CARTESIAN_POINT('',(11.76416958407,-1.31455904069615,0.0987969997634325));
#16634=CARTESIAN_POINT('Origin',(11.76416958407,-1.79597197106711,0.376740884704474));
#16635=CARTESIAN_POINT('',(10.5021234604712,-1.78820636355042,0.372257409114291));
#16636=CARTESIAN_POINT('Origin',(11.76416958407,-0.714559040696148,0.0987969997634325));
#16637=CARTESIAN_POINT('',(11.76416958407,-0.714559040696148,0.0987969997634325));
#16638=CARTESIAN_POINT('Origin',(11.76416958407,-0.714559040696148,-2.30120300023657));
#16639=CARTESIAN_POINT('',(11.68916958407,-0.714559040696148,-2.3));
#16640=CARTESIAN_POINT('Origin',(11.61416958407,-1.01320636355042,-2.3));
#16641=CARTESIAN_POINT('Origin',(9.66416958407,-1.01320636355042,0.7));
#16642=CARTESIAN_POINT('',(9.91416958407,-1.01320636355042,1.));
#16643=CARTESIAN_POINT('Origin',(9.66416958407,-1.01320636355042,1.));
#16644=CARTESIAN_POINT('',(9.91416958407,-1.01320636355042,0.7));
#16645=CARTESIAN_POINT('',(9.91416958407,-1.01320636355042,0.7));
#16646=CARTESIAN_POINT('Origin',(9.66416958407,-1.01320636355042,0.7));
#16647=CARTESIAN_POINT('Origin',(8.76416958406999,-0.71411411635282,0.7));
#16648=CARTESIAN_POINT('',(8.76416958406999,-1.31229861074801,0.7));
#16649=CARTESIAN_POINT('',(8.76416958406999,-0.71411411635282,0.7));
#16650=CARTESIAN_POINT('',(8.76416958406999,-1.31229861074801,0.7));
#16651=CARTESIAN_POINT('',(8.76416958406999,-1.31229861074801,1.));
#16652=CARTESIAN_POINT('',(8.76416958406999,-1.31229861074801,0.7));
#16653=CARTESIAN_POINT('',(8.76416958406999,-0.71411411635282,1.));
#16654=CARTESIAN_POINT('',(8.76416958406999,-1.31229861074801,1.));
#16655=CARTESIAN_POINT('',(8.76416958406999,-0.71411411635282,0.7));
#16656=CARTESIAN_POINT('Origin',(9.2400773368724,-0.238206363550417,0.7));
#16657=CARTESIAN_POINT('',(8.76416958406999,-0.71411411635282,0.7));
#16658=CARTESIAN_POINT('',(8.76416958406999,-0.71411411635282,1.));
#16659=CARTESIAN_POINT('Origin',(9.2400773368724,-1.78820636355042,0.7));
#16660=CARTESIAN_POINT('',(9.2400773368724,-1.78820636355042,1.));
#16661=CARTESIAN_POINT('',(11.76416958407,-1.78820636355042,1.));
#16662=CARTESIAN_POINT('',(9.2400773368724,-1.78820636355042,0.7));
#16663=CARTESIAN_POINT('',(9.2400773368724,-1.78820636355042,0.7));
#16664=CARTESIAN_POINT('',(11.76416958407,-1.78820636355042,0.7));
#16665=CARTESIAN_POINT('Origin',(8.76416958406999,-1.31229861074801,0.7));
#16666=CARTESIAN_POINT('',(8.76416958406999,-1.31229861074801,0.7));
#16667=CARTESIAN_POINT('',(8.76416958406999,-1.31229861074801,1.));
#16668=CARTESIAN_POINT('Origin',(10.26416958407,-1.01320636355042,1.));
#16669=CARTESIAN_POINT('Origin',(10.26416958407,-1.01320636355042,0.7));
#16670=CARTESIAN_POINT('Origin',(11.16416958407,-3.40070636355042,0.4));
#16671=CARTESIAN_POINT('',(11.16416958407,-2.23820636355042,0.7));
#16672=CARTESIAN_POINT('',(11.46416958407,-2.23820636355042,0.4));
#16673=CARTESIAN_POINT('Origin',(11.16416958407,-2.23820636355042,0.4));
#16674=CARTESIAN_POINT('',(11.46416958407,-3.78820636355042,0.4));
#16675=CARTESIAN_POINT('',(11.46416958407,-3.40070636355042,0.4));
#16676=CARTESIAN_POINT('',(11.16416958407,-3.78820636355042,0.7));
#16677=CARTESIAN_POINT('Origin',(11.16416958407,-3.78820636355042,0.4));
#16678=CARTESIAN_POINT('',(11.16416958407,-3.40070636355042,0.7));
#16679=CARTESIAN_POINT('Origin',(11.46416958407,-3.78820636355042,0.7));
#16680=CARTESIAN_POINT('',(11.46416958407,-2.23820636355042,0.372026329550982));
#16681=CARTESIAN_POINT('',(11.46416958407,-2.23820636355042,0.7));
#16682=CARTESIAN_POINT('',(11.46416958407,-2.71455904069615,0.0987969997634325));
#16683=CARTESIAN_POINT('',(11.46416958407,-2.98875202008928,-0.0584763138682612));
#16684=CARTESIAN_POINT('',(11.46416958407,-2.71455904069615,-2.3));
#16685=CARTESIAN_POINT('',(11.46416958407,-2.71455904069615,-0.800601500118284));
#16686=CARTESIAN_POINT('',(11.46416958407,-3.31455904069615,-2.3));
#16687=CARTESIAN_POINT('',(11.46416958407,-3.78820636355042,-2.3));
#16688=CARTESIAN_POINT('',(11.46416958407,-3.31455904069615,0.0987969997634325));
#16689=CARTESIAN_POINT('',(11.46416958407,-3.31455904069615,0.399398499881716));
#16690=CARTESIAN_POINT('',(11.46416958407,-3.78820636355042,0.372257409114291));
#16691=CARTESIAN_POINT('',(11.46416958407,-3.86304751971105,0.415466970770096));
#16692=CARTESIAN_POINT('',(11.46416958407,-3.78820636355042,0.7));
#16693=CARTESIAN_POINT('Origin',(11.26416958407,-3.40070636355042,0.5));
#16694=CARTESIAN_POINT('',(11.76416958407,-2.23820636355042,0.5));
#16695=CARTESIAN_POINT('',(11.26416958407,-2.23820636355042,1.));
#16696=CARTESIAN_POINT('Origin',(11.26416958407,-2.23820636355042,0.5));
#16697=CARTESIAN_POINT('',(11.26416958407,-3.78820636355042,1.));
#16698=CARTESIAN_POINT('',(11.26416958407,-3.40070636355042,1.));
#16699=CARTESIAN_POINT('',(11.76416958407,-3.78820636355042,0.5));
#16700=CARTESIAN_POINT('Origin',(11.26416958407,-3.78820636355042,0.5));
#16701=CARTESIAN_POINT('',(11.76416958407,-3.40070636355042,0.5));
#16702=CARTESIAN_POINT('Origin',(10.26416958407,-3.01320636355042,1.));
#16703=CARTESIAN_POINT('',(9.2400773368724,-2.23820636355042,1.));
#16704=CARTESIAN_POINT('',(11.76416958407,-2.23820636355042,1.));
#16705=CARTESIAN_POINT('',(8.76416958406999,-2.71411411635282,1.));
#16706=CARTESIAN_POINT('',(8.76416958406999,-2.71411411635282,1.));
#16707=CARTESIAN_POINT('',(8.76416958406999,-3.31229861074801,1.));
#16708=CARTESIAN_POINT('',(8.76416958406999,-3.31229861074801,1.));
#16709=CARTESIAN_POINT('',(9.2400773368724,-3.78820636355042,1.));
#16710=CARTESIAN_POINT('',(8.76416958406999,-3.31229861074801,1.));
#16711=CARTESIAN_POINT('',(11.76416958407,-3.78820636355042,1.));
#16712=CARTESIAN_POINT('',(9.91416958407,-3.01320636355042,1.));
#16713=CARTESIAN_POINT('Origin',(9.66416958407,-3.01320636355042,1.));
#16714=CARTESIAN_POINT('Origin',(11.76416958407,-2.23820636355042,0.7));
#16715=CARTESIAN_POINT('',(11.76416958407,-2.23820636355042,0.372026329550982));
#16716=CARTESIAN_POINT('',(11.76416958407,-2.23820636355042,0.7));
#16717=CARTESIAN_POINT('',(11.76416958407,-2.23820636355042,0.372026329550982));
#16718=CARTESIAN_POINT('',(9.2400773368724,-2.23820636355042,0.7));
#16719=CARTESIAN_POINT('',(11.76416958407,-2.23820636355042,0.7));
#16720=CARTESIAN_POINT('',(9.2400773368724,-2.23820636355042,0.7));
#16721=CARTESIAN_POINT('Origin',(11.76416958407,-2.71455904069615,0.0987969997634325));
#16722=CARTESIAN_POINT('',(11.76416958407,-2.71455904069615,0.0987969997634325));
#16723=CARTESIAN_POINT('',(11.76416958407,-2.98875202008928,-0.0584763138682612));
#16724=CARTESIAN_POINT('',(11.76416958407,-2.71455904069615,0.0987969997634325));
#16725=CARTESIAN_POINT('Origin',(11.76416958407,-2.71455904069615,-2.30120300023657));
#16726=CARTESIAN_POINT('',(11.76416958407,-2.71455904069615,-2.3));
#16727=CARTESIAN_POINT('',(11.68916958407,-2.71455904069615,-2.3));
#16728=CARTESIAN_POINT('',(11.76416958407,-2.71455904069615,-0.800601500118284));
#16729=CARTESIAN_POINT('Origin',(11.76416958407,-3.31455904069615,0.0987969997634325));
#16730=CARTESIAN_POINT('',(11.76416958407,-3.31455904069615,-2.3));
#16731=CARTESIAN_POINT('',(11.68916958407,-3.31455904069615,-2.3));
#16732=CARTESIAN_POINT('',(11.76416958407,-3.31455904069615,0.0987969997634325));
#16733=CARTESIAN_POINT('',(11.76416958407,-3.31455904069615,0.399398499881716));
#16734=CARTESIAN_POINT('',(11.76416958407,-3.31455904069615,0.0987969997634325));
#16735=CARTESIAN_POINT('Origin',(11.76416958407,-3.79597197106711,0.376740884704474));
#16736=CARTESIAN_POINT('',(11.76416958407,-3.78820636355042,0.372257409114291));
#16737=CARTESIAN_POINT('',(10.5021234604712,-3.78820636355042,0.37225740911429));
#16738=CARTESIAN_POINT('',(11.76416958407,-3.86304751971105,0.415466970770096));
#16739=CARTESIAN_POINT('Origin',(11.61416958407,-3.01320636355042,-2.3));
#16740=CARTESIAN_POINT('',(11.76416958407,-2.23820636355042,-2.3));
#16741=CARTESIAN_POINT('Origin',(10.26416958407,-3.01320636355042,0.7));
#16742=CARTESIAN_POINT('',(9.2400773368724,-3.78820636355042,0.7));
#16743=CARTESIAN_POINT('',(11.76416958407,-3.78820636355042,0.7));
#16744=CARTESIAN_POINT('',(8.76416958406999,-3.31229861074801,0.7));
#16745=CARTESIAN_POINT('',(8.76416958406999,-3.31229861074801,0.7));
#16746=CARTESIAN_POINT('',(8.76416958406999,-2.71411411635282,0.7));
#16747=CARTESIAN_POINT('',(8.76416958406999,-3.31229861074801,0.7));
#16748=CARTESIAN_POINT('',(8.76416958406999,-2.71411411635282,0.7));
#16749=CARTESIAN_POINT('',(9.91416958407,-3.01320636355042,0.7));
#16750=CARTESIAN_POINT('Origin',(9.66416958407,-3.01320636355042,0.7));
#16751=CARTESIAN_POINT('Origin',(9.66416958407,-3.01320636355042,0.7));
#16752=CARTESIAN_POINT('',(9.91416958407,-3.01320636355042,0.7));
#16753=CARTESIAN_POINT('Origin',(9.2400773368724,-2.23820636355042,0.7));
#16754=CARTESIAN_POINT('',(8.76416958406999,-2.71411411635282,0.7));
#16755=CARTESIAN_POINT('Origin',(11.76416958407,-3.78820636355042,0.7));
#16756=CARTESIAN_POINT('',(11.76416958407,-3.78820636355042,0.7));
#16757=CARTESIAN_POINT('Origin',(9.2400773368724,-3.78820636355042,0.7));
#16758=CARTESIAN_POINT('',(9.2400773368724,-3.78820636355042,0.7));
#16759=CARTESIAN_POINT('Origin',(8.76416958406999,-3.31229861074801,0.7));
#16760=CARTESIAN_POINT('',(8.76416958406999,-3.31229861074801,0.7));
#16761=CARTESIAN_POINT('Origin',(8.76416958406999,-2.71411411635282,0.7));
#16762=CARTESIAN_POINT('Origin',(11.16416958407,0.599293636449583,0.4));
#16763=CARTESIAN_POINT('',(11.16416958407,1.76179363644958,0.7));
#16764=CARTESIAN_POINT('',(11.46416958407,1.76179363644958,0.4));
#16765=CARTESIAN_POINT('Origin',(11.16416958407,1.76179363644958,0.4));
#16766=CARTESIAN_POINT('',(11.46416958407,0.211793636449583,0.4));
#16767=CARTESIAN_POINT('',(11.46416958407,0.599293636449583,0.4));
#16768=CARTESIAN_POINT('',(11.16416958407,0.211793636449583,0.7));
#16769=CARTESIAN_POINT('Origin',(11.16416958407,0.211793636449583,0.4));
#16770=CARTESIAN_POINT('',(11.16416958407,0.599293636449583,0.7));
#16771=CARTESIAN_POINT('Origin',(11.46416958407,0.211793636449583,0.7));
#16772=CARTESIAN_POINT('',(11.46416958407,1.76179363644958,0.372026329550982));
#16773=CARTESIAN_POINT('',(11.46416958407,1.76179363644958,0.7));
#16774=CARTESIAN_POINT('',(11.46416958407,1.28544095930385,0.0987969997634325));
#16775=CARTESIAN_POINT('',(11.46416958407,1.01124797991072,-0.0584763138682612));
#16776=CARTESIAN_POINT('',(11.46416958407,1.28544095930385,-2.3));
#16777=CARTESIAN_POINT('',(11.46416958407,1.28544095930385,-0.800601500118284));
#16778=CARTESIAN_POINT('',(11.46416958407,0.685440959303852,-2.3));
#16779=CARTESIAN_POINT('',(11.46416958407,1.76179363644958,-2.3));
#16780=CARTESIAN_POINT('',(11.46416958407,0.685440959303852,0.0987969997634325));
#16781=CARTESIAN_POINT('',(11.46416958407,0.685440959303852,0.399398499881716));
#16782=CARTESIAN_POINT('',(11.46416958407,0.211793636449583,0.372257409114291));
#16783=CARTESIAN_POINT('',(11.46416958407,0.136952480288947,0.415466970770096));
#16784=CARTESIAN_POINT('',(11.46416958407,0.211793636449583,0.7));
#16785=CARTESIAN_POINT('Origin',(11.26416958407,0.599293636449583,0.5));
#16786=CARTESIAN_POINT('',(11.76416958407,1.76179363644958,0.5));
#16787=CARTESIAN_POINT('',(11.26416958407,1.76179363644958,1.));
#16788=CARTESIAN_POINT('Origin',(11.26416958407,1.76179363644958,0.5));
#16789=CARTESIAN_POINT('',(11.26416958407,0.211793636449583,1.));
#16790=CARTESIAN_POINT('',(11.26416958407,0.599293636449583,1.));
#16791=CARTESIAN_POINT('',(11.76416958407,0.211793636449583,0.5));
#16792=CARTESIAN_POINT('Origin',(11.26416958407,0.211793636449583,0.5));
#16793=CARTESIAN_POINT('',(11.76416958407,0.599293636449583,0.5));
#16794=CARTESIAN_POINT('Origin',(10.26416958407,0.986793636449583,1.));
#16795=CARTESIAN_POINT('',(9.2400773368724,1.76179363644958,1.));
#16796=CARTESIAN_POINT('',(11.76416958407,1.76179363644958,1.));
#16797=CARTESIAN_POINT('',(8.76416958406999,1.28588588364718,1.));
#16798=CARTESIAN_POINT('',(8.76416958406999,1.28588588364718,1.));
#16799=CARTESIAN_POINT('',(8.76416958406999,0.687701389251986,1.));
#16800=CARTESIAN_POINT('',(8.76416958406999,0.687701389251986,1.));
#16801=CARTESIAN_POINT('',(9.2400773368724,0.211793636449583,1.));
#16802=CARTESIAN_POINT('',(8.76416958406999,0.687701389251986,1.));
#16803=CARTESIAN_POINT('',(11.76416958407,0.211793636449583,1.));
#16804=CARTESIAN_POINT('',(9.91416958407,0.986793636449583,1.));
#16805=CARTESIAN_POINT('Origin',(9.66416958407,0.986793636449583,1.));
#16806=CARTESIAN_POINT('Origin',(11.76416958407,1.76179363644958,0.7));
#16807=CARTESIAN_POINT('',(11.76416958407,1.76179363644958,0.372026329550982));
#16808=CARTESIAN_POINT('',(11.76416958407,1.76179363644958,0.7));
#16809=CARTESIAN_POINT('',(11.76416958407,1.76179363644958,0.372026329550982));
#16810=CARTESIAN_POINT('',(9.2400773368724,1.76179363644958,0.7));
#16811=CARTESIAN_POINT('',(11.76416958407,1.76179363644958,0.7));
#16812=CARTESIAN_POINT('',(9.2400773368724,1.76179363644958,0.7));
#16813=CARTESIAN_POINT('Origin',(11.76416958407,1.28544095930385,0.0987969997634325));
#16814=CARTESIAN_POINT('',(11.76416958407,1.28544095930385,0.0987969997634325));
#16815=CARTESIAN_POINT('',(11.76416958407,1.01124797991072,-0.0584763138682612));
#16816=CARTESIAN_POINT('',(11.76416958407,1.28544095930385,0.0987969997634325));
#16817=CARTESIAN_POINT('Origin',(11.76416958407,1.28544095930385,-2.30120300023657));
#16818=CARTESIAN_POINT('',(11.76416958407,1.28544095930385,-2.3));
#16819=CARTESIAN_POINT('',(11.68916958407,1.28544095930385,-2.3));
#16820=CARTESIAN_POINT('',(11.76416958407,1.28544095930385,-0.800601500118284));
#16821=CARTESIAN_POINT('Origin',(11.76416958407,0.685440959303852,0.0987969997634325));
#16822=CARTESIAN_POINT('',(11.76416958407,0.685440959303852,-2.3));
#16823=CARTESIAN_POINT('',(11.68916958407,0.685440959303852,-2.3));
#16824=CARTESIAN_POINT('',(11.76416958407,0.685440959303852,0.0987969997634325));
#16825=CARTESIAN_POINT('',(11.76416958407,0.685440959303852,0.399398499881716));
#16826=CARTESIAN_POINT('',(11.76416958407,0.685440959303852,0.0987969997634325));
#16827=CARTESIAN_POINT('Origin',(11.76416958407,0.204028028932889,0.376740884704474));
#16828=CARTESIAN_POINT('',(11.76416958407,0.211793636449583,0.372257409114291));
#16829=CARTESIAN_POINT('',(10.5021234604712,0.211793636449583,0.372257409114291));
#16830=CARTESIAN_POINT('',(11.76416958407,0.136952480288947,0.415466970770096));
#16831=CARTESIAN_POINT('Origin',(11.61416958407,0.986793636449583,-2.3));
#16832=CARTESIAN_POINT('',(11.76416958407,1.76179363644958,-2.3));
#16833=CARTESIAN_POINT('Origin',(9.66416958407,0.986793636449583,0.7));
#16834=CARTESIAN_POINT('',(9.91416958407,0.986793636449583,0.7));
#16835=CARTESIAN_POINT('',(9.91416958407,0.986793636449583,0.7));
#16836=CARTESIAN_POINT('Origin',(9.66416958407,0.986793636449583,0.7));
#16837=CARTESIAN_POINT('Origin',(8.76416958406999,1.28588588364718,0.7));
#16838=CARTESIAN_POINT('',(8.76416958406999,0.687701389251986,0.7));
#16839=CARTESIAN_POINT('',(8.76416958406999,1.28588588364718,0.7));
#16840=CARTESIAN_POINT('',(8.76416958406999,0.687701389251986,0.7));
#16841=CARTESIAN_POINT('',(8.76416958406999,0.687701389251986,0.7));
#16842=CARTESIAN_POINT('',(8.76416958406999,1.28588588364718,0.7));
#16843=CARTESIAN_POINT('Origin',(9.2400773368724,1.76179363644958,0.7));
#16844=CARTESIAN_POINT('',(8.76416958406999,1.28588588364718,0.7));
#16845=CARTESIAN_POINT('Origin',(11.76416958407,0.211793636449583,0.7));
#16846=CARTESIAN_POINT('',(11.76416958407,0.211793636449583,0.7));
#16847=CARTESIAN_POINT('Origin',(9.2400773368724,0.211793636449583,0.7));
#16848=CARTESIAN_POINT('',(9.2400773368724,0.211793636449583,0.7));
#16849=CARTESIAN_POINT('',(9.2400773368724,0.211793636449583,0.7));
#16850=CARTESIAN_POINT('',(11.76416958407,0.211793636449583,0.7));
#16851=CARTESIAN_POINT('Origin',(8.76416958406999,0.687701389251986,0.7));
#16852=CARTESIAN_POINT('',(8.76416958406999,0.687701389251986,0.7));
#16853=CARTESIAN_POINT('Origin',(10.26416958407,0.986793636449583,0.7));
#16854=CARTESIAN_POINT('Origin',(11.16416958407,6.59929363644958,0.4));
#16855=CARTESIAN_POINT('',(11.16416958407,7.76179363644958,0.7));
#16856=CARTESIAN_POINT('',(11.46416958407,7.76179363644958,0.4));
#16857=CARTESIAN_POINT('Origin',(11.16416958407,7.76179363644958,0.4));
#16858=CARTESIAN_POINT('',(11.46416958407,6.21179363644958,0.4));
#16859=CARTESIAN_POINT('',(11.46416958407,6.59929363644958,0.4));
#16860=CARTESIAN_POINT('',(11.16416958407,6.21179363644958,0.7));
#16861=CARTESIAN_POINT('Origin',(11.16416958407,6.21179363644958,0.4));
#16862=CARTESIAN_POINT('',(11.16416958407,6.59929363644958,0.7));
#16863=CARTESIAN_POINT('Origin',(11.46416958407,6.21179363644958,0.7));
#16864=CARTESIAN_POINT('',(11.46416958407,7.76179363644958,0.372026329550982));
#16865=CARTESIAN_POINT('',(11.46416958407,7.76179363644958,0.7));
#16866=CARTESIAN_POINT('',(11.46416958407,7.28544095930385,0.0987969997634325));
#16867=CARTESIAN_POINT('',(11.46416958407,7.01124797991072,-0.058476313868261));
#16868=CARTESIAN_POINT('',(11.46416958407,7.28544095930385,-2.3));
#16869=CARTESIAN_POINT('',(11.46416958407,7.28544095930385,-0.800601500118284));
#16870=CARTESIAN_POINT('',(11.46416958407,6.68544095930385,-2.3));
#16871=CARTESIAN_POINT('',(11.46416958407,7.76179363644958,-2.3));
#16872=CARTESIAN_POINT('',(11.46416958407,6.68544095930385,0.0987969997634325));
#16873=CARTESIAN_POINT('',(11.46416958407,6.68544095930385,0.399398499881716));
#16874=CARTESIAN_POINT('',(11.46416958407,6.21179363644958,0.37225740911429));
#16875=CARTESIAN_POINT('',(11.46416958407,6.13695248028895,0.415466970770096));
#16876=CARTESIAN_POINT('',(11.46416958407,6.21179363644958,0.7));
#16877=CARTESIAN_POINT('Origin',(11.26416958407,6.59929363644958,0.5));
#16878=CARTESIAN_POINT('',(11.76416958407,7.76179363644958,0.5));
#16879=CARTESIAN_POINT('',(11.26416958407,7.76179363644958,1.));
#16880=CARTESIAN_POINT('Origin',(11.26416958407,7.76179363644958,0.5));
#16881=CARTESIAN_POINT('',(11.26416958407,6.21179363644958,1.));
#16882=CARTESIAN_POINT('',(11.26416958407,6.59929363644958,1.));
#16883=CARTESIAN_POINT('',(11.76416958407,6.21179363644958,0.5));
#16884=CARTESIAN_POINT('Origin',(11.26416958407,6.21179363644958,0.5));
#16885=CARTESIAN_POINT('',(11.76416958407,6.59929363644958,0.5));
#16886=CARTESIAN_POINT('Origin',(11.76416958407,7.76179363644958,0.7));
#16887=CARTESIAN_POINT('',(11.76416958407,7.76179363644958,0.372026329550982));
#16888=CARTESIAN_POINT('',(11.76416958407,7.76179363644958,0.7));
#16889=CARTESIAN_POINT('',(11.76416958407,7.76179363644958,0.372026329550983));
#16890=CARTESIAN_POINT('',(9.2400773368724,7.76179363644958,0.7));
#16891=CARTESIAN_POINT('',(11.76416958407,7.76179363644958,0.7));
#16892=CARTESIAN_POINT('',(9.2400773368724,7.76179363644958,1.));
#16893=CARTESIAN_POINT('',(9.2400773368724,7.76179363644958,0.7));
#16894=CARTESIAN_POINT('',(11.76416958407,7.76179363644958,1.));
#16895=CARTESIAN_POINT('Origin',(11.76416958407,6.21179363644958,0.7));
#16896=CARTESIAN_POINT('',(11.76416958407,6.21179363644958,0.37225740911429));
#16897=CARTESIAN_POINT('',(11.76416958407,6.21179363644958,0.7));
#16898=CARTESIAN_POINT('',(11.76416958407,6.68544095930385,0.0987969997634325));
#16899=CARTESIAN_POINT('',(11.76416958407,6.13695248028895,0.415466970770096));
#16900=CARTESIAN_POINT('',(11.76416958407,6.68544095930385,-2.3));
#16901=CARTESIAN_POINT('',(11.76416958407,6.68544095930385,0.399398499881716));
#16902=CARTESIAN_POINT('',(11.76416958407,7.28544095930385,-2.3));
#16903=CARTESIAN_POINT('',(11.76416958407,7.76179363644958,-2.3));
#16904=CARTESIAN_POINT('',(11.76416958407,7.28544095930385,0.0987969997634325));
#16905=CARTESIAN_POINT('',(11.76416958407,7.28544095930385,-0.800601500118284));
#16906=CARTESIAN_POINT('',(11.76416958407,7.01124797991072,-0.058476313868261));
#16907=CARTESIAN_POINT('Origin',(11.76416958407,6.68544095930385,0.0987969997634325));
#16908=CARTESIAN_POINT('',(11.68916958407,6.68544095930385,-2.3));
#16909=CARTESIAN_POINT('',(11.76416958407,6.68544095930385,0.0987969997634325));
#16910=CARTESIAN_POINT('Origin',(11.76416958407,6.20402802893289,0.376740884704474));
#16911=CARTESIAN_POINT('',(10.5021234604712,6.21179363644958,0.37225740911429));
#16912=CARTESIAN_POINT('Origin',(11.76416958407,7.28544095930385,0.0987969997634325));
#16913=CARTESIAN_POINT('',(11.76416958407,7.28544095930385,0.0987969997634325));
#16914=CARTESIAN_POINT('Origin',(11.76416958407,7.28544095930385,-2.30120300023657));
#16915=CARTESIAN_POINT('',(11.68916958407,7.28544095930385,-2.3));
#16916=CARTESIAN_POINT('Origin',(11.61416958407,6.98679363644958,-2.3));
#16917=CARTESIAN_POINT('Origin',(9.66416958407,6.98679363644958,0.7));
#16918=CARTESIAN_POINT('',(9.91416958407,6.98679363644958,1.));
#16919=CARTESIAN_POINT('Origin',(9.66416958407,6.98679363644958,1.));
#16920=CARTESIAN_POINT('',(9.91416958407,6.98679363644958,0.7));
#16921=CARTESIAN_POINT('',(9.91416958407,6.98679363644958,0.7));
#16922=CARTESIAN_POINT('Origin',(9.66416958407,6.98679363644958,0.7));
#16923=CARTESIAN_POINT('Origin',(8.76416958406999,7.28588588364718,0.7));
#16924=CARTESIAN_POINT('',(8.76416958406999,6.68770138925199,0.7));
#16925=CARTESIAN_POINT('',(8.76416958406999,7.28588588364718,0.7));
#16926=CARTESIAN_POINT('',(8.76416958406999,6.68770138925199,0.7));
#16927=CARTESIAN_POINT('',(8.76416958406999,6.68770138925199,1.));
#16928=CARTESIAN_POINT('',(8.76416958406999,6.68770138925199,0.7));
#16929=CARTESIAN_POINT('',(8.76416958406999,7.28588588364718,1.));
#16930=CARTESIAN_POINT('',(8.76416958406999,6.68770138925199,1.));
#16931=CARTESIAN_POINT('',(8.76416958406999,7.28588588364718,0.7));
#16932=CARTESIAN_POINT('Origin',(9.2400773368724,7.76179363644958,0.7));
#16933=CARTESIAN_POINT('',(8.76416958406999,7.28588588364718,0.7));
#16934=CARTESIAN_POINT('',(8.76416958406999,7.28588588364718,1.));
#16935=CARTESIAN_POINT('Origin',(9.2400773368724,6.21179363644958,0.7));
#16936=CARTESIAN_POINT('',(9.2400773368724,6.21179363644958,1.));
#16937=CARTESIAN_POINT('',(11.76416958407,6.21179363644958,1.));
#16938=CARTESIAN_POINT('',(9.2400773368724,6.21179363644958,0.7));
#16939=CARTESIAN_POINT('',(9.2400773368724,6.21179363644958,0.7));
#16940=CARTESIAN_POINT('',(11.76416958407,6.21179363644958,0.7));
#16941=CARTESIAN_POINT('Origin',(8.76416958406999,6.68770138925199,0.7));
#16942=CARTESIAN_POINT('',(8.76416958406999,6.68770138925199,0.7));
#16943=CARTESIAN_POINT('',(8.76416958406999,6.68770138925199,1.));
#16944=CARTESIAN_POINT('Origin',(10.26416958407,6.98679363644958,1.));
#16945=CARTESIAN_POINT('Origin',(10.26416958407,6.98679363644958,0.7));
#16946=CARTESIAN_POINT('Origin',(9.66416958407,0.986793636449583,0.3));
#16947=CARTESIAN_POINT('',(8.91416958407,0.986793636449583,0.3));
#16948=CARTESIAN_POINT('Origin',(9.66416958407,0.986793636449583,0.3));
#16949=CARTESIAN_POINT('',(9.41416958407,0.986793636449583,0.3));
#16950=CARTESIAN_POINT('Origin',(9.16416958407,0.986793636449583,0.3));
#16951=CARTESIAN_POINT('Origin',(9.66416958407,0.986793636449583,0.3));
#16952=CARTESIAN_POINT('Origin',(9.66416958407,0.986793636449583,0.3));
#16953=CARTESIAN_POINT('Origin',(9.66416958407,6.98679363644958,0.3));
#16954=CARTESIAN_POINT('',(8.91416958407,6.98679363644958,0.3));
#16955=CARTESIAN_POINT('Origin',(9.66416958407,6.98679363644958,0.3));
#16956=CARTESIAN_POINT('',(9.41416958407,6.98679363644958,0.3));
#16957=CARTESIAN_POINT('Origin',(9.16416958407,6.98679363644958,0.3));
#16958=CARTESIAN_POINT('Origin',(9.66416958407,6.98679363644958,0.3));
#16959=CARTESIAN_POINT('Origin',(9.66416958407,6.98679363644958,0.3));
#16960=CARTESIAN_POINT('Origin',(9.66416958407,-1.01320636355042,0.3));
#16961=CARTESIAN_POINT('',(8.91416958407,-1.01320636355042,0.3));
#16962=CARTESIAN_POINT('Origin',(9.66416958407,-1.01320636355042,0.3));
#16963=CARTESIAN_POINT('',(9.41416958407,-1.01320636355042,0.3));
#16964=CARTESIAN_POINT('Origin',(9.16416958407,-1.01320636355042,0.3));
#16965=CARTESIAN_POINT('Origin',(9.66416958407,-1.01320636355042,0.3));
#16966=CARTESIAN_POINT('Origin',(9.66416958407,-1.01320636355042,0.3));
#16967=CARTESIAN_POINT('Origin',(9.66416958407,2.98679363644958,0.3));
#16968=CARTESIAN_POINT('',(8.91416958407,2.98679363644958,0.3));
#16969=CARTESIAN_POINT('Origin',(9.66416958407,2.98679363644958,0.3));
#16970=CARTESIAN_POINT('',(9.41416958407,2.98679363644958,0.3));
#16971=CARTESIAN_POINT('Origin',(9.16416958407,2.98679363644958,0.3));
#16972=CARTESIAN_POINT('Origin',(9.66416958407,2.98679363644958,0.3));
#16973=CARTESIAN_POINT('Origin',(9.66416958407,2.98679363644958,0.3));
#16974=CARTESIAN_POINT('Origin',(9.66416958407,4.98679363644958,0.3));
#16975=CARTESIAN_POINT('',(8.91416958407,4.98679363644958,0.3));
#16976=CARTESIAN_POINT('Origin',(9.66416958407,4.98679363644958,0.3));
#16977=CARTESIAN_POINT('',(9.41416958407,4.98679363644958,0.3));
#16978=CARTESIAN_POINT('Origin',(9.16416958407,4.98679363644958,0.3));
#16979=CARTESIAN_POINT('Origin',(9.66416958407,4.98679363644958,0.3));
#16980=CARTESIAN_POINT('Origin',(9.66416958407,4.98679363644958,0.3));
#16981=CARTESIAN_POINT('Origin',(9.66416958407,-3.01320636355042,0.3));
#16982=CARTESIAN_POINT('',(8.91416958407,-3.01320636355042,0.3));
#16983=CARTESIAN_POINT('Origin',(9.66416958407,-3.01320636355042,0.3));
#16984=CARTESIAN_POINT('',(9.41416958407,-3.01320636355042,0.3));
#16985=CARTESIAN_POINT('Origin',(9.16416958407,-3.01320636355042,0.3));
#16986=CARTESIAN_POINT('Origin',(9.66416958407,-3.01320636355042,0.3));
#16987=CARTESIAN_POINT('Origin',(9.66416958407,-3.01320636355042,0.3));
#16988=UNCERTAINTY_MEASURE_WITH_UNIT(LENGTH_MEASURE(0.01),#16992,
'DISTANCE_ACCURACY_VALUE',
'Maximum model space distance between geometric entities at asserted c
onnectivities');
#16989=UNCERTAINTY_MEASURE_WITH_UNIT(LENGTH_MEASURE(0.01),#16992,
'DISTANCE_ACCURACY_VALUE',
'Maximum model space distance between geometric entities at asserted c
onnectivities');
#16990=(
GEOMETRIC_REPRESENTATION_CONTEXT(3)
GLOBAL_UNCERTAINTY_ASSIGNED_CONTEXT((#16988))
GLOBAL_UNIT_ASSIGNED_CONTEXT((#16992,#16994,#16995))
REPRESENTATION_CONTEXT('','3D')
);
#16991=(
GEOMETRIC_REPRESENTATION_CONTEXT(3)
GLOBAL_UNCERTAINTY_ASSIGNED_CONTEXT((#16989))
GLOBAL_UNIT_ASSIGNED_CONTEXT((#16992,#16994,#16995))
REPRESENTATION_CONTEXT('','3D')
);
#16992=(
LENGTH_UNIT()
NAMED_UNIT(*)
SI_UNIT(.MILLI.,.METRE.)
);
#16993=(
LENGTH_UNIT()
NAMED_UNIT(*)
SI_UNIT($,.METRE.)
);
#16994=(
NAMED_UNIT(*)
PLANE_ANGLE_UNIT()
SI_UNIT($,.RADIAN.)
);
#16995=(
NAMED_UNIT(*)
SI_UNIT($,.STERADIAN.)
SOLID_ANGLE_UNIT()
);
#16996=SHAPE_DEFINITION_REPRESENTATION(#16997,#16998);
#16997=PRODUCT_DEFINITION_SHAPE('',$,#17000);
#16998=SHAPE_REPRESENTATION('',(#9245),#16990);
#16999=PRODUCT_DEFINITION_CONTEXT('part definition',#17004,'design');
#17000=PRODUCT_DEFINITION('Switch Analog','Switch Analog v2',#17001,#16999);
#17001=PRODUCT_DEFINITION_FORMATION('',$,#17006);
#17002=PRODUCT_RELATED_PRODUCT_CATEGORY('Switch Analog v2',
'Switch Analog v2',(#17006));
#17003=APPLICATION_PROTOCOL_DEFINITION('international standard',
'automotive_design',2009,#17004);
#17004=APPLICATION_CONTEXT(
'Core Data for Automotive Mechanical Design Process');
#17005=PRODUCT_CONTEXT('part definition',#17004,'mechanical');
#17006=PRODUCT('Switch Analog','Switch Analog v2',$,(#17005));
#17007=PRESENTATION_STYLE_ASSIGNMENT((#17011));
#17008=PRESENTATION_STYLE_ASSIGNMENT((#17012));
#17009=PRESENTATION_STYLE_ASSIGNMENT((#17013));
#17010=PRESENTATION_STYLE_ASSIGNMENT((#17014));
#17011=SURFACE_STYLE_USAGE(.BOTH.,#17015);
#17012=SURFACE_STYLE_USAGE(.BOTH.,#17016);
#17013=SURFACE_STYLE_USAGE(.BOTH.,#17017);
#17014=SURFACE_STYLE_USAGE(.BOTH.,#17018);
#17015=SURFACE_SIDE_STYLE('',(#17019));
#17016=SURFACE_SIDE_STYLE('',(#17020));
#17017=SURFACE_SIDE_STYLE('',(#17021));
#17018=SURFACE_SIDE_STYLE('',(#17022));
#17019=SURFACE_STYLE_FILL_AREA(#17023);
#17020=SURFACE_STYLE_FILL_AREA(#17024);
#17021=SURFACE_STYLE_FILL_AREA(#17025);
#17022=SURFACE_STYLE_FILL_AREA(#17026);
#17023=FILL_AREA_STYLE('Steel - Satin',(#17027));
#17024=FILL_AREA_STYLE('Aluminum - Satin',(#17028));
#17025=FILL_AREA_STYLE('FR4',(#17029));
#17026=FILL_AREA_STYLE('Nylon 12 (with Formlabs Fuse 1 3D Printer)',(#17030));
#17027=FILL_AREA_STYLE_COLOUR('Steel - Satin',#17031);
#17028=FILL_AREA_STYLE_COLOUR('Aluminum - Satin',#17032);
#17029=FILL_AREA_STYLE_COLOUR('FR4',#17033);
#17030=FILL_AREA_STYLE_COLOUR(
'Nylon 12 (with Formlabs Fuse 1 3D Printer)',#17034);
#17031=COLOUR_RGB('Steel - Satin',0.627450980392157,0.627450980392157,0.627450980392157);
#17032=COLOUR_RGB('Aluminum - Satin',0.96078431372549,0.96078431372549,
0.964705882352941);
#17033=COLOUR_RGB('FR4',0.266666666666667,0.466666666666667,0.4);
#17034=COLOUR_RGB('Nylon 12 (with Formlabs Fuse 1 3D Printer)',0.247058823529412,
0.247058823529412,0.247058823529412);
ENDSEC;
END-ISO-10303-21;
